station_id,year,day_type,cluster_name,trip_starts,trip_ends,net_change,active_station_hours
7000,2022,Weekday,Residential & Inner-Suburban Feeder,15609,14910,-699,4683
7000,2022,Weekend,Residential & Inner-Suburban Feeder,6562,6575,13,1934
7000,2023,Weekday,Residential & Inner-Suburban Feeder,19551,17397,-2154,4903
7000,2023,Weekend,Residential & Inner-Suburban Feeder,6922,6794,-128,2044
7000,2024,Weekday,Residential & Inner-Suburban Feeder,23120,21707,-1413,5013
7000,2024,Weekend,Residential & Inner-Suburban Feeder,7653,7922,269,2077
7000,2025,Weekday,Residential & Inner-Suburban Feeder,23885,22878,-1007,4938
7000,2025,Weekend,Residential & Inner-Suburban Feeder,8753,8944,191,2073
7001,2022,Weekday,Commercial & Employment Core,11096,10990,-106,4677
7001,2022,Weekend,Commercial & Employment Core,4127,4061,-66,1838
7001,2023,Weekday,Commercial & Employment Core,14232,13442,-790,4838
7001,2023,Weekend,Commercial & Employment Core,4872,4631,-241,1897
7001,2024,Weekday,Commercial & Employment Core,21378,18039,-3339,5380
7001,2024,Weekend,Commercial & Employment Core,7426,5869,-1557,2156
7001,2025,Weekday,Commercial & Employment Core,21524,17055,-4469,5160
7001,2025,Weekend,Commercial & Employment Core,8527,6348,-2179,2102
7002,2022,Weekday,Commercial & Employment Core,16152,15976,-176,4557
7002,2022,Weekend,Commercial & Employment Core,4701,4592,-109,1771
7002,2023,Weekday,Commercial & Employment Core,22572,22251,-321,5008
7002,2023,Weekend,Commercial & Employment Core,6047,6000,-47,2018
7002,2024,Weekday,Commercial & Employment Core,26106,25877,-229,5111
7002,2024,Weekend,Commercial & Employment Core,7119,7069,-50,2059
7002,2025,Weekday,Commercial & Employment Core,23085,23638,553,4778
7002,2025,Weekend,Commercial & Employment Core,6269,6317,48,1884
7003,2022,Weekday,Commercial & Employment Core,6573,5842,-731,3685
7003,2022,Weekend,Commercial & Employment Core,2834,2390,-444,1487
7003,2023,Weekday,Commercial & Employment Core,6096,5780,-316,3718
7003,2023,Weekend,Commercial & Employment Core,2058,1874,-184,1408
7003,2024,Weekday,Commercial & Employment Core,6835,5890,-945,3905
7003,2024,Weekend,Commercial & Employment Core,2329,2118,-211,1495
7003,2025,Weekday,Commercial & Employment Core,5390,4632,-758,3312
7003,2025,Weekend,Commercial & Employment Core,1997,1869,-128,1304
7004,2022,Weekday,Commercial & Employment Core,5450,5087,-363,3587
7004,2022,Weekend,Commercial & Employment Core,1270,1209,-61,1153
7004,2023,Weekday,Commercial & Employment Core,6224,5703,-521,3620
7004,2023,Weekend,Commercial & Employment Core,1345,1309,-36,1218
7005,2022,Weekday,Commuter-Heavy Transit Hub,8443,8584,141,3816
7005,2022,Weekend,Commuter-Heavy Transit Hub,1859,1734,-125,1225
7005,2023,Weekday,Commuter-Heavy Transit Hub,10726,10614,-112,3938
7005,2023,Weekend,Commuter-Heavy Transit Hub,1725,1794,69,1352
7005,2024,Weekday,Commuter-Heavy Transit Hub,7390,7644,254,3441
7005,2024,Weekend,Commuter-Heavy Transit Hub,984,1030,46,991
7005,2025,Weekday,Commuter-Heavy Transit Hub,4496,4863,367,2300
7005,2025,Weekend,Commuter-Heavy Transit Hub,648,681,33,640
7006,2022,Weekday,Commercial & Employment Core,24533,24486,-47,5015
7006,2022,Weekend,Commercial & Employment Core,7328,7472,144,2059
7006,2023,Weekday,Commercial & Employment Core,33212,33561,349,5391
7006,2023,Weekend,Commercial & Employment Core,9186,9420,234,2168
7006,2024,Weekday,Commercial & Employment Core,40842,40709,-133,5513
7006,2024,Weekend,Commercial & Employment Core,10518,10448,-70,2190
7006,2025,Weekday,Commercial & Employment Core,31359,31072,-287,4553
7006,2025,Weekend,Commercial & Employment Core,8171,8207,36,1855
7007,2022,Weekday,Commercial & Employment Core,17378,17383,5,4852
7007,2022,Weekend,Commercial & Employment Core,5880,5744,-136,1918
7007,2023,Weekday,Commercial & Employment Core,21186,21014,-172,5247
7007,2023,Weekend,Commercial & Employment Core,6984,6876,-108,2102
7007,2024,Weekday,Commercial & Employment Core,25917,25844,-73,5446
7007,2024,Weekend,Commercial & Employment Core,8106,8110,4,2210
7007,2025,Weekday,Commercial & Employment Core,23652,23959,307,5178
7007,2025,Weekend,Commercial & Employment Core,6750,6890,140,2025
7008,2022,Weekday,Commercial & Employment Core,6742,6222,-520,3577
7008,2022,Weekend,Commercial & Employment Core,2164,1904,-260,1272
7008,2023,Weekday,Commercial & Employment Core,6957,6689,-268,3915
7008,2023,Weekend,Commercial & Employment Core,1892,1785,-107,1301
7008,2024,Weekday,Commercial & Employment Core,9132,9054,-78,4270
7008,2024,Weekend,Commercial & Employment Core,2316,2220,-96,1473
7008,2025,Weekday,Commercial & Employment Core,9572,9714,142,4216
7008,2025,Weekend,Commercial & Employment Core,2286,2357,71,1442
7009,2022,Weekday,Commercial & Employment Core,6666,8364,1698,3683
7009,2022,Weekend,Commercial & Employment Core,3500,4718,1218,1559
7009,2023,Weekday,Commercial & Employment Core,8005,10109,2104,4180
7009,2023,Weekend,Commercial & Employment Core,3714,4976,1262,1755
7009,2024,Weekday,Commercial & Employment Core,9450,11059,1609,4330
7009,2024,Weekend,Commercial & Employment Core,4394,5566,1172,1818
7009,2025,Weekday,Commercial & Employment Core,13370,15378,2008,4322
7009,2025,Weekend,Commercial & Employment Core,6133,7802,1669,1832
7010,2022,Weekday,Commercial & Employment Core,3542,4019,477,2789
7010,2022,Weekend,Commercial & Employment Core,1699,1795,96,1169
7010,2023,Weekday,Commercial & Employment Core,4855,5525,670,3485
7010,2023,Weekend,Commercial & Employment Core,2056,2092,36,1433
7010,2024,Weekday,Commercial & Employment Core,6894,7349,455,3943
7010,2024,Weekend,Commercial & Employment Core,2994,2879,-115,1647
7010,2025,Weekday,Commercial & Employment Core,8707,9063,356,3923
7010,2025,Weekend,Commercial & Employment Core,3241,3381,140,1627
7011,2022,Weekday,Commercial & Employment Core,4015,4185,170,2041
7011,2022,Weekend,Commercial & Employment Core,1526,1538,12,828
7012,2022,Weekday,Commercial & Employment Core,11384,12118,734,4407
7012,2022,Weekend,Commercial & Employment Core,3601,3816,215,1643
7012,2023,Weekday,Commercial & Employment Core,14636,15438,802,4899
7012,2023,Weekend,Commercial & Employment Core,4544,4939,395,1908
7012,2024,Weekday,Commercial & Employment Core,11736,12685,949,4783
7012,2024,Weekend,Commercial & Employment Core,3110,3588,478,1850
7012,2025,Weekday,Commercial & Employment Core,11744,11833,89,4151
7012,2025,Weekend,Commercial & Employment Core,3282,3538,256,1649
7013,2022,Weekday,Commercial & Employment Core,5341,5942,601,2420
7013,2022,Weekend,Commercial & Employment Core,2185,2549,364,994
7013,2023,Weekday,Commercial & Employment Core,181,199,18,173
7013,2023,Weekend,Commercial & Employment Core,90,99,9,89
7013,2024,Weekday,Commercial & Employment Core,11799,12155,356,4539
7013,2024,Weekend,Commercial & Employment Core,4145,4356,211,1859
7013,2025,Weekday,Commercial & Employment Core,11997,12413,416,4454
7013,2025,Weekend,Commercial & Employment Core,4356,4675,319,1805
7014,2022,Weekday,Commercial & Employment Core,10891,10651,-240,4540
7014,2022,Weekend,Commercial & Employment Core,4156,4371,215,1837
7014,2023,Weekday,Commercial & Employment Core,11453,11423,-30,4568
7014,2023,Weekend,Commercial & Employment Core,4021,4065,44,1892
7014,2024,Weekday,Commercial & Employment Core,12838,12797,-41,5040
7014,2024,Weekend,Commercial & Employment Core,4635,4669,34,2033
7014,2025,Weekday,Commercial & Employment Core,13619,13872,253,4946
7014,2025,Weekend,Commercial & Employment Core,5633,5750,117,2031
7015,2022,Weekday,Commuter-Heavy Transit Hub,9885,20195,10310,3826
7015,2022,Weekend,Commuter-Heavy Transit Hub,1312,1336,24,1064
7015,2023,Weekday,Commuter-Heavy Transit Hub,22167,49531,27364,4474
7015,2023,Weekend,Commuter-Heavy Transit Hub,1727,1687,-40,1321
7015,2024,Weekday,Commuter-Heavy Transit Hub,26387,59347,32960,4600
7015,2024,Weekend,Commuter-Heavy Transit Hub,1775,1846,71,1410
7015,2025,Weekday,Commuter-Heavy Transit Hub,29075,59899,30824,4531
7015,2025,Weekend,Commuter-Heavy Transit Hub,1747,1921,174,1299
7016,2022,Weekday,Leisure & Waterfront,16335,16904,569,4199
7016,2022,Weekend,Leisure & Waterfront,10140,10466,326,1743
7016,2023,Weekday,Leisure & Waterfront,18438,18621,183,4606
7016,2023,Weekend,Leisure & Waterfront,8397,8797,400,1871
7016,2024,Weekday,Leisure & Waterfront,21691,22419,728,4779
7016,2024,Weekend,Leisure & Waterfront,9097,10071,974,1919
7016,2025,Weekday,Leisure & Waterfront,22526,22990,464,4604
7016,2025,Weekend,Leisure & Waterfront,9721,10930,1209,1879
7017,2022,Weekday,Commercial & Employment Core,9231,9602,371,2874
7017,2022,Weekend,Commercial & Employment Core,3631,3712,81,1166
7017,2023,Weekday,Commercial & Employment Core,583,602,19,353
7017,2023,Weekend,Commercial & Employment Core,215,195,-20,145
7017,2024,Weekday,Commercial & Employment Core,25026,24951,-75,5204
7017,2024,Weekend,Commercial & Employment Core,8015,8048,33,2078
7017,2025,Weekday,Commercial & Employment Core,31061,31509,448,5326
7017,2025,Weekend,Commercial & Employment Core,10332,10595,263,2156
7018,2022,Weekday,Leisure & Waterfront,9918,10198,280,3494
7018,2022,Weekend,Leisure & Waterfront,5881,5818,-63,1508
7018,2023,Weekday,Leisure & Waterfront,8523,10286,1763,3837
7018,2023,Weekend,Leisure & Waterfront,3926,3970,44,1545
7018,2024,Weekday,Leisure & Waterfront,12225,13020,795,4162
7018,2024,Weekend,Leisure & Waterfront,4924,5047,123,1714
7018,2025,Weekday,Leisure & Waterfront,16292,19340,3048,4310
7018,2025,Weekend,Leisure & Waterfront,6494,7068,574,1711
7019,2022,Weekday,Commuter-Heavy Transit Hub,3586,4393,807,2127
7019,2022,Weekend,Commuter-Heavy Transit Hub,855,924,69,674
7019,2023,Weekday,Commuter-Heavy Transit Hub,2489,2391,-98,1153
7019,2023,Weekend,Commuter-Heavy Transit Hub,388,516,128,377
7019,2024,Weekday,Commuter-Heavy Transit Hub,23535,30037,6502,4542
7019,2024,Weekend,Commuter-Heavy Transit Hub,2367,2399,32,1482
7019,2025,Weekday,Commuter-Heavy Transit Hub,31839,44186,12347,4737
7019,2025,Weekend,Commuter-Heavy Transit Hub,2444,2553,109,1421
7020,2022,Weekday,Commercial & Employment Core,10644,13443,2799,4181
7020,2022,Weekend,Commercial & Employment Core,4125,5184,1059,1628
7020,2023,Weekday,Commercial & Employment Core,8734,13116,4382,4513
7020,2023,Weekend,Commercial & Employment Core,2623,4249,1626,1673
7020,2024,Weekday,Commercial & Employment Core,8769,11766,2997,4467
7020,2024,Weekend,Commercial & Employment Core,2699,3974,1275,1651
7020,2025,Weekday,Commercial & Employment Core,7384,9393,2009,4172
7020,2025,Weekend,Commercial & Employment Core,2338,3085,747,1573
7021,2022,Weekday,Commercial & Employment Core,10140,10832,692,3903
7021,2022,Weekend,Commercial & Employment Core,4055,4554,499,1422
7021,2023,Weekday,Commercial & Employment Core,13011,14454,1443,4283
7021,2023,Weekend,Commercial & Employment Core,3765,4432,667,1581
7021,2024,Weekday,Commercial & Employment Core,14495,15430,935,4280
7021,2024,Weekend,Commercial & Employment Core,3627,4338,711,1631
7021,2025,Weekday,Commercial & Employment Core,17797,18792,995,4315
7021,2025,Weekend,Commercial & Employment Core,4954,5691,737,1573
7022,2022,Weekday,Commercial & Employment Core,16317,18599,2282,4911
7022,2022,Weekend,Commercial & Employment Core,6195,6725,530,1936
7022,2023,Weekday,Commercial & Employment Core,22524,27299,4775,5052
7022,2023,Weekend,Commercial & Employment Core,8073,8925,852,2130
7022,2024,Weekday,Commercial & Employment Core,20622,21731,1109,5051
7022,2024,Weekend,Commercial & Employment Core,6377,6765,388,2046
7022,2025,Weekday,Commercial & Employment Core,14953,15800,847,3710
7022,2025,Weekend,Commercial & Employment Core,4820,4982,162,1496
7023,2022,Weekday,Commercial & Employment Core,7932,8212,280,4065
7023,2022,Weekend,Commercial & Employment Core,3436,3374,-62,1673
7023,2023,Weekday,Commercial & Employment Core,9184,9118,-66,4521
7023,2023,Weekend,Commercial & Employment Core,3529,3325,-204,1739
7023,2024,Weekday,Commercial & Employment Core,12136,12276,140,4738
7023,2024,Weekend,Commercial & Employment Core,4624,4553,-71,1887
7023,2025,Weekday,Commercial & Employment Core,13504,13649,145,4706
7023,2025,Weekend,Commercial & Employment Core,5454,5469,15,1848
7024,2022,Weekday,Commercial & Employment Core,8334,4355,-3979,3834
7024,2022,Weekend,Commercial & Employment Core,3178,1935,-1243,1475
7024,2023,Weekday,Commercial & Employment Core,10682,5350,-5332,4305
7024,2023,Weekend,Commercial & Employment Core,3963,2238,-1725,1684
7024,2024,Weekday,Commercial & Employment Core,12762,5086,-7676,4534
7024,2024,Weekend,Commercial & Employment Core,3962,2086,-1876,1835
7024,2025,Weekday,Commercial & Employment Core,11340,4812,-6528,4137
7024,2025,Weekend,Commercial & Employment Core,3886,1832,-2054,1679
7025,2022,Weekday,Commercial & Employment Core,6722,4206,-2516,3445
7025,2022,Weekend,Commercial & Employment Core,2378,1648,-730,1340
7025,2023,Weekday,Commercial & Employment Core,11256,6560,-4696,4189
7025,2023,Weekend,Commercial & Employment Core,3585,2100,-1485,1636
7025,2024,Weekday,Commercial & Employment Core,11527,7290,-4237,4399
7025,2024,Weekend,Commercial & Employment Core,3295,1999,-1296,1712
7025,2025,Weekday,Commercial & Employment Core,11298,8091,-3207,4365
7025,2025,Weekend,Commercial & Employment Core,3033,2277,-756,1643
7026,2022,Weekday,Commercial & Employment Core,10983,10211,-772,4453
7026,2022,Weekend,Commercial & Employment Core,3824,3563,-261,1724
7026,2023,Weekday,Commercial & Employment Core,14701,13578,-1123,4917
7026,2023,Weekend,Commercial & Employment Core,4874,4670,-204,1968
7026,2024,Weekday,Commercial & Employment Core,13359,12281,-1078,4831
7026,2024,Weekend,Commercial & Employment Core,4234,3998,-236,1876
7026,2025,Weekday,Commercial & Employment Core,13061,12735,-326,4667
7026,2025,Weekend,Commercial & Employment Core,4606,4639,33,1881
7027,2022,Weekday,Commercial & Employment Core,13807,14251,444,4518
7027,2022,Weekend,Commercial & Employment Core,6149,6387,238,1845
7027,2023,Weekday,Commercial & Employment Core,16565,17180,615,5056
7027,2023,Weekend,Commercial & Employment Core,6633,7122,489,2029
7027,2024,Weekday,Commercial & Employment Core,19748,20291,543,5151
7027,2024,Weekend,Commercial & Employment Core,7864,8502,638,2096
7027,2025,Weekday,Commercial & Employment Core,17556,17782,226,5021
7027,2025,Weekend,Commercial & Employment Core,7513,8099,586,2011
7028,2022,Weekday,Commercial & Employment Core,11713,11726,13,4534
7028,2022,Weekend,Commercial & Employment Core,3831,3784,-47,1761
7028,2023,Weekday,Commercial & Employment Core,13051,13617,566,4773
7028,2023,Weekend,Commercial & Employment Core,3956,3853,-103,1880
7028,2024,Weekday,Commercial & Employment Core,18336,17899,-437,5048
7028,2024,Weekend,Commercial & Employment Core,5505,5405,-100,2057
7028,2025,Weekday,Commercial & Employment Core,20750,18749,-2001,5092
7028,2025,Weekend,Commercial & Employment Core,6184,5813,-371,2014
7029,2022,Weekday,Commercial & Employment Core,9322,9048,-274,3843
7029,2022,Weekend,Commercial & Employment Core,3820,3669,-151,1477
7029,2023,Weekday,Commercial & Employment Core,11442,10616,-826,4298
7029,2023,Weekend,Commercial & Employment Core,4432,4244,-188,1634
7029,2024,Weekday,Commercial & Employment Core,13574,13579,5,4418
7029,2024,Weekend,Commercial & Employment Core,4965,4928,-37,1676
7029,2025,Weekday,Commercial & Employment Core,13957,14169,212,4165
7029,2025,Weekend,Commercial & Employment Core,5546,5755,209,1581
7030,2022,Weekday,Commercial & Employment Core,19013,13418,-5595,4805
7030,2022,Weekend,Commercial & Employment Core,6705,4725,-1980,1907
7030,2023,Weekday,Commercial & Employment Core,26876,19056,-7820,5171
7030,2023,Weekend,Commercial & Employment Core,9489,5917,-3572,2099
7030,2024,Weekday,Commercial & Employment Core,31682,20037,-11645,5379
7030,2024,Weekend,Commercial & Employment Core,10120,6483,-3637,2145
7030,2025,Weekday,Commercial & Employment Core,27084,19309,-7775,5215
7030,2025,Weekend,Commercial & Employment Core,9124,6525,-2599,2065
7031,2022,Weekday,Commercial & Employment Core,5936,4102,-1834,3710
7031,2022,Weekend,Commercial & Employment Core,2261,1425,-836,1361
7031,2023,Weekday,Commercial & Employment Core,8101,5829,-2272,4267
7031,2023,Weekend,Commercial & Employment Core,2818,1761,-1057,1615
7031,2024,Weekday,Commercial & Employment Core,8041,6232,-1809,4229
7031,2024,Weekend,Commercial & Employment Core,2641,2039,-602,1645
7031,2025,Weekday,Commercial & Employment Core,8961,6952,-2009,4259
7031,2025,Weekend,Commercial & Employment Core,2472,1934,-538,1577
7032,2022,Weekday,Commercial & Employment Core,8044,8259,215,3875
7032,2022,Weekend,Commercial & Employment Core,4021,4156,135,1631
7032,2023,Weekday,Commercial & Employment Core,9813,10064,251,4381
7032,2023,Weekend,Commercial & Employment Core,4654,4728,74,1866
7032,2024,Weekday,Commercial & Employment Core,11949,11897,-52,4920
7032,2024,Weekend,Commercial & Employment Core,5258,5361,103,1971
7032,2025,Weekday,Commercial & Employment Core,11088,11240,152,4676
7032,2025,Weekend,Commercial & Employment Core,4881,5013,132,1892
7033,2022,Weekday,Commercial & Employment Core,17499,24656,7157,4954
7033,2022,Weekend,Commercial & Employment Core,5901,7220,1319,1891
7033,2023,Weekday,Commercial & Employment Core,28869,41556,12687,5441
7033,2023,Weekend,Commercial & Employment Core,7639,10224,2585,2168
7033,2024,Weekday,Commercial & Employment Core,33454,42687,9233,5617
7033,2024,Weekend,Commercial & Employment Core,8566,11207,2641,2189
7033,2025,Weekday,Commercial & Employment Core,22964,26139,3175,5362
7033,2025,Weekend,Commercial & Employment Core,6851,7692,841,2021
7034,2022,Weekday,Commercial & Employment Core,9137,8441,-696,3971
7034,2022,Weekend,Commercial & Employment Core,2927,2714,-213,1484
7034,2023,Weekday,Commercial & Employment Core,12298,11700,-598,4544
7034,2023,Weekend,Commercial & Employment Core,3357,3228,-129,1707
7034,2024,Weekday,Commercial & Employment Core,13658,13689,31,4682
7034,2024,Weekend,Commercial & Employment Core,3412,3453,41,1701
7034,2025,Weekday,Commercial & Employment Core,13810,14087,277,4544
7034,2025,Weekend,Commercial & Employment Core,3455,3570,115,1667
7035,2022,Weekday,Commercial & Employment Core,9074,10053,979,4118
7035,2022,Weekend,Commercial & Employment Core,4126,4441,315,1682
7035,2023,Weekday,Commercial & Employment Core,9010,10059,1049,4502
7035,2023,Weekend,Commercial & Employment Core,3481,4039,558,1804
7035,2024,Weekday,Commercial & Employment Core,10220,11389,1169,4434
7035,2024,Weekend,Commercial & Employment Core,3617,4238,621,1777
7035,2025,Weekday,Commercial & Employment Core,11837,12314,477,4373
7035,2025,Weekend,Commercial & Employment Core,4346,4583,237,1724
7036,2022,Weekday,Leisure & Waterfront,4351,4594,243,2915
7036,2022,Weekend,Leisure & Waterfront,2509,2509,0,1232
7036,2023,Weekday,Leisure & Waterfront,3486,3774,288,2945
7036,2023,Weekend,Leisure & Waterfront,1711,1840,129,1244
7036,2024,Weekday,Leisure & Waterfront,4841,5239,398,3416
7036,2024,Weekend,Leisure & Waterfront,1967,2171,204,1271
7036,2025,Weekday,Leisure & Waterfront,6305,6424,119,3390
7036,2025,Weekend,Leisure & Waterfront,2489,2640,151,1291
7037,2022,Weekday,Commercial & Employment Core,11185,10909,-276,4560
7037,2022,Weekend,Commercial & Employment Core,3980,3899,-81,1840
7037,2023,Weekday,Commercial & Employment Core,11207,10979,-228,4329
7037,2023,Weekend,Commercial & Employment Core,3420,3197,-223,1714
7037,2024,Weekday,Commercial & Employment Core,13457,13563,106,4918
7037,2024,Weekend,Commercial & Employment Core,3886,3671,-215,1908
7037,2025,Weekday,Commercial & Employment Core,15766,15657,-109,4933
7037,2025,Weekend,Commercial & Employment Core,4995,5051,56,1953
7038,2022,Weekday,Commercial & Employment Core,17248,18353,1105,4570
7038,2022,Weekend,Commercial & Employment Core,7737,8147,410,1872
7038,2023,Weekday,Commercial & Employment Core,23601,25306,1705,5021
7038,2023,Weekend,Commercial & Employment Core,9123,10130,1007,2032
7038,2024,Weekday,Commercial & Employment Core,23093,24305,1212,4987
7038,2024,Weekend,Commercial & Employment Core,7719,8573,854,1995
7038,2025,Weekday,Commercial & Employment Core,23390,23953,563,4764
7038,2025,Weekend,Commercial & Employment Core,8308,8984,676,1920
7039,2022,Weekday,Commercial & Employment Core,3695,3775,80,3190
7039,2022,Weekend,Commercial & Employment Core,1148,1154,6,1089
7039,2023,Weekday,Commercial & Employment Core,5633,5589,-44,3752
7039,2023,Weekend,Commercial & Employment Core,1448,1402,-46,1306
7039,2024,Weekday,Commercial & Employment Core,5920,5999,79,3913
7039,2024,Weekend,Commercial & Employment Core,1464,1404,-60,1318
7039,2025,Weekday,Commercial & Employment Core,6375,6357,-18,3867
7039,2025,Weekend,Commercial & Employment Core,1867,1936,69,1367
7040,2022,Weekday,Commercial & Employment Core,6828,6465,-363,3643
7040,2022,Weekend,Commercial & Employment Core,2995,2927,-68,1530
7040,2023,Weekday,Commercial & Employment Core,6853,6533,-320,3717
7040,2023,Weekend,Commercial & Employment Core,2729,2643,-86,1587
7040,2024,Weekday,Commercial & Employment Core,7352,6678,-674,3888
7040,2024,Weekend,Commercial & Employment Core,2908,2715,-193,1578
7040,2025,Weekday,Commercial & Employment Core,8160,7300,-860,3871
7040,2025,Weekend,Commercial & Employment Core,3342,3109,-233,1566
7041,2022,Weekday,Commercial & Employment Core,11695,11882,187,4237
7041,2022,Weekend,Commercial & Employment Core,4128,4158,30,1722
7041,2023,Weekday,Commercial & Employment Core,18260,18562,302,5074
7041,2023,Weekend,Commercial & Employment Core,6236,6459,223,2055
7041,2024,Weekday,Commercial & Employment Core,14039,14019,-20,4978
7041,2024,Weekend,Commercial & Employment Core,4262,4211,-51,1983
7041,2025,Weekday,Commercial & Employment Core,17183,17093,-90,4950
7041,2025,Weekend,Commercial & Employment Core,5944,5949,5,1884
7042,2022,Weekday,Commercial & Employment Core,10961,8425,-2536,3944
7042,2022,Weekend,Commercial & Employment Core,3880,2832,-1048,1525
7042,2023,Weekday,Commercial & Employment Core,19005,11585,-7420,4831
7042,2023,Weekend,Commercial & Employment Core,5899,3779,-2120,1921
7042,2024,Weekday,Commercial & Employment Core,16941,11645,-5296,5020
7042,2024,Weekend,Commercial & Employment Core,5956,4238,-1718,2000
7042,2025,Weekday,Commercial & Employment Core,15561,11358,-4203,4833
7042,2025,Weekend,Commercial & Employment Core,5681,4026,-1655,1981
7043,2022,Weekday,Leisure & Waterfront,11930,12622,692,4127
7043,2022,Weekend,Leisure & Waterfront,8009,8286,277,1713
7043,2023,Weekday,Leisure & Waterfront,11921,12168,247,4332
7043,2023,Weekend,Leisure & Waterfront,5963,6062,99,1852
7043,2024,Weekday,Leisure & Waterfront,14577,15369,792,4560
7043,2024,Weekend,Leisure & Waterfront,6641,7202,561,1918
7043,2025,Weekday,Leisure & Waterfront,16487,16832,345,4519
7043,2025,Weekend,Leisure & Waterfront,8174,8122,-52,1889
7044,2022,Weekday,Commercial & Employment Core,10582,9212,-1370,4764
7044,2022,Weekend,Commercial & Employment Core,4309,3835,-474,1902
7044,2023,Weekday,Commercial & Employment Core,13184,10920,-2264,5189
7044,2023,Weekend,Commercial & Employment Core,5209,4409,-800,2079
7044,2024,Weekday,Commercial & Employment Core,18618,13379,-5239,5506
7044,2024,Weekend,Commercial & Employment Core,6925,5142,-1783,2214
7044,2025,Weekday,Commercial & Employment Core,20273,13813,-6460,5366
7044,2025,Weekend,Commercial & Employment Core,7477,5421,-2056,2107
7045,2022,Weekday,Commercial & Employment Core,8693,12271,3578,4305
7045,2022,Weekend,Commercial & Employment Core,2482,2933,451,1628
7045,2023,Weekday,Commercial & Employment Core,13222,23714,10492,4807
7045,2023,Weekend,Commercial & Employment Core,3022,3747,725,1895
7045,2024,Weekday,Commercial & Employment Core,19407,21333,1926,4977
7045,2024,Weekend,Commercial & Employment Core,3990,4584,594,1993
7045,2025,Weekday,Commercial & Employment Core,18660,19531,871,4839
7045,2025,Weekend,Commercial & Employment Core,3763,4241,478,1830
7046,2022,Weekday,Commercial & Employment Core,9443,10450,1007,4212
7046,2022,Weekend,Commercial & Employment Core,3736,4614,878,1641
7046,2023,Weekday,Commercial & Employment Core,12038,14608,2570,4682
7046,2023,Weekend,Commercial & Employment Core,4464,6133,1669,1833
7046,2024,Weekday,Commercial & Employment Core,13110,15496,2386,4776
7046,2024,Weekend,Commercial & Employment Core,3681,5136,1455,1865
7046,2025,Weekday,Commercial & Employment Core,13025,13963,938,4486
7046,2025,Weekend,Commercial & Employment Core,3350,4175,825,1651
7047,2022,Weekday,Commuter-Heavy Transit Hub,11973,15162,3189,4136
7047,2022,Weekend,Commuter-Heavy Transit Hub,1853,1913,60,1376
7047,2023,Weekday,Commuter-Heavy Transit Hub,17363,24569,7206,4399
7047,2023,Weekend,Commuter-Heavy Transit Hub,1872,1825,-47,1487
7047,2024,Weekday,Commuter-Heavy Transit Hub,25843,34222,8379,4645
7047,2024,Weekend,Commuter-Heavy Transit Hub,2713,2694,-19,1631
7047,2025,Weekday,Commuter-Heavy Transit Hub,26304,33481,7177,4292
7047,2025,Weekend,Commuter-Heavy Transit Hub,2947,3066,119,1530
7048,2022,Weekday,Commercial & Employment Core,5588,7170,1582,3458
7048,2022,Weekend,Commercial & Employment Core,2742,3176,434,1446
7048,2023,Weekday,Commercial & Employment Core,7471,11289,3818,4174
7048,2023,Weekend,Commercial & Employment Core,2462,3462,1000,1693
7048,2024,Weekday,Commercial & Employment Core,9306,12791,3485,4384
7048,2024,Weekend,Commercial & Employment Core,2603,3562,959,1683
7048,2025,Weekday,Commercial & Employment Core,12777,15638,2861,4394
7048,2025,Weekend,Commercial & Employment Core,3448,4752,1304,1731
7049,2022,Weekday,Commercial & Employment Core,8326,9340,1014,2606
7049,2022,Weekend,Commercial & Employment Core,3600,4031,431,1031
7049,2023,Weekday,Commercial & Employment Core,5522,5639,117,1749
7049,2023,Weekend,Commercial & Employment Core,2421,2344,-77,788
7049,2024,Weekday,Commercial & Employment Core,16680,17720,1040,4815
7049,2024,Weekend,Commercial & Employment Core,6684,6875,191,1977
7049,2025,Weekday,Commercial & Employment Core,17313,17833,520,4865
7049,2025,Weekend,Commercial & Employment Core,7009,7175,166,1962
7050,2022,Weekday,Commercial & Employment Core,3707,3032,-675,2881
7050,2022,Weekend,Commercial & Employment Core,1276,989,-287,922
7050,2023,Weekday,Commercial & Employment Core,5035,3791,-1244,3295
7050,2023,Weekend,Commercial & Employment Core,1548,1034,-514,1066
7050,2024,Weekday,Commercial & Employment Core,6519,4833,-1686,3658
7050,2024,Weekend,Commercial & Employment Core,1895,1082,-813,1194
7050,2025,Weekday,Commercial & Employment Core,6449,5100,-1349,3590
7050,2025,Weekend,Commercial & Employment Core,1916,1349,-567,1201
7052,2022,Weekday,Commuter-Heavy Transit Hub,9453,12071,2618,4109
7052,2022,Weekend,Commuter-Heavy Transit Hub,1504,1993,489,1212
7052,2023,Weekday,Commuter-Heavy Transit Hub,10502,14792,4290,4283
7052,2023,Weekend,Commuter-Heavy Transit Hub,1591,2206,615,1440
7052,2024,Weekday,Commuter-Heavy Transit Hub,15580,20357,4777,4600
7052,2024,Weekend,Commuter-Heavy Transit Hub,2331,2917,586,1588
7052,2025,Weekday,Commuter-Heavy Transit Hub,16594,18512,1918,4550
7052,2025,Weekend,Commuter-Heavy Transit Hub,2510,3371,861,1579
7053,2022,Weekday,Commuter-Heavy Transit Hub,6357,7134,777,3704
7053,2022,Weekend,Commuter-Heavy Transit Hub,1636,1847,211,1166
7053,2023,Weekday,Commuter-Heavy Transit Hub,8117,8576,459,3850
7053,2023,Weekend,Commuter-Heavy Transit Hub,1428,1569,141,1191
7053,2024,Weekday,Commuter-Heavy Transit Hub,9893,10081,188,4263
7053,2024,Weekend,Commuter-Heavy Transit Hub,1804,1793,-11,1329
7053,2025,Weekday,Commuter-Heavy Transit Hub,10037,10086,49,4045
7053,2025,Weekend,Commuter-Heavy Transit Hub,1809,1883,74,1336
7054,2022,Weekday,Commercial & Employment Core,8338,8399,61,4065
7054,2022,Weekend,Commercial & Employment Core,3532,3666,134,1630
7054,2023,Weekday,Commercial & Employment Core,9754,9762,8,4318
7054,2023,Weekend,Commercial & Employment Core,3759,3790,31,1814
7054,2024,Weekday,Commercial & Employment Core,11195,11182,-13,4516
7054,2024,Weekend,Commercial & Employment Core,3711,3832,121,1830
7054,2025,Weekday,Commercial & Employment Core,9873,11265,1392,4435
7054,2025,Weekend,Commercial & Employment Core,3429,3874,445,1781
7055,2022,Weekday,Commercial & Employment Core,8966,8198,-768,4509
7055,2022,Weekend,Commercial & Employment Core,3736,3512,-224,1787
7055,2023,Weekday,Commercial & Employment Core,9942,9677,-265,4771
7055,2023,Weekend,Commercial & Employment Core,3964,4016,52,1979
7055,2024,Weekday,Commercial & Employment Core,11439,11307,-132,5008
7055,2024,Weekend,Commercial & Employment Core,4590,4726,136,2070
7055,2025,Weekday,Commercial & Employment Core,13760,14046,286,4987
7055,2025,Weekend,Commercial & Employment Core,5878,6136,258,2079
7056,2022,Weekday,Commercial & Employment Core,4615,4432,-183,3234
7056,2022,Weekend,Commercial & Employment Core,1803,1801,-2,1256
7056,2023,Weekday,Commercial & Employment Core,4267,4241,-26,2810
7056,2023,Weekend,Commercial & Employment Core,1560,1630,70,1025
7057,2022,Weekday,Commuter-Heavy Transit Hub,5918,6813,895,3350
7057,2022,Weekend,Commuter-Heavy Transit Hub,1684,1890,206,1171
7057,2023,Weekday,Commuter-Heavy Transit Hub,7868,7620,-248,3764
7057,2023,Weekend,Commuter-Heavy Transit Hub,1561,1698,137,1317
7057,2024,Weekday,Commuter-Heavy Transit Hub,10685,10667,-18,4064
7057,2024,Weekend,Commuter-Heavy Transit Hub,2183,2224,41,1474
7057,2025,Weekday,Commuter-Heavy Transit Hub,12528,12342,-186,4202
7057,2025,Weekend,Commuter-Heavy Transit Hub,2439,2742,303,1496
7058,2022,Weekday,Commercial & Employment Core,12351,11846,-505,3949
7058,2022,Weekend,Commercial & Employment Core,3093,2791,-302,1309
7058,2023,Weekday,Commercial & Employment Core,18011,17022,-989,4716
7058,2023,Weekend,Commercial & Employment Core,4249,4127,-122,1652
7058,2024,Weekday,Commercial & Employment Core,14072,13207,-865,3609
7058,2024,Weekend,Commercial & Employment Core,3203,2937,-266,1225
7058,2025,Weekday,Commercial & Employment Core,5589,5003,-586,1315
7058,2025,Weekend,Commercial & Employment Core,1326,1215,-111,439
7059,2022,Weekday,Commercial & Employment Core,11450,11651,201,4394
7059,2022,Weekend,Commercial & Employment Core,3980,4214,234,1728
7059,2023,Weekday,Commercial & Employment Core,14580,14626,46,4872
7059,2023,Weekend,Commercial & Employment Core,3611,3741,130,1861
7059,2024,Weekday,Commercial & Employment Core,17066,17218,152,5136
7059,2024,Weekend,Commercial & Employment Core,4224,4389,165,1950
7059,2025,Weekday,Commercial & Employment Core,12002,12184,182,4249
7059,2025,Weekend,Commercial & Employment Core,2939,3052,113,1595
7060,2022,Weekday,Commercial & Employment Core,8917,10034,1117,3515
7060,2022,Weekend,Commercial & Employment Core,3606,4053,447,1452
7061,2022,Weekday,Commercial & Employment Core,9849,9214,-635,4151
7061,2022,Weekend,Commercial & Employment Core,4337,4139,-198,1678
7061,2023,Weekday,Commercial & Employment Core,10977,10348,-629,4555
7061,2023,Weekend,Commercial & Employment Core,4304,4212,-92,1846
7061,2024,Weekday,Commercial & Employment Core,10309,10229,-80,4465
7061,2024,Weekend,Commercial & Employment Core,4027,4235,208,1863
7061,2025,Weekday,Commercial & Employment Core,10014,9785,-229,4013
7061,2025,Weekend,Commercial & Employment Core,4464,4489,25,1743
7062,2022,Weekday,Commuter-Heavy Transit Hub,8515,8465,-50,3644
7062,2022,Weekend,Commuter-Heavy Transit Hub,1674,1469,-205,1209
7062,2023,Weekday,Commuter-Heavy Transit Hub,7773,6045,-1728,3317
7062,2023,Weekend,Commuter-Heavy Transit Hub,1486,1335,-151,1152
7063,2022,Weekday,Commercial & Employment Core,8831,8235,-596,3766
7063,2022,Weekend,Commercial & Employment Core,3377,3076,-301,1438
7063,2023,Weekday,Commercial & Employment Core,13376,12488,-888,4447
7063,2023,Weekend,Commercial & Employment Core,4368,4138,-230,1752
7063,2024,Weekday,Commercial & Employment Core,15978,16284,306,4654
7063,2024,Weekend,Commercial & Employment Core,5254,5429,175,1880
7063,2025,Weekday,Commercial & Employment Core,15994,16407,413,4453
7063,2025,Weekend,Commercial & Employment Core,5449,5661,212,1715
7064,2022,Weekday,Commercial & Employment Core,2535,2931,396,2545
7064,2022,Weekend,Commercial & Employment Core,1138,1264,126,986
7064,2023,Weekday,Commercial & Employment Core,3276,3496,220,3079
7064,2023,Weekend,Commercial & Employment Core,1266,1440,174,1181
7064,2024,Weekday,Commercial & Employment Core,3359,3607,248,2964
7064,2024,Weekend,Commercial & Employment Core,1234,1375,141,1122
7064,2025,Weekday,Commercial & Employment Core,3865,4008,143,3022
7064,2025,Weekend,Commercial & Employment Core,1338,1426,88,1115
7065,2022,Weekday,Commercial & Employment Core,8579,8872,293,4046
7065,2022,Weekend,Commercial & Employment Core,3573,3650,77,1696
7065,2023,Weekday,Commercial & Employment Core,11108,11405,297,4360
7065,2023,Weekend,Commercial & Employment Core,4479,4460,-19,1817
7065,2024,Weekday,Commercial & Employment Core,14075,14192,117,4598
7065,2024,Weekend,Commercial & Employment Core,5352,5316,-36,1979
7065,2025,Weekday,Commercial & Employment Core,14430,14629,199,4419
7065,2025,Weekend,Commercial & Employment Core,5343,5379,36,1808
7066,2022,Weekday,Commuter-Heavy Transit Hub,11871,10335,-1536,3926
7066,2022,Weekend,Commuter-Heavy Transit Hub,2307,1849,-458,1321
7066,2023,Weekday,Commuter-Heavy Transit Hub,12990,10541,-2449,4111
7066,2023,Weekend,Commuter-Heavy Transit Hub,2093,1741,-352,1361
7066,2024,Weekday,Commuter-Heavy Transit Hub,7199,6083,-1116,3548
7066,2024,Weekend,Commuter-Heavy Transit Hub,1071,796,-275,988
7066,2025,Weekday,Commuter-Heavy Transit Hub,5760,6035,275,3232
7066,2025,Weekend,Commuter-Heavy Transit Hub,881,757,-124,847
7067,2022,Weekday,Commercial & Employment Core,4590,4860,270,3252
7067,2022,Weekend,Commercial & Employment Core,2548,2575,27,1367
7067,2023,Weekday,Commercial & Employment Core,6424,6653,229,3735
7067,2023,Weekend,Commercial & Employment Core,2704,2744,40,1572
7067,2024,Weekday,Commercial & Employment Core,0,1,1,1
7067,2025,Weekday,Commercial & Employment Core,98,103,5,134
7067,2025,Weekend,Commercial & Employment Core,49,66,17,75
7068,2022,Weekday,Residential & Inner-Suburban Feeder,539,415,-124,672
7068,2022,Weekend,Residential & Inner-Suburban Feeder,239,224,-15,282
7068,2023,Weekday,Residential & Inner-Suburban Feeder,582,485,-97,815
7068,2023,Weekend,Residential & Inner-Suburban Feeder,241,237,-4,308
7068,2024,Weekday,Residential & Inner-Suburban Feeder,588,520,-68,834
7068,2024,Weekend,Residential & Inner-Suburban Feeder,262,306,44,374
7068,2025,Weekday,Residential & Inner-Suburban Feeder,387,420,33,612
7068,2025,Weekend,Residential & Inner-Suburban Feeder,174,215,41,266
7069,2022,Weekday,Commercial & Employment Core,7737,7995,258,3941
7069,2022,Weekend,Commercial & Employment Core,3689,3606,-83,1620
7069,2023,Weekday,Commercial & Employment Core,8930,9486,556,4220
7069,2023,Weekend,Commercial & Employment Core,3985,4078,93,1879
7069,2024,Weekday,Commercial & Employment Core,8351,8446,95,4226
7069,2024,Weekend,Commercial & Employment Core,3157,3068,-89,1636
7069,2025,Weekday,Commercial & Employment Core,7675,7870,195,4112
7069,2025,Weekend,Commercial & Employment Core,3047,3181,134,1658
7070,2022,Weekday,Commercial & Employment Core,4345,4577,232,3183
7070,2022,Weekend,Commercial & Employment Core,1466,1554,88,1144
7070,2023,Weekday,Commercial & Employment Core,4708,4794,86,3433
7070,2023,Weekend,Commercial & Employment Core,1317,1388,71,1245
7070,2024,Weekday,Commercial & Employment Core,5443,5477,34,3616
7070,2024,Weekend,Commercial & Employment Core,1383,1467,84,1266
7070,2025,Weekday,Commercial & Employment Core,6191,6531,340,3735
7070,2025,Weekend,Commercial & Employment Core,1705,1849,144,1369
7071,2022,Weekday,Residential & Inner-Suburban Feeder,4602,3280,-1322,3051
7071,2022,Weekend,Residential & Inner-Suburban Feeder,1354,1051,-303,1077
7071,2023,Weekday,Residential & Inner-Suburban Feeder,4443,3211,-1232,3224
7071,2023,Weekend,Residential & Inner-Suburban Feeder,1343,944,-399,1084
7071,2024,Weekday,Residential & Inner-Suburban Feeder,4525,2944,-1581,2957
7071,2024,Weekend,Residential & Inner-Suburban Feeder,1458,932,-526,1111
7071,2025,Weekday,Residential & Inner-Suburban Feeder,5878,3172,-2706,3240
7071,2025,Weekend,Residential & Inner-Suburban Feeder,1887,1025,-862,1217
7072,2022,Weekday,Commercial & Employment Core,10464,11230,766,4159
7072,2022,Weekend,Commercial & Employment Core,4958,5253,295,1697
7072,2023,Weekday,Commercial & Employment Core,13879,14235,356,4543
7072,2023,Weekend,Commercial & Employment Core,5353,5430,77,1831
7072,2024,Weekday,Commercial & Employment Core,10445,10796,351,3228
7072,2024,Weekend,Commercial & Employment Core,3444,3682,238,1292
7073,2022,Weekday,Residential & Inner-Suburban Feeder,7905,8970,1065,3907
7073,2022,Weekend,Residential & Inner-Suburban Feeder,3282,3798,516,1581
7073,2023,Weekday,Residential & Inner-Suburban Feeder,9489,10305,816,4352
7073,2023,Weekend,Residential & Inner-Suburban Feeder,3697,4020,323,1792
7073,2024,Weekday,Residential & Inner-Suburban Feeder,13007,13194,187,4707
7073,2024,Weekend,Residential & Inner-Suburban Feeder,4777,4888,111,1927
7073,2025,Weekday,Residential & Inner-Suburban Feeder,13150,13292,142,4573
7073,2025,Weekend,Residential & Inner-Suburban Feeder,4844,4867,23,1770
7074,2022,Weekday,Commercial & Employment Core,5563,6040,477,3370
7074,2022,Weekend,Commercial & Employment Core,2517,2796,279,1414
7074,2023,Weekday,Commercial & Employment Core,8583,8813,230,3924
7074,2023,Weekend,Commercial & Employment Core,3307,3580,273,1604
7074,2024,Weekday,Commercial & Employment Core,9817,10219,402,4147
7074,2024,Weekend,Commercial & Employment Core,3733,3970,237,1730
7074,2025,Weekday,Commercial & Employment Core,3271,3531,260,2107
7074,2025,Weekend,Commercial & Employment Core,1239,1480,241,872
7075,2022,Weekday,Leisure & Waterfront,6737,7130,393,3038
7075,2022,Weekend,Leisure & Waterfront,4780,4952,172,1265
7075,2023,Weekday,Leisure & Waterfront,6620,7308,688,3568
7075,2023,Weekend,Leisure & Waterfront,3309,3529,220,1425
7075,2024,Weekday,Leisure & Waterfront,8220,8869,649,3751
7075,2024,Weekend,Leisure & Waterfront,3460,3738,278,1441
7075,2025,Weekday,Leisure & Waterfront,10566,10537,-29,3751
7075,2025,Weekend,Leisure & Waterfront,4956,4985,29,1445
7076,2022,Weekday,Leisure & Waterfront,23662,27142,3480,4812
7076,2022,Weekend,Leisure & Waterfront,13594,15380,1786,1972
7076,2023,Weekday,Leisure & Waterfront,26683,33774,7091,5093
7076,2023,Weekend,Leisure & Waterfront,10876,13988,3112,2094
7076,2024,Weekday,Leisure & Waterfront,30910,34678,3768,5216
7076,2024,Weekend,Leisure & Waterfront,12219,13692,1473,2150
7076,2025,Weekday,Leisure & Waterfront,33749,35906,2157,5098
7076,2025,Weekend,Leisure & Waterfront,13523,14946,1423,2049
7077,2022,Weekday,Commercial & Employment Core,9559,9102,-457,3979
7077,2022,Weekend,Commercial & Employment Core,3838,3735,-103,1610
7077,2023,Weekday,Commercial & Employment Core,13706,13676,-30,4733
7077,2023,Weekend,Commercial & Employment Core,5213,5311,98,1904
7077,2024,Weekday,Commercial & Employment Core,15936,15840,-96,4754
7077,2024,Weekend,Commercial & Employment Core,5415,5522,107,1896
7077,2025,Weekday,Commercial & Employment Core,15883,15784,-99,4512
7077,2025,Weekend,Commercial & Employment Core,5573,5709,136,1757
7078,2022,Weekday,Commercial & Employment Core,17200,17333,133,4715
7078,2022,Weekend,Commercial & Employment Core,8151,8121,-30,1980
7078,2023,Weekday,Commercial & Employment Core,20327,21270,943,4941
7078,2023,Weekend,Commercial & Employment Core,8172,8540,368,2077
7078,2024,Weekday,Commercial & Employment Core,28174,28657,483,5331
7078,2024,Weekend,Commercial & Employment Core,11011,11203,192,2172
7078,2025,Weekday,Commercial & Employment Core,28146,28885,739,5259
7078,2025,Weekend,Commercial & Employment Core,10421,10909,488,2095
7079,2022,Weekday,Commercial & Employment Core,12031,11415,-616,4596
7079,2022,Weekend,Commercial & Employment Core,4625,4437,-188,1951
7079,2023,Weekday,Commercial & Employment Core,14874,13920,-954,5075
7079,2023,Weekend,Commercial & Employment Core,4880,4935,55,2116
7079,2024,Weekday,Commercial & Employment Core,14652,14575,-77,5136
7079,2024,Weekend,Commercial & Employment Core,4767,4859,92,2118
7079,2025,Weekday,Commercial & Employment Core,14139,13869,-270,4954
7079,2025,Weekend,Commercial & Employment Core,4649,4663,14,2031
7083,2022,Weekday,Commercial & Employment Core,1801,1573,-228,2001
7083,2022,Weekend,Commercial & Employment Core,646,549,-97,702
7083,2023,Weekday,Commercial & Employment Core,2338,1991,-347,2384
7083,2023,Weekend,Commercial & Employment Core,857,734,-123,888
7083,2024,Weekday,Commercial & Employment Core,2710,2573,-137,2670
7083,2024,Weekend,Commercial & Employment Core,936,866,-70,965
7083,2025,Weekday,Commercial & Employment Core,2667,2631,-36,2568
7083,2025,Weekend,Commercial & Employment Core,870,831,-39,887
7084,2022,Weekday,Leisure & Waterfront,1793,1758,-35,1087
7084,2022,Weekend,Leisure & Waterfront,1718,1600,-118,609
7084,2023,Weekday,Leisure & Waterfront,1290,1140,-150,1025
7084,2023,Weekend,Leisure & Waterfront,1153,1006,-147,579
7084,2024,Weekday,Leisure & Waterfront,1637,1525,-112,1197
7084,2024,Weekend,Leisure & Waterfront,1193,1152,-41,626
7084,2025,Weekday,Leisure & Waterfront,1746,1664,-82,1226
7084,2025,Weekend,Leisure & Waterfront,1378,1226,-152,675
7085,2022,Weekday,Commercial & Employment Core,1227,1058,-169,1570
7085,2022,Weekend,Commercial & Employment Core,550,450,-100,609
7085,2023,Weekday,Commercial & Employment Core,1694,1414,-280,2026
7085,2023,Weekend,Commercial & Employment Core,556,466,-90,656
7085,2024,Weekday,Commercial & Employment Core,2011,1864,-147,2363
7085,2024,Weekend,Commercial & Employment Core,699,573,-126,789
7085,2025,Weekday,Commercial & Employment Core,1768,1617,-151,2026
7085,2025,Weekend,Commercial & Employment Core,750,598,-152,766
7086,2022,Weekday,Leisure & Waterfront,2277,1958,-319,1458
7086,2022,Weekend,Leisure & Waterfront,1946,1876,-70,800
7086,2023,Weekday,Leisure & Waterfront,1842,1542,-300,1433
7086,2023,Weekend,Leisure & Waterfront,1401,1349,-52,785
7086,2024,Weekday,Leisure & Waterfront,1588,1506,-82,1295
7086,2024,Weekend,Leisure & Waterfront,1115,1087,-28,708
7086,2025,Weekday,Leisure & Waterfront,1709,1588,-121,1300
7086,2025,Weekend,Leisure & Waterfront,1107,1171,64,704
7087,2022,Weekday,Residential & Inner-Suburban Feeder,1076,997,-79,1308
7087,2022,Weekend,Residential & Inner-Suburban Feeder,461,411,-50,483
7087,2023,Weekday,Residential & Inner-Suburban Feeder,1345,1249,-96,1633
7087,2023,Weekend,Residential & Inner-Suburban Feeder,450,423,-27,544
7087,2024,Weekday,Residential & Inner-Suburban Feeder,1651,1567,-84,1934
7087,2024,Weekend,Residential & Inner-Suburban Feeder,505,450,-55,575
7087,2025,Weekday,Residential & Inner-Suburban Feeder,1511,1539,28,1849
7087,2025,Weekend,Residential & Inner-Suburban Feeder,520,503,-17,606
7088,2022,Weekday,Commercial & Employment Core,2992,2741,-251,2620
7088,2022,Weekend,Commercial & Employment Core,1144,1037,-107,955
7088,2023,Weekday,Commercial & Employment Core,3778,3468,-310,3096
7088,2023,Weekend,Commercial & Employment Core,1420,1299,-121,1174
7088,2024,Weekday,Commercial & Employment Core,3617,3441,-176,3116
7088,2024,Weekend,Commercial & Employment Core,1222,1170,-52,1184
7088,2025,Weekday,Commercial & Employment Core,3474,3316,-158,2907
7088,2025,Weekend,Commercial & Employment Core,1233,1201,-32,1099
7089,2022,Weekday,Commercial & Employment Core,15388,14216,-1172,4768
7089,2022,Weekend,Commercial & Employment Core,5704,5558,-146,1960
7089,2023,Weekday,Commercial & Employment Core,18499,16962,-1537,5053
7089,2023,Weekend,Commercial & Employment Core,6414,6171,-243,2044
7089,2024,Weekday,Commercial & Employment Core,19838,17394,-2444,5183
7089,2024,Weekend,Commercial & Employment Core,6636,6353,-283,2102
7089,2025,Weekday,Commercial & Employment Core,21253,16371,-4882,5226
7089,2025,Weekend,Commercial & Employment Core,7503,6512,-991,2139
7090,2022,Weekday,Commercial & Employment Core,2861,2386,-475,2493
7090,2022,Weekend,Commercial & Employment Core,1193,1088,-105,1006
7090,2023,Weekday,Commercial & Employment Core,3650,3170,-480,2986
7090,2023,Weekend,Commercial & Employment Core,1251,1196,-55,1151
7090,2024,Weekday,Commercial & Employment Core,4148,3985,-163,3265
7090,2024,Weekend,Commercial & Employment Core,1441,1429,-12,1204
7090,2025,Weekday,Commercial & Employment Core,4717,3930,-787,3261
7090,2025,Weekend,Commercial & Employment Core,1579,1468,-111,1259
7091,2022,Weekday,Residential & Inner-Suburban Feeder,2203,1907,-296,2247
7091,2022,Weekend,Residential & Inner-Suburban Feeder,754,611,-143,771
7091,2023,Weekday,Residential & Inner-Suburban Feeder,2057,1740,-317,2219
7091,2023,Weekend,Residential & Inner-Suburban Feeder,764,574,-190,840
7091,2024,Weekday,Residential & Inner-Suburban Feeder,2399,2078,-321,2403
7091,2024,Weekend,Residential & Inner-Suburban Feeder,724,592,-132,813
7091,2025,Weekday,Residential & Inner-Suburban Feeder,3135,2635,-500,2704
7091,2025,Weekend,Residential & Inner-Suburban Feeder,901,765,-136,892
7092,2022,Weekday,Commercial & Employment Core,431,295,-136,551
7092,2022,Weekend,Commercial & Employment Core,224,186,-38,259
7092,2023,Weekday,Commercial & Employment Core,586,339,-247,696
7092,2023,Weekend,Commercial & Employment Core,261,181,-80,304
7093,2022,Weekday,Commercial & Employment Core,3338,3198,-140,2945
7093,2022,Weekend,Commercial & Employment Core,1024,939,-85,887
7093,2023,Weekday,Commercial & Employment Core,3975,3665,-310,3328
7093,2023,Weekend,Commercial & Employment Core,1289,1184,-105,1074
7093,2024,Weekday,Commercial & Employment Core,6307,5802,-505,3961
7093,2024,Weekend,Commercial & Employment Core,2127,1880,-247,1413
7093,2025,Weekday,Commercial & Employment Core,8046,6853,-1193,4085
7093,2025,Weekend,Commercial & Employment Core,2719,2425,-294,1562
7094,2022,Weekday,Commercial & Employment Core,2953,2763,-190,2533
7094,2022,Weekend,Commercial & Employment Core,1148,1093,-55,947
7094,2023,Weekday,Commercial & Employment Core,3517,3276,-241,2918
7094,2023,Weekend,Commercial & Employment Core,1394,1331,-63,1184
7094,2024,Weekday,Commercial & Employment Core,4855,4396,-459,3305
7094,2024,Weekend,Commercial & Employment Core,1920,1814,-106,1315
7094,2025,Weekday,Commercial & Employment Core,7250,5434,-1816,3583
7094,2025,Weekend,Commercial & Employment Core,2389,1965,-424,1361
7095,2022,Weekday,Commercial & Employment Core,3500,3281,-219,2609
7095,2022,Weekend,Commercial & Employment Core,1658,1589,-69,1101
7095,2023,Weekday,Commercial & Employment Core,4386,4015,-371,3038
7095,2023,Weekend,Commercial & Employment Core,1884,1727,-157,1227
7095,2024,Weekday,Commercial & Employment Core,4236,4209,-27,3062
7095,2024,Weekend,Commercial & Employment Core,1820,1784,-36,1232
7095,2025,Weekday,Commercial & Employment Core,4803,4663,-140,3124
7095,2025,Weekend,Commercial & Employment Core,2040,1967,-73,1260
7096,2022,Weekday,Leisure & Waterfront,1146,1237,91,903
7096,2022,Weekend,Leisure & Waterfront,1380,1427,47,584
7096,2023,Weekday,Leisure & Waterfront,830,932,102,872
7096,2023,Weekend,Leisure & Waterfront,695,690,-5,466
7096,2024,Weekday,Leisure & Waterfront,783,841,58,805
7096,2024,Weekend,Leisure & Waterfront,616,610,-6,456
7096,2025,Weekday,Leisure & Waterfront,791,820,29,742
7096,2025,Weekend,Leisure & Waterfront,607,648,41,439
7097,2022,Weekday,Residential & Inner-Suburban Feeder,3792,3578,-214,2600
7097,2022,Weekend,Residential & Inner-Suburban Feeder,1800,1785,-15,1037
7097,2023,Weekday,Residential & Inner-Suburban Feeder,5456,5238,-218,3245
7097,2023,Weekend,Residential & Inner-Suburban Feeder,2329,2196,-133,1267
7097,2024,Weekday,Residential & Inner-Suburban Feeder,6405,6368,-37,3516
7097,2024,Weekend,Residential & Inner-Suburban Feeder,2619,2688,69,1395
7097,2025,Weekday,Residential & Inner-Suburban Feeder,5521,5571,50,3209
7097,2025,Weekend,Residential & Inner-Suburban Feeder,2406,2517,111,1232
7098,2022,Weekday,Residential & Inner-Suburban Feeder,4735,4733,-2,2959
7098,2022,Weekend,Residential & Inner-Suburban Feeder,2167,2221,54,1187
7098,2023,Weekday,Residential & Inner-Suburban Feeder,1242,1192,-50,942
7098,2023,Weekend,Residential & Inner-Suburban Feeder,472,490,18,312
7098,2024,Weekday,Residential & Inner-Suburban Feeder,3857,3908,51,2016
7098,2024,Weekend,Residential & Inner-Suburban Feeder,1691,1704,13,764
7098,2025,Weekday,Residential & Inner-Suburban Feeder,7313,7166,-147,3426
7098,2025,Weekend,Residential & Inner-Suburban Feeder,3059,3159,100,1326
7099,2022,Weekday,Commercial & Employment Core,5507,6044,537,3356
7099,2022,Weekend,Commercial & Employment Core,2649,2912,263,1361
7099,2023,Weekday,Commercial & Employment Core,8104,8371,267,4174
7099,2023,Weekend,Commercial & Employment Core,2942,3012,70,1584
7099,2024,Weekday,Commercial & Employment Core,7355,7789,434,3457
7099,2024,Weekend,Commercial & Employment Core,2612,2704,92,1321
7099,2025,Weekday,Commercial & Employment Core,3927,4003,76,1919
7099,2025,Weekend,Commercial & Employment Core,1566,1663,97,703
7100,2022,Weekday,Residential & Inner-Suburban Feeder,16988,18340,1352,4767
7100,2022,Weekend,Residential & Inner-Suburban Feeder,6573,7173,600,1981
7100,2023,Weekday,Residential & Inner-Suburban Feeder,22268,23423,1155,5061
7100,2023,Weekend,Residential & Inner-Suburban Feeder,7179,7606,427,2071
7100,2024,Weekday,Residential & Inner-Suburban Feeder,22894,23563,669,5067
7100,2024,Weekend,Residential & Inner-Suburban Feeder,7330,7484,154,2075
7100,2025,Weekday,Residential & Inner-Suburban Feeder,23508,24138,630,5057
7100,2025,Weekend,Residential & Inner-Suburban Feeder,7429,7667,238,2036
7101,2022,Weekday,Residential & Inner-Suburban Feeder,5655,6178,523,3553
7101,2022,Weekend,Residential & Inner-Suburban Feeder,2200,2666,466,1376
7101,2023,Weekday,Residential & Inner-Suburban Feeder,8092,8682,590,4144
7101,2023,Weekend,Residential & Inner-Suburban Feeder,2869,3262,393,1631
7101,2024,Weekday,Residential & Inner-Suburban Feeder,10918,11381,463,4288
7101,2024,Weekend,Residential & Inner-Suburban Feeder,3881,4214,333,1704
7101,2025,Weekday,Residential & Inner-Suburban Feeder,14183,15351,1168,4428
7101,2025,Weekend,Residential & Inner-Suburban Feeder,5448,6092,644,1764
7102,2022,Weekday,Commercial & Employment Core,14257,16061,1804,4781
7102,2022,Weekend,Commercial & Employment Core,5817,6178,361,1818
7102,2023,Weekday,Commercial & Employment Core,20939,25917,4978,5198
7102,2023,Weekend,Commercial & Employment Core,6850,8693,1843,2015
7102,2024,Weekday,Commercial & Employment Core,19378,22566,3188,5232
7102,2024,Weekend,Commercial & Employment Core,6541,7844,1303,2051
7102,2025,Weekday,Commercial & Employment Core,23933,26159,2226,5159
7102,2025,Weekend,Commercial & Employment Core,7790,9049,1259,2005
7103,2022,Weekday,Commercial & Employment Core,4918,5763,845,3389
7103,2022,Weekend,Commercial & Employment Core,2434,2823,389,1346
7103,2023,Weekday,Commercial & Employment Core,6791,7920,1129,3878
7103,2023,Weekend,Commercial & Employment Core,2922,3210,288,1509
7103,2024,Weekday,Commercial & Employment Core,7480,7909,429,3992
7103,2024,Weekend,Commercial & Employment Core,2766,2958,192,1521
7103,2025,Weekday,Commercial & Employment Core,6701,7526,825,3658
7103,2025,Weekend,Commercial & Employment Core,2638,3105,467,1350
7104,2022,Weekday,Commercial & Employment Core,10300,10806,506,4494
7104,2022,Weekend,Commercial & Employment Core,4220,4535,315,1702
7104,2023,Weekday,Commercial & Employment Core,12183,12405,222,4665
7104,2023,Weekend,Commercial & Employment Core,4448,4523,75,1816
7104,2024,Weekday,Commercial & Employment Core,13461,13538,77,4633
7104,2024,Weekend,Commercial & Employment Core,4661,4668,7,1806
7104,2025,Weekday,Commercial & Employment Core,12898,13090,192,4529
7104,2025,Weekend,Commercial & Employment Core,4472,4495,23,1706
7105,2022,Weekday,Residential & Inner-Suburban Feeder,2756,2649,-107,2608
7105,2022,Weekend,Residential & Inner-Suburban Feeder,983,932,-51,971
7105,2023,Weekday,Residential & Inner-Suburban Feeder,3554,3462,-92,3124
7105,2023,Weekend,Residential & Inner-Suburban Feeder,1075,1082,7,1083
7105,2024,Weekday,Residential & Inner-Suburban Feeder,3653,3660,7,3177
7105,2024,Weekend,Residential & Inner-Suburban Feeder,1053,1052,-1,1102
7105,2025,Weekday,Residential & Inner-Suburban Feeder,4031,4117,86,3237
7105,2025,Weekend,Residential & Inner-Suburban Feeder,1236,1235,-1,1097
7106,2022,Weekday,Residential & Inner-Suburban Feeder,2810,3064,254,1959
7106,2022,Weekend,Residential & Inner-Suburban Feeder,2055,2309,254,898
7106,2023,Weekday,Residential & Inner-Suburban Feeder,3179,3283,104,2526
7106,2023,Weekend,Residential & Inner-Suburban Feeder,1426,1726,300,1013
7106,2024,Weekday,Residential & Inner-Suburban Feeder,4484,5208,724,3090
7106,2024,Weekend,Residential & Inner-Suburban Feeder,1799,2149,350,1206
7106,2025,Weekday,Residential & Inner-Suburban Feeder,7291,7478,187,3517
7106,2025,Weekend,Residential & Inner-Suburban Feeder,2766,2953,187,1385
7107,2022,Weekday,Commercial & Employment Core,3453,3522,69,2646
7107,2022,Weekend,Commercial & Employment Core,1794,1849,55,1169
7107,2023,Weekday,Commercial & Employment Core,4614,4742,128,3266
7107,2023,Weekend,Commercial & Employment Core,1972,2115,143,1308
7107,2024,Weekday,Commercial & Employment Core,7547,7752,205,3900
7107,2024,Weekend,Commercial & Employment Core,3220,3361,141,1573
7107,2025,Weekday,Commercial & Employment Core,11582,11878,296,4050
7107,2025,Weekend,Commercial & Employment Core,5179,5287,108,1592
7108,2022,Weekday,Commercial & Employment Core,6232,6320,88,3801
7108,2022,Weekend,Commercial & Employment Core,2425,2532,107,1484
7108,2023,Weekday,Commercial & Employment Core,8105,8353,248,4284
7108,2023,Weekend,Commercial & Employment Core,2485,2635,150,1610
7108,2024,Weekday,Commercial & Employment Core,13335,13457,122,4680
7108,2024,Weekend,Commercial & Employment Core,3798,3832,34,1763
7108,2025,Weekday,Commercial & Employment Core,6395,6547,152,2406
7108,2025,Weekend,Commercial & Employment Core,2025,2081,56,914
7109,2022,Weekday,Commercial & Employment Core,5121,4733,-388,3656
7109,2022,Weekend,Commercial & Employment Core,1995,1987,-8,1452
7109,2023,Weekday,Commercial & Employment Core,5704,4614,-1090,3736
7109,2023,Weekend,Commercial & Employment Core,2138,1931,-207,1604
7109,2024,Weekday,Commercial & Employment Core,6887,6308,-579,4241
7109,2024,Weekend,Commercial & Employment Core,2322,2173,-149,1672
7109,2025,Weekday,Commercial & Employment Core,2238,1991,-247,1798
7109,2025,Weekend,Commercial & Employment Core,692,662,-30,680
7110,2022,Weekday,Commercial & Employment Core,4390,4250,-140,3332
7110,2022,Weekend,Commercial & Employment Core,1938,1993,55,1387
7110,2023,Weekday,Commercial & Employment Core,5305,5480,175,3858
7110,2023,Weekend,Commercial & Employment Core,1953,2020,67,1519
7110,2024,Weekday,Commercial & Employment Core,5944,6162,218,4238
7110,2024,Weekend,Commercial & Employment Core,2246,2185,-61,1595
7110,2025,Weekday,Commercial & Employment Core,6345,6360,15,4046
7110,2025,Weekend,Commercial & Employment Core,2199,2265,66,1475
7111,2022,Weekday,Commercial & Employment Core,7807,7998,191,3918
7111,2022,Weekend,Commercial & Employment Core,3265,3282,17,1629
7111,2023,Weekday,Commercial & Employment Core,8973,9270,297,4091
7111,2023,Weekend,Commercial & Employment Core,3239,3260,21,1687
7111,2024,Weekday,Commercial & Employment Core,8782,8926,144,4211
7111,2024,Weekend,Commercial & Employment Core,2945,2946,1,1700
7111,2025,Weekday,Commercial & Employment Core,8604,8760,156,3821
7111,2025,Weekend,Commercial & Employment Core,3032,3079,47,1558
7112,2022,Weekday,Commercial & Employment Core,3650,4047,397,2803
7112,2022,Weekend,Commercial & Employment Core,1227,1362,135,986
7112,2023,Weekday,Commercial & Employment Core,5823,5999,176,3413
7112,2023,Weekend,Commercial & Employment Core,1278,1439,161,1129
7112,2024,Weekday,Commercial & Employment Core,8623,8759,136,3838
7112,2024,Weekend,Commercial & Employment Core,1860,2123,263,1368
7112,2025,Weekday,Commercial & Employment Core,9004,9279,275,3909
7112,2025,Weekend,Commercial & Employment Core,1998,2193,195,1360
7113,2022,Weekday,Commercial & Employment Core,3986,3914,-72,2488
7113,2022,Weekend,Commercial & Employment Core,1561,1531,-30,975
7113,2023,Weekday,Commercial & Employment Core,1490,1508,18,1154
7113,2023,Weekend,Commercial & Employment Core,598,608,10,445
7113,2024,Weekday,Commercial & Employment Core,6715,6739,24,4052
7113,2024,Weekend,Commercial & Employment Core,2504,2518,14,1559
7113,2025,Weekday,Commercial & Employment Core,7689,7825,136,3982
7113,2025,Weekend,Commercial & Employment Core,2825,2827,2,1614
7114,2022,Weekday,Commercial & Employment Core,9162,9387,225,4102
7114,2022,Weekend,Commercial & Employment Core,3580,3740,160,1589
7114,2023,Weekday,Commercial & Employment Core,14468,14535,67,4666
7114,2023,Weekend,Commercial & Employment Core,4943,5091,148,1848
7114,2024,Weekday,Commercial & Employment Core,14711,15034,323,4672
7114,2024,Weekend,Commercial & Employment Core,4892,5197,305,1850
7114,2025,Weekday,Commercial & Employment Core,14815,15260,445,4755
7114,2025,Weekend,Commercial & Employment Core,5554,5726,172,1877
7115,2022,Weekday,Commercial & Employment Core,6967,5921,-1046,3939
7115,2022,Weekend,Commercial & Employment Core,2599,2198,-401,1540
7115,2023,Weekday,Commercial & Employment Core,8459,7631,-828,4225
7115,2023,Weekend,Commercial & Employment Core,2919,2591,-328,1694
7115,2024,Weekday,Commercial & Employment Core,9021,7458,-1563,4096
7115,2024,Weekend,Commercial & Employment Core,3540,2740,-800,1752
7115,2025,Weekday,Commercial & Employment Core,11692,8038,-3654,4306
7115,2025,Weekend,Commercial & Employment Core,3932,2800,-1132,1709
7116,2023,Weekday,Commercial & Employment Core,36,37,1,47
7116,2023,Weekend,Commercial & Employment Core,16,17,1,24
7116,2024,Weekday,Commercial & Employment Core,5836,5874,38,3580
7116,2024,Weekend,Commercial & Employment Core,2387,2345,-42,1588
7116,2025,Weekday,Commercial & Employment Core,6753,6530,-223,3550
7116,2025,Weekend,Commercial & Employment Core,2456,2468,12,1572
7117,2022,Weekday,Residential & Inner-Suburban Feeder,2798,2570,-228,2245
7117,2022,Weekend,Residential & Inner-Suburban Feeder,1324,1222,-102,866
7117,2023,Weekday,Residential & Inner-Suburban Feeder,3452,3251,-201,2828
7117,2023,Weekend,Residential & Inner-Suburban Feeder,1129,970,-159,904
7117,2024,Weekday,Residential & Inner-Suburban Feeder,2878,2674,-204,2549
7117,2024,Weekend,Residential & Inner-Suburban Feeder,981,911,-70,901
7117,2025,Weekday,Residential & Inner-Suburban Feeder,2737,2676,-61,2503
7117,2025,Weekend,Residential & Inner-Suburban Feeder,1143,1119,-24,957
7118,2022,Weekday,Commuter-Heavy Transit Hub,7075,9003,1928,3524
7118,2022,Weekend,Commuter-Heavy Transit Hub,1367,1468,101,1090
7118,2023,Weekday,Commuter-Heavy Transit Hub,10561,9050,-1511,3941
7118,2023,Weekend,Commuter-Heavy Transit Hub,1667,1932,265,1382
7118,2024,Weekday,Commuter-Heavy Transit Hub,9527,9454,-73,3916
7118,2024,Weekend,Commuter-Heavy Transit Hub,1610,1903,293,1383
7118,2025,Weekday,Commuter-Heavy Transit Hub,10019,10520,501,3981
7118,2025,Weekend,Commuter-Heavy Transit Hub,2047,2251,204,1382
7119,2022,Weekday,Residential & Inner-Suburban Feeder,5139,5131,-8,3302
7119,2022,Weekend,Residential & Inner-Suburban Feeder,2129,2130,1,1213
7119,2023,Weekday,Residential & Inner-Suburban Feeder,5831,5793,-38,3645
7119,2023,Weekend,Residential & Inner-Suburban Feeder,2127,2132,5,1305
7119,2024,Weekday,Residential & Inner-Suburban Feeder,6322,6338,16,3788
7119,2024,Weekend,Residential & Inner-Suburban Feeder,2287,2308,21,1380
7119,2025,Weekday,Residential & Inner-Suburban Feeder,6518,6919,401,3722
7119,2025,Weekend,Residential & Inner-Suburban Feeder,2565,2745,180,1420
7120,2022,Weekday,Residential & Inner-Suburban Feeder,4266,4386,120,3244
7120,2022,Weekend,Residential & Inner-Suburban Feeder,1898,1883,-15,1290
7120,2023,Weekday,Residential & Inner-Suburban Feeder,5070,5197,127,3784
7120,2023,Weekend,Residential & Inner-Suburban Feeder,1735,1744,9,1437
7120,2024,Weekday,Residential & Inner-Suburban Feeder,3813,3865,52,3275
7120,2024,Weekend,Residential & Inner-Suburban Feeder,1278,1301,23,1161
7120,2025,Weekday,Residential & Inner-Suburban Feeder,2766,2747,-19,2436
7120,2025,Weekend,Residential & Inner-Suburban Feeder,1032,1023,-9,973
7121,2022,Weekday,Commercial & Employment Core,16273,15073,-1200,5132
7121,2022,Weekend,Commercial & Employment Core,6250,6171,-79,2119
7121,2023,Weekday,Commercial & Employment Core,16903,15839,-1064,5295
7121,2023,Weekend,Commercial & Employment Core,5585,5646,61,2141
7121,2024,Weekday,Commercial & Employment Core,17427,16703,-724,5322
7121,2024,Weekend,Commercial & Employment Core,5985,6016,31,2134
7121,2025,Weekday,Commercial & Employment Core,19094,18753,-341,5281
7121,2025,Weekend,Commercial & Employment Core,6665,6912,247,2175
7122,2022,Weekday,Residential & Inner-Suburban Feeder,2547,2703,156,2479
7122,2022,Weekend,Residential & Inner-Suburban Feeder,1127,1186,59,981
7122,2023,Weekday,Residential & Inner-Suburban Feeder,3144,3463,319,2880
7122,2023,Weekend,Residential & Inner-Suburban Feeder,1288,1326,38,1093
7122,2024,Weekday,Residential & Inner-Suburban Feeder,6292,6316,24,3729
7122,2024,Weekend,Residential & Inner-Suburban Feeder,2598,2623,25,1535
7122,2025,Weekday,Residential & Inner-Suburban Feeder,7071,7060,-11,3707
7122,2025,Weekend,Residential & Inner-Suburban Feeder,2787,2840,53,1533
7123,2022,Weekday,Commercial & Employment Core,2887,2944,57,2455
7123,2022,Weekend,Commercial & Employment Core,1062,1007,-55,946
7123,2023,Weekday,Commercial & Employment Core,6124,6332,208,3549
7123,2023,Weekend,Commercial & Employment Core,1775,1799,24,1252
7123,2024,Weekday,Commercial & Employment Core,17556,18158,602,4879
7123,2024,Weekend,Commercial & Employment Core,5342,5532,190,1857
7123,2025,Weekday,Commercial & Employment Core,19457,21130,1673,4820
7123,2025,Weekend,Commercial & Employment Core,5779,6421,642,1958
7124,2022,Weekday,Residential & Inner-Suburban Feeder,5101,5231,130,3249
7124,2022,Weekend,Residential & Inner-Suburban Feeder,2389,2534,145,1306
7124,2023,Weekday,Residential & Inner-Suburban Feeder,6929,7171,242,3794
7124,2023,Weekend,Residential & Inner-Suburban Feeder,2428,2569,141,1537
7124,2024,Weekday,Residential & Inner-Suburban Feeder,7646,7896,250,4105
7124,2024,Weekend,Residential & Inner-Suburban Feeder,2507,2554,47,1552
7124,2025,Weekday,Residential & Inner-Suburban Feeder,6578,7043,465,3797
7124,2025,Weekend,Residential & Inner-Suburban Feeder,2170,2335,165,1450
7126,2022,Weekday,Commercial & Employment Core,9441,8844,-597,4065
7126,2022,Weekend,Commercial & Employment Core,3277,3155,-122,1610
7126,2023,Weekday,Commercial & Employment Core,12742,12392,-350,4501
7126,2023,Weekend,Commercial & Employment Core,3907,3846,-61,1793
7126,2024,Weekday,Commercial & Employment Core,16119,15933,-186,4836
7126,2024,Weekend,Commercial & Employment Core,4793,4993,200,1913
7126,2025,Weekday,Commercial & Employment Core,16838,16800,-38,4832
7126,2025,Weekend,Commercial & Employment Core,5490,5715,225,1942
7127,2022,Weekday,Commercial & Employment Core,3638,3361,-277,2916
7127,2022,Weekend,Commercial & Employment Core,1318,1228,-90,1105
7127,2023,Weekday,Commercial & Employment Core,4508,4124,-384,3313
7127,2023,Weekend,Commercial & Employment Core,1299,1299,0,1124
7127,2024,Weekday,Commercial & Employment Core,4971,4282,-689,3290
7127,2024,Weekend,Commercial & Employment Core,1348,1311,-37,1174
7127,2025,Weekday,Commercial & Employment Core,5005,4533,-472,3127
7127,2025,Weekend,Commercial & Employment Core,1366,1288,-78,1060
7128,2022,Weekday,Commercial & Employment Core,1602,1515,-87,1690
7128,2022,Weekend,Commercial & Employment Core,748,737,-11,671
7128,2023,Weekday,Commercial & Employment Core,2877,2237,-640,2399
7128,2023,Weekend,Commercial & Employment Core,997,836,-161,869
7128,2024,Weekday,Commercial & Employment Core,5665,4490,-1175,3414
7128,2024,Weekend,Commercial & Employment Core,1647,1441,-206,1240
7128,2025,Weekday,Commercial & Employment Core,4109,3588,-521,2896
7128,2025,Weekend,Commercial & Employment Core,1304,1226,-78,1049
7129,2022,Weekday,Commercial & Employment Core,6151,6091,-60,3444
7129,2022,Weekend,Commercial & Employment Core,2132,2097,-35,1347
7129,2023,Weekday,Commercial & Employment Core,7143,6966,-177,4021
7129,2023,Weekend,Commercial & Employment Core,2245,2273,28,1487
7129,2024,Weekday,Commercial & Employment Core,6408,6799,391,3898
7129,2024,Weekend,Commercial & Employment Core,1986,2177,191,1465
7129,2025,Weekday,Commercial & Employment Core,7035,7298,263,3716
7129,2025,Weekend,Commercial & Employment Core,2292,2422,130,1406
7130,2022,Weekday,Commercial & Employment Core,3672,3562,-110,2831
7130,2022,Weekend,Commercial & Employment Core,1318,1230,-88,1055
7130,2023,Weekday,Commercial & Employment Core,6638,6536,-102,4087
7130,2023,Weekend,Commercial & Employment Core,1694,1667,-27,1408
7130,2024,Weekday,Commercial & Employment Core,8432,7852,-580,4495
7130,2024,Weekend,Commercial & Employment Core,2213,2094,-119,1583
7130,2025,Weekday,Commercial & Employment Core,7884,7771,-113,4220
7130,2025,Weekend,Commercial & Employment Core,1924,2022,98,1504
7131,2022,Weekday,Commercial & Employment Core,5336,4920,-416,3371
7131,2022,Weekend,Commercial & Employment Core,2102,1977,-125,1434
7131,2023,Weekday,Commercial & Employment Core,7181,6851,-330,4015
7131,2023,Weekend,Commercial & Employment Core,2387,2302,-85,1590
7131,2024,Weekday,Commercial & Employment Core,8905,8064,-841,4347
7131,2024,Weekend,Commercial & Employment Core,2648,2509,-139,1729
7131,2025,Weekday,Commercial & Employment Core,8388,7685,-703,4050
7131,2025,Weekend,Commercial & Employment Core,2632,2636,4,1636
7132,2022,Weekday,Commercial & Employment Core,3663,3525,-138,2983
7132,2022,Weekend,Commercial & Employment Core,1291,1226,-65,1134
7132,2023,Weekday,Commercial & Employment Core,3160,3021,-139,2830
7132,2023,Weekend,Commercial & Employment Core,1144,1062,-82,1130
7132,2024,Weekday,Commercial & Employment Core,3575,3280,-295,3036
7132,2024,Weekend,Commercial & Employment Core,1145,1131,-14,1142
7132,2025,Weekday,Commercial & Employment Core,3248,3249,1,2669
7132,2025,Weekend,Commercial & Employment Core,1123,1210,87,1081
7133,2022,Weekday,Commercial & Employment Core,3862,3815,-47,2817
7133,2022,Weekend,Commercial & Employment Core,1077,1094,17,931
7133,2023,Weekday,Commercial & Employment Core,4419,4340,-79,3168
7133,2023,Weekend,Commercial & Employment Core,1012,952,-60,1000
7133,2024,Weekday,Commercial & Employment Core,4504,4534,30,3195
7133,2024,Weekend,Commercial & Employment Core,1240,1278,38,1111
7133,2025,Weekday,Commercial & Employment Core,3860,3947,87,2990
7133,2025,Weekend,Commercial & Employment Core,1139,1211,72,1032
7134,2022,Weekday,Leisure & Waterfront,978,870,-108,864
7134,2022,Weekend,Leisure & Waterfront,348,315,-33,302
7135,2022,Weekday,Commercial & Employment Core,6126,6645,519,3636
7135,2022,Weekend,Commercial & Employment Core,2704,2865,161,1411
7135,2023,Weekday,Commercial & Employment Core,7863,8553,690,4007
7135,2023,Weekend,Commercial & Employment Core,2744,2955,211,1518
7135,2024,Weekday,Commercial & Employment Core,8259,9512,1253,4217
7135,2024,Weekend,Commercial & Employment Core,2787,3192,405,1552
7135,2025,Weekday,Commercial & Employment Core,10097,10714,617,4029
7135,2025,Weekend,Commercial & Employment Core,3481,3737,256,1576
7136,2022,Weekday,Residential & Inner-Suburban Feeder,3084,3178,94,2811
7136,2022,Weekend,Residential & Inner-Suburban Feeder,1403,1477,74,1124
7136,2023,Weekday,Residential & Inner-Suburban Feeder,2954,3211,257,2851
7136,2023,Weekend,Residential & Inner-Suburban Feeder,1289,1420,131,1215
7136,2024,Weekday,Residential & Inner-Suburban Feeder,197,205,8,283
7136,2024,Weekend,Residential & Inner-Suburban Feeder,71,89,18,105
7137,2022,Weekday,Residential & Inner-Suburban Feeder,2046,1587,-459,1863
7137,2022,Weekend,Residential & Inner-Suburban Feeder,760,541,-219,628
7137,2023,Weekday,Residential & Inner-Suburban Feeder,2382,1771,-611,2198
7137,2023,Weekend,Residential & Inner-Suburban Feeder,741,576,-165,748
7137,2024,Weekday,Residential & Inner-Suburban Feeder,1494,1186,-308,1528
7137,2024,Weekend,Residential & Inner-Suburban Feeder,515,399,-116,528
7137,2025,Weekday,Residential & Inner-Suburban Feeder,1360,1323,-37,1540
7137,2025,Weekend,Residential & Inner-Suburban Feeder,356,336,-20,453
7138,2022,Weekday,Residential & Inner-Suburban Feeder,2353,1486,-867,2062
7138,2022,Weekend,Residential & Inner-Suburban Feeder,1028,817,-211,876
7138,2023,Weekday,Residential & Inner-Suburban Feeder,3040,2201,-839,2588
7138,2023,Weekend,Residential & Inner-Suburban Feeder,972,791,-181,908
7138,2024,Weekday,Residential & Inner-Suburban Feeder,3417,2696,-721,2821
7138,2024,Weekend,Residential & Inner-Suburban Feeder,1201,1009,-192,1018
7138,2025,Weekday,Residential & Inner-Suburban Feeder,3458,2485,-973,2419
7138,2025,Weekend,Residential & Inner-Suburban Feeder,1258,929,-329,962
7139,2022,Weekday,Commercial & Employment Core,2483,2341,-142,2238
7139,2022,Weekend,Commercial & Employment Core,1048,1062,14,894
7139,2023,Weekday,Commercial & Employment Core,2771,2615,-156,2618
7139,2023,Weekend,Commercial & Employment Core,1063,957,-106,979
7139,2024,Weekday,Commercial & Employment Core,2849,2727,-122,2667
7139,2024,Weekend,Commercial & Employment Core,921,906,-15,949
7139,2025,Weekday,Commercial & Employment Core,2362,2279,-83,2242
7139,2025,Weekend,Commercial & Employment Core,844,851,7,835
7140,2022,Weekday,Commercial & Employment Core,4190,4030,-160,3097
7140,2022,Weekend,Commercial & Employment Core,1850,1862,12,1292
7140,2023,Weekday,Commercial & Employment Core,5313,5108,-205,3544
7140,2023,Weekend,Commercial & Employment Core,1874,1878,4,1389
7140,2024,Weekday,Commercial & Employment Core,5287,5187,-100,3744
7140,2024,Weekend,Commercial & Employment Core,1769,1742,-27,1395
7140,2025,Weekday,Commercial & Employment Core,4509,4545,36,3289
7140,2025,Weekend,Commercial & Employment Core,1687,1790,103,1267
7141,2022,Weekday,Residential & Inner-Suburban Feeder,2652,2370,-282,2375
7141,2022,Weekend,Residential & Inner-Suburban Feeder,651,548,-103,584
7141,2023,Weekday,Residential & Inner-Suburban Feeder,4431,3945,-486,3347
7141,2023,Weekend,Residential & Inner-Suburban Feeder,939,740,-199,855
7141,2024,Weekday,Residential & Inner-Suburban Feeder,4869,4708,-161,3470
7141,2024,Weekend,Residential & Inner-Suburban Feeder,839,757,-82,881
7141,2025,Weekday,Residential & Inner-Suburban Feeder,3359,3347,-12,2829
7141,2025,Weekend,Residential & Inner-Suburban Feeder,671,688,17,739
7142,2022,Weekday,Commercial & Employment Core,1623,1608,-15,1965
7142,2022,Weekend,Commercial & Employment Core,676,722,46,748
7142,2023,Weekday,Commercial & Employment Core,2205,2106,-99,2440
7142,2023,Weekend,Commercial & Employment Core,807,832,25,909
7142,2024,Weekday,Commercial & Employment Core,2586,2469,-117,2673
7142,2024,Weekend,Commercial & Employment Core,852,888,36,952
7142,2025,Weekday,Commercial & Employment Core,2972,2900,-72,2937
7142,2025,Weekend,Commercial & Employment Core,965,1019,54,1088
7143,2022,Weekday,Residential & Inner-Suburban Feeder,4770,4596,-174,3331
7143,2022,Weekend,Residential & Inner-Suburban Feeder,1842,1790,-52,1370
7143,2023,Weekday,Residential & Inner-Suburban Feeder,6260,5994,-266,3837
7143,2023,Weekend,Residential & Inner-Suburban Feeder,2210,2226,16,1577
7143,2024,Weekday,Residential & Inner-Suburban Feeder,7126,6824,-302,4036
7143,2024,Weekend,Residential & Inner-Suburban Feeder,2290,2335,45,1654
7143,2025,Weekday,Residential & Inner-Suburban Feeder,4370,4002,-368,3199
7143,2025,Weekend,Residential & Inner-Suburban Feeder,1480,1546,66,1278
7144,2022,Weekday,Residential & Inner-Suburban Feeder,2644,2631,-13,2559
7144,2022,Weekend,Residential & Inner-Suburban Feeder,1102,1049,-53,1025
7144,2023,Weekday,Residential & Inner-Suburban Feeder,3249,3026,-223,2984
7144,2023,Weekend,Residential & Inner-Suburban Feeder,1216,1244,28,1181
7144,2024,Weekday,Residential & Inner-Suburban Feeder,5014,4783,-231,3583
7144,2024,Weekend,Residential & Inner-Suburban Feeder,1661,1697,36,1378
7144,2025,Weekday,Residential & Inner-Suburban Feeder,5883,6146,263,3752
7144,2025,Weekend,Residential & Inner-Suburban Feeder,1956,2096,140,1486
7146,2022,Weekday,Residential & Inner-Suburban Feeder,2655,1367,-1288,2218
7146,2022,Weekend,Residential & Inner-Suburban Feeder,1185,782,-403,843
7146,2023,Weekday,Residential & Inner-Suburban Feeder,2790,1573,-1217,2423
7146,2023,Weekend,Residential & Inner-Suburban Feeder,1274,854,-420,977
7146,2024,Weekday,Residential & Inner-Suburban Feeder,3259,2186,-1073,2565
7146,2024,Weekend,Residential & Inner-Suburban Feeder,1303,1071,-232,1048
7146,2025,Weekday,Residential & Inner-Suburban Feeder,2813,2326,-487,2368
7146,2025,Weekend,Residential & Inner-Suburban Feeder,1279,1268,-11,946
7147,2022,Weekday,Commercial & Employment Core,2019,2237,218,2049
7147,2022,Weekend,Commercial & Employment Core,788,880,92,788
7147,2023,Weekday,Commercial & Employment Core,2058,2559,501,2317
7147,2023,Weekend,Commercial & Employment Core,768,980,212,884
7147,2024,Weekday,Commercial & Employment Core,2056,2147,91,2224
7147,2024,Weekend,Commercial & Employment Core,596,696,100,761
7147,2025,Weekday,Commercial & Employment Core,3160,3321,161,2566
7147,2025,Weekend,Commercial & Employment Core,1085,1065,-20,916
7148,2022,Weekday,Commercial & Employment Core,9661,9869,208,4164
7148,2022,Weekend,Commercial & Employment Core,3999,4160,161,1756
7148,2023,Weekday,Commercial & Employment Core,12773,13243,470,4651
7148,2023,Weekend,Commercial & Employment Core,4671,4885,214,1898
7148,2024,Weekday,Commercial & Employment Core,10123,10345,222,4426
7148,2024,Weekend,Commercial & Employment Core,3488,3609,121,1694
7148,2025,Weekday,Commercial & Employment Core,8539,8825,286,3884
7148,2025,Weekend,Commercial & Employment Core,3097,3147,50,1514
7149,2022,Weekday,Residential & Inner-Suburban Feeder,2445,2299,-146,2467
7149,2022,Weekend,Residential & Inner-Suburban Feeder,852,776,-76,898
7149,2023,Weekday,Residential & Inner-Suburban Feeder,2978,2860,-118,2832
7149,2023,Weekend,Residential & Inner-Suburban Feeder,1026,971,-55,1073
7149,2024,Weekday,Residential & Inner-Suburban Feeder,3707,3496,-211,3104
7149,2024,Weekend,Residential & Inner-Suburban Feeder,1083,1098,15,1147
7149,2025,Weekday,Residential & Inner-Suburban Feeder,3558,3593,35,3104
7149,2025,Weekend,Residential & Inner-Suburban Feeder,1163,1174,11,1156
7150,2022,Weekday,Leisure & Waterfront,4571,4776,205,2910
7150,2022,Weekend,Leisure & Waterfront,2273,2368,95,1215
7150,2023,Weekday,Leisure & Waterfront,6184,6418,234,3446
7150,2023,Weekend,Leisure & Waterfront,2919,2932,13,1491
7150,2024,Weekday,Leisure & Waterfront,7522,7611,89,3698
7150,2024,Weekend,Leisure & Waterfront,3648,3732,84,1611
7150,2025,Weekday,Leisure & Waterfront,7557,7839,282,3593
7150,2025,Weekend,Leisure & Waterfront,3471,3661,190,1541
7151,2022,Weekday,Commercial & Employment Core,2678,2290,-388,2389
7151,2022,Weekend,Commercial & Employment Core,1202,1060,-142,993
7151,2023,Weekday,Commercial & Employment Core,4045,3589,-456,3239
7151,2023,Weekend,Commercial & Employment Core,1559,1434,-125,1252
7151,2024,Weekday,Commercial & Employment Core,5081,4404,-677,3335
7151,2024,Weekend,Commercial & Employment Core,1847,1849,2,1352
7151,2025,Weekday,Commercial & Employment Core,5090,4481,-609,3189
7151,2025,Weekend,Commercial & Employment Core,2222,2064,-158,1349
7152,2022,Weekday,Commercial & Employment Core,4337,3946,-391,3125
7152,2022,Weekend,Commercial & Employment Core,2219,2076,-143,1354
7152,2023,Weekday,Commercial & Employment Core,5284,4950,-334,3557
7152,2023,Weekend,Commercial & Employment Core,2364,2118,-246,1522
7152,2024,Weekday,Commercial & Employment Core,5465,5411,-54,3549
7152,2024,Weekend,Commercial & Employment Core,2363,2329,-34,1519
7152,2025,Weekday,Commercial & Employment Core,376,420,44,507
7152,2025,Weekend,Commercial & Employment Core,130,172,42,190
7153,2022,Weekday,Commercial & Employment Core,7640,7726,86,3761
7153,2022,Weekend,Commercial & Employment Core,4127,4164,37,1563
7153,2023,Weekday,Commercial & Employment Core,10069,9613,-456,4294
7153,2023,Weekend,Commercial & Employment Core,4486,4305,-181,1737
7153,2024,Weekday,Commercial & Employment Core,11861,11413,-448,4420
7153,2024,Weekend,Commercial & Employment Core,4974,4912,-62,1831
7153,2025,Weekday,Commercial & Employment Core,11959,12012,53,4282
7153,2025,Weekend,Commercial & Employment Core,5478,5642,164,1702
7154,2022,Weekday,Commercial & Employment Core,6064,5667,-397,3713
7154,2022,Weekend,Commercial & Employment Core,2851,2720,-131,1560
7154,2023,Weekday,Commercial & Employment Core,5819,5183,-636,3867
7154,2023,Weekend,Commercial & Employment Core,2183,1958,-225,1588
7154,2024,Weekday,Commercial & Employment Core,6720,5368,-1352,4070
7154,2024,Weekend,Commercial & Employment Core,2336,1950,-386,1594
7154,2025,Weekday,Commercial & Employment Core,6302,4952,-1350,3807
7154,2025,Weekend,Commercial & Employment Core,2229,1980,-249,1545
7155,2022,Weekday,Commercial & Employment Core,6404,5951,-453,3881
7155,2022,Weekend,Commercial & Employment Core,2624,2481,-143,1597
7155,2023,Weekday,Commercial & Employment Core,8681,8390,-291,4344
7155,2023,Weekend,Commercial & Employment Core,2774,2564,-210,1688
7155,2024,Weekday,Commercial & Employment Core,9380,9087,-293,4399
7155,2024,Weekend,Commercial & Employment Core,3247,3131,-116,1735
7155,2025,Weekday,Commercial & Employment Core,8535,8418,-117,4127
7155,2025,Weekend,Commercial & Employment Core,3012,3171,159,1634
7156,2022,Weekday,Commercial & Employment Core,3650,3590,-60,2894
7156,2022,Weekend,Commercial & Employment Core,1629,1559,-70,1170
7156,2023,Weekday,Commercial & Employment Core,5028,4803,-225,3342
7156,2023,Weekend,Commercial & Employment Core,2042,1947,-95,1358
7156,2024,Weekday,Commercial & Employment Core,5850,5941,91,3603
7156,2024,Weekend,Commercial & Employment Core,2678,2654,-24,1592
7156,2025,Weekday,Commercial & Employment Core,7464,7824,360,3725
7156,2025,Weekend,Commercial & Employment Core,3180,3263,83,1580
7157,2022,Weekday,Commercial & Employment Core,1666,1455,-211,1917
7157,2022,Weekend,Commercial & Employment Core,950,797,-153,914
7157,2023,Weekday,Commercial & Employment Core,2446,1916,-530,2507
7157,2023,Weekend,Commercial & Employment Core,1195,952,-243,1101
7157,2024,Weekday,Commercial & Employment Core,2045,1741,-304,2106
7157,2024,Weekend,Commercial & Employment Core,1006,850,-156,947
7157,2025,Weekday,Commercial & Employment Core,2986,2214,-772,2586
7157,2025,Weekend,Commercial & Employment Core,1549,1020,-529,1132
7158,2022,Weekday,Residential & Inner-Suburban Feeder,5703,5543,-160,3295
7158,2022,Weekend,Residential & Inner-Suburban Feeder,2088,2062,-26,1263
7158,2023,Weekday,Residential & Inner-Suburban Feeder,6820,6915,95,3906
7158,2023,Weekend,Residential & Inner-Suburban Feeder,2335,2213,-122,1495
7158,2024,Weekday,Residential & Inner-Suburban Feeder,7931,8008,77,3959
7158,2024,Weekend,Residential & Inner-Suburban Feeder,2435,2417,-18,1489
7158,2025,Weekday,Residential & Inner-Suburban Feeder,7939,7914,-25,3665
7158,2025,Weekend,Residential & Inner-Suburban Feeder,2390,2328,-62,1429
7160,2022,Weekday,Commercial & Employment Core,12271,12328,57,4485
7160,2022,Weekend,Commercial & Employment Core,4980,4964,-16,1847
7160,2023,Weekday,Commercial & Employment Core,15820,16097,277,5083
7160,2023,Weekend,Commercial & Employment Core,5776,5805,29,2088
7160,2024,Weekday,Commercial & Employment Core,18388,18574,186,5029
7160,2024,Weekend,Commercial & Employment Core,6223,6207,-16,2108
7160,2025,Weekday,Commercial & Employment Core,14392,14608,216,4809
7160,2025,Weekend,Commercial & Employment Core,5402,5437,35,1947
7161,2022,Weekday,Commercial & Employment Core,9941,9450,-491,3928
7161,2022,Weekend,Commercial & Employment Core,2552,2349,-203,1434
7161,2023,Weekday,Commercial & Employment Core,9201,9189,-12,4377
7161,2023,Weekend,Commercial & Employment Core,2275,2250,-25,1602
7161,2024,Weekday,Commercial & Employment Core,12006,11866,-140,4512
7161,2024,Weekend,Commercial & Employment Core,2887,2677,-210,1668
7161,2025,Weekday,Commercial & Employment Core,11064,11239,175,4371
7161,2025,Weekend,Commercial & Employment Core,2859,2785,-74,1604
7162,2022,Weekday,Commercial & Employment Core,6360,5910,-450,3797
7162,2022,Weekend,Commercial & Employment Core,1813,1668,-145,1316
7162,2023,Weekday,Commercial & Employment Core,7469,7523,54,4134
7162,2023,Weekend,Commercial & Employment Core,1846,1670,-176,1429
7162,2024,Weekday,Commercial & Employment Core,10779,10473,-306,4513
7162,2024,Weekend,Commercial & Employment Core,2138,2095,-43,1594
7162,2025,Weekday,Commercial & Employment Core,10783,10685,-98,4462
7162,2025,Weekend,Commercial & Employment Core,2234,2116,-118,1573
7163,2022,Weekday,Commercial & Employment Core,11505,10382,-1123,4626
7163,2022,Weekend,Commercial & Employment Core,4555,4230,-325,1900
7163,2023,Weekday,Commercial & Employment Core,13353,12233,-1120,5044
7163,2023,Weekend,Commercial & Employment Core,4305,4010,-295,1972
7163,2024,Weekday,Commercial & Employment Core,12033,11588,-445,5016
7163,2024,Weekend,Commercial & Employment Core,3862,3812,-50,1933
7163,2025,Weekday,Commercial & Employment Core,4539,4256,-283,2252
7163,2025,Weekend,Commercial & Employment Core,1470,1446,-24,843
7164,2022,Weekday,Commercial & Employment Core,9560,9572,12,4196
7164,2022,Weekend,Commercial & Employment Core,3607,3691,84,1625
7164,2023,Weekday,Commercial & Employment Core,12369,12818,449,4622
7164,2023,Weekend,Commercial & Employment Core,4654,5013,359,1877
7164,2024,Weekday,Commercial & Employment Core,13082,13533,451,4672
7164,2024,Weekend,Commercial & Employment Core,4352,4690,338,1776
7164,2025,Weekday,Commercial & Employment Core,12945,13340,395,4615
7164,2025,Weekend,Commercial & Employment Core,4750,4909,159,1742
7167,2022,Weekday,Commercial & Employment Core,5552,5587,35,3595
7167,2022,Weekend,Commercial & Employment Core,2129,2192,63,1418
7167,2023,Weekday,Commercial & Employment Core,75,79,4,80
7167,2023,Weekend,Commercial & Employment Core,23,28,5,32
7168,2022,Weekday,Leisure & Waterfront,13311,14835,1524,4126
7168,2022,Weekend,Leisure & Waterfront,8942,10073,1131,1727
7168,2023,Weekday,Leisure & Waterfront,15555,16894,1339,4690
7168,2023,Weekend,Leisure & Waterfront,8147,8599,452,1849
7168,2024,Weekday,Leisure & Waterfront,20962,22661,1699,4919
7168,2024,Weekend,Leisure & Waterfront,9183,10205,1022,2023
7168,2025,Weekday,Leisure & Waterfront,17094,18944,1850,4609
7168,2025,Weekend,Leisure & Waterfront,8688,9498,810,1840
7169,2022,Weekday,Commercial & Employment Core,6002,6319,317,3580
7169,2022,Weekend,Commercial & Employment Core,2210,2088,-122,1358
7169,2023,Weekday,Commercial & Employment Core,8065,7856,-209,4130
7169,2023,Weekend,Commercial & Employment Core,2183,2120,-63,1538
7169,2024,Weekday,Commercial & Employment Core,8303,8316,13,4023
7169,2024,Weekend,Commercial & Employment Core,2025,1969,-56,1466
7169,2025,Weekday,Commercial & Employment Core,8861,9266,405,4072
7169,2025,Weekend,Commercial & Employment Core,2401,2391,-10,1524
7170,2022,Weekday,Commercial & Employment Core,7030,6774,-256,3768
7170,2022,Weekend,Commercial & Employment Core,2095,2025,-70,1408
7170,2023,Weekday,Commercial & Employment Core,9045,8750,-295,4300
7170,2023,Weekend,Commercial & Employment Core,2428,2342,-86,1606
7170,2024,Weekday,Commercial & Employment Core,9901,9837,-64,4415
7170,2024,Weekend,Commercial & Employment Core,2555,2637,82,1673
7170,2025,Weekday,Commercial & Employment Core,8913,8921,8,4150
7170,2025,Weekend,Commercial & Employment Core,1878,1993,115,1492
7171,2022,Weekday,Leisure & Waterfront,11400,11165,-235,2822
7171,2022,Weekend,Leisure & Waterfront,10099,10472,373,1244
7171,2023,Weekday,Leisure & Waterfront,8688,8409,-279,2904
7171,2023,Weekend,Leisure & Waterfront,6203,6559,356,1321
7171,2024,Weekday,Leisure & Waterfront,7899,8857,958,2714
7171,2024,Weekend,Leisure & Waterfront,4273,4461,188,1238
7171,2025,Weekday,Leisure & Waterfront,7712,9011,1299,2462
7171,2025,Weekend,Leisure & Waterfront,5014,5559,545,1154
7172,2022,Weekday,Leisure & Waterfront,4385,4732,347,2170
7172,2022,Weekend,Leisure & Waterfront,4218,4252,34,1055
7172,2023,Weekday,Leisure & Waterfront,3208,4026,818,2317
7172,2023,Weekend,Leisure & Waterfront,2547,2955,408,1071
7172,2024,Weekday,Leisure & Waterfront,3955,4776,821,2036
7172,2024,Weekend,Leisure & Waterfront,2404,2833,429,989
7172,2025,Weekday,Leisure & Waterfront,3242,3767,525,1679
7172,2025,Weekend,Leisure & Waterfront,2718,3046,328,893
7173,2022,Weekday,Residential & Inner-Suburban Feeder,2059,1855,-204,2113
7173,2022,Weekend,Residential & Inner-Suburban Feeder,902,880,-22,803
7173,2023,Weekday,Residential & Inner-Suburban Feeder,1811,1555,-256,2070
7173,2023,Weekend,Residential & Inner-Suburban Feeder,604,485,-119,658
7173,2024,Weekday,Residential & Inner-Suburban Feeder,1398,1221,-177,1718
7173,2024,Weekend,Residential & Inner-Suburban Feeder,484,471,-13,633
7173,2025,Weekday,Residential & Inner-Suburban Feeder,1706,1798,92,1952
7173,2025,Weekend,Residential & Inner-Suburban Feeder,530,529,-1,650
7174,2022,Weekday,Commercial & Employment Core,3295,3248,-47,2702
7174,2022,Weekend,Commercial & Employment Core,1413,1489,76,1077
7174,2023,Weekday,Commercial & Employment Core,5821,5639,-182,3717
7174,2023,Weekend,Commercial & Employment Core,1961,1869,-92,1387
7174,2024,Weekday,Commercial & Employment Core,8273,8333,60,4327
7174,2024,Weekend,Commercial & Employment Core,2807,2781,-26,1657
7174,2025,Weekday,Commercial & Employment Core,7698,7858,160,3937
7174,2025,Weekend,Commercial & Employment Core,2582,2679,97,1498
7175,2022,Weekday,Leisure & Waterfront,13144,14854,1710,3483
7175,2022,Weekend,Leisure & Waterfront,10543,13194,2651,1473
7175,2023,Weekday,Leisure & Waterfront,9243,11351,2108,3754
7175,2023,Weekend,Leisure & Waterfront,5649,7267,1618,1589
7175,2024,Weekday,Leisure & Waterfront,10804,12454,1650,3774
7175,2024,Weekend,Leisure & Waterfront,6002,7336,1334,1642
7175,2025,Weekday,Leisure & Waterfront,11578,13242,1664,3805
7175,2025,Weekend,Leisure & Waterfront,6585,8441,1856,1609
7176,2022,Weekday,Residential & Inner-Suburban Feeder,7985,7640,-345,4199
7176,2022,Weekend,Residential & Inner-Suburban Feeder,3352,3498,146,1703
7176,2023,Weekday,Residential & Inner-Suburban Feeder,10026,9804,-222,4518
7176,2023,Weekend,Residential & Inner-Suburban Feeder,3521,3662,141,1850
7176,2024,Weekday,Residential & Inner-Suburban Feeder,11564,11446,-118,4494
7176,2024,Weekend,Residential & Inner-Suburban Feeder,3821,3997,176,1907
7176,2025,Weekday,Residential & Inner-Suburban Feeder,11286,11376,90,4312
7176,2025,Weekend,Residential & Inner-Suburban Feeder,4163,4261,98,1824
7177,2022,Weekday,Commercial & Employment Core,734,717,-17,767
7177,2022,Weekend,Commercial & Employment Core,285,299,14,284
7178,2022,Weekday,Commercial & Employment Core,3553,3493,-60,3099
7178,2022,Weekend,Commercial & Employment Core,1303,1313,10,1167
7178,2023,Weekday,Commercial & Employment Core,4350,4243,-107,3581
7178,2023,Weekend,Commercial & Employment Core,1527,1540,13,1324
7178,2024,Weekday,Commercial & Employment Core,4326,4364,38,3223
7178,2024,Weekend,Commercial & Employment Core,1581,1593,12,1282
7178,2025,Weekday,Commercial & Employment Core,5740,5735,-5,3508
7178,2025,Weekend,Commercial & Employment Core,1997,2004,7,1391
7179,2022,Weekday,Commercial & Employment Core,2186,2147,-39,1760
7179,2022,Weekend,Commercial & Employment Core,634,607,-27,594
7180,2022,Weekday,Commercial & Employment Core,3599,3493,-106,2990
7180,2022,Weekend,Commercial & Employment Core,1643,1604,-39,1162
7180,2023,Weekday,Commercial & Employment Core,5209,4961,-248,3561
7180,2023,Weekend,Commercial & Employment Core,2006,2023,17,1360
7180,2024,Weekday,Commercial & Employment Core,3453,3279,-174,3076
7180,2024,Weekend,Commercial & Employment Core,1277,1217,-60,1108
7180,2025,Weekday,Commercial & Employment Core,3804,2747,-1057,2763
7180,2025,Weekend,Commercial & Employment Core,1331,1052,-279,979
7181,2022,Weekday,Residential & Inner-Suburban Feeder,1285,1169,-116,1545
7181,2022,Weekend,Residential & Inner-Suburban Feeder,549,534,-15,616
7181,2023,Weekday,Residential & Inner-Suburban Feeder,1723,1648,-75,2110
7181,2023,Weekend,Residential & Inner-Suburban Feeder,691,648,-43,770
7181,2024,Weekday,Residential & Inner-Suburban Feeder,2285,2279,-6,2450
7181,2024,Weekend,Residential & Inner-Suburban Feeder,826,826,0,905
7181,2025,Weekday,Residential & Inner-Suburban Feeder,2117,2144,27,2214
7181,2025,Weekend,Residential & Inner-Suburban Feeder,810,851,41,865
7182,2022,Weekday,Commercial & Employment Core,1631,1301,-330,1607
7182,2022,Weekend,Commercial & Employment Core,775,634,-141,635
7182,2023,Weekday,Commercial & Employment Core,1094,770,-324,1255
7182,2023,Weekend,Commercial & Employment Core,456,372,-84,481
7182,2024,Weekday,Commercial & Employment Core,1046,885,-161,1310
7182,2024,Weekend,Commercial & Employment Core,503,334,-169,504
7182,2025,Weekday,Commercial & Employment Core,1252,1115,-137,1434
7182,2025,Weekend,Commercial & Employment Core,696,507,-189,629
7183,2022,Weekday,Residential & Inner-Suburban Feeder,2619,2515,-104,2606
7183,2022,Weekend,Residential & Inner-Suburban Feeder,1260,1233,-27,1109
7183,2023,Weekday,Residential & Inner-Suburban Feeder,2692,2681,-11,2683
7183,2023,Weekend,Residential & Inner-Suburban Feeder,1175,1146,-29,1120
7183,2024,Weekday,Residential & Inner-Suburban Feeder,2887,2936,49,2680
7183,2024,Weekend,Residential & Inner-Suburban Feeder,1175,1177,2,1134
7183,2025,Weekday,Residential & Inner-Suburban Feeder,3889,4031,142,3175
7183,2025,Weekend,Residential & Inner-Suburban Feeder,1716,1724,8,1308
7184,2022,Weekday,Commercial & Employment Core,5284,5344,60,3512
7184,2022,Weekend,Commercial & Employment Core,2494,2429,-65,1436
7184,2023,Weekday,Commercial & Employment Core,7844,8038,194,4182
7184,2023,Weekend,Commercial & Employment Core,3295,3128,-167,1721
7184,2024,Weekday,Commercial & Employment Core,9792,9960,168,4455
7184,2024,Weekend,Commercial & Employment Core,4124,4087,-37,1855
7184,2025,Weekday,Commercial & Employment Core,1293,1316,23,1028
7184,2025,Weekend,Commercial & Employment Core,546,548,2,414
7188,2022,Weekday,Commercial & Employment Core,4045,4208,163,2973
7188,2022,Weekend,Commercial & Employment Core,1838,1746,-92,1101
7188,2023,Weekday,Commercial & Employment Core,4342,4530,188,3207
7188,2023,Weekend,Commercial & Employment Core,1551,1531,-20,1129
7188,2024,Weekday,Commercial & Employment Core,6943,7174,231,3857
7188,2024,Weekend,Commercial & Employment Core,2363,2306,-57,1395
7188,2025,Weekday,Commercial & Employment Core,6860,7188,328,3665
7188,2025,Weekend,Commercial & Employment Core,2392,2485,93,1313
7189,2022,Weekday,Commercial & Employment Core,6937,7328,391,3672
7189,2022,Weekend,Commercial & Employment Core,3846,4059,213,1517
7189,2023,Weekday,Commercial & Employment Core,8180,8191,11,4224
7189,2023,Weekend,Commercial & Employment Core,3965,4030,65,1771
7189,2024,Weekday,Commercial & Employment Core,10867,11057,190,4747
7189,2024,Weekend,Commercial & Employment Core,4941,5216,275,1991
7189,2025,Weekday,Commercial & Employment Core,11041,11122,81,4516
7189,2025,Weekend,Commercial & Employment Core,4981,5177,196,1859
7190,2022,Weekday,Commercial & Employment Core,13209,12628,-581,4066
7190,2022,Weekend,Commercial & Employment Core,3527,3328,-199,1521
7190,2023,Weekday,Commercial & Employment Core,16023,15238,-785,4478
7190,2023,Weekend,Commercial & Employment Core,4049,3993,-56,1723
7190,2024,Weekday,Commercial & Employment Core,16277,15864,-413,4512
7190,2024,Weekend,Commercial & Employment Core,4279,4169,-110,1651
7190,2025,Weekday,Commercial & Employment Core,14117,14366,249,4261
7190,2025,Weekend,Commercial & Employment Core,3868,3983,115,1585
7191,2022,Weekday,Commercial & Employment Core,6612,6615,3,3728
7191,2022,Weekend,Commercial & Employment Core,2834,2847,13,1583
7191,2023,Weekday,Commercial & Employment Core,9763,9835,72,4420
7191,2023,Weekend,Commercial & Employment Core,4023,4037,14,1791
7191,2024,Weekday,Commercial & Employment Core,9581,10312,731,4523
7191,2024,Weekend,Commercial & Employment Core,3918,4315,397,1856
7191,2025,Weekday,Commercial & Employment Core,9860,10108,248,4517
7191,2025,Weekend,Commercial & Employment Core,4602,4807,205,1928
7192,2022,Weekday,Residential & Inner-Suburban Feeder,4796,4728,-68,3468
7192,2022,Weekend,Residential & Inner-Suburban Feeder,2008,2010,2,1395
7192,2023,Weekday,Residential & Inner-Suburban Feeder,6666,6639,-27,4016
7192,2023,Weekend,Residential & Inner-Suburban Feeder,2581,2574,-7,1642
7192,2024,Weekday,Residential & Inner-Suburban Feeder,6540,6658,118,3973
7192,2024,Weekend,Residential & Inner-Suburban Feeder,2480,2440,-40,1608
7192,2025,Weekday,Residential & Inner-Suburban Feeder,4471,4649,178,3414
7192,2025,Weekend,Residential & Inner-Suburban Feeder,1779,1718,-61,1386
7193,2022,Weekday,Commercial & Employment Core,6435,6698,263,3518
7193,2022,Weekend,Commercial & Employment Core,2736,2936,200,1477
7193,2023,Weekday,Commercial & Employment Core,6870,7312,442,3796
7193,2023,Weekend,Commercial & Employment Core,2612,2779,167,1589
7193,2024,Weekday,Commercial & Employment Core,4284,4391,107,3260
7193,2024,Weekend,Commercial & Employment Core,1508,1573,65,1353
7193,2025,Weekday,Commercial & Employment Core,2466,2572,106,2431
7193,2025,Weekend,Commercial & Employment Core,916,906,-10,921
7194,2022,Weekday,Residential & Inner-Suburban Feeder,1719,1389,-330,1887
7194,2022,Weekend,Residential & Inner-Suburban Feeder,393,332,-61,494
7194,2023,Weekday,Residential & Inner-Suburban Feeder,2297,1845,-452,2346
7194,2023,Weekend,Residential & Inner-Suburban Feeder,394,330,-64,520
7194,2024,Weekday,Residential & Inner-Suburban Feeder,2663,2444,-219,2621
7194,2024,Weekend,Residential & Inner-Suburban Feeder,599,506,-93,749
7194,2025,Weekday,Residential & Inner-Suburban Feeder,2840,2330,-510,2554
7194,2025,Weekend,Residential & Inner-Suburban Feeder,680,559,-121,819
7195,2022,Weekday,Commercial & Employment Core,4196,4007,-189,3250
7195,2022,Weekend,Commercial & Employment Core,1695,1636,-59,1319
7195,2023,Weekday,Commercial & Employment Core,5765,5695,-70,3856
7195,2023,Weekend,Commercial & Employment Core,1985,1929,-56,1514
7195,2024,Weekday,Commercial & Employment Core,6742,6749,7,4065
7195,2024,Weekend,Commercial & Employment Core,2561,2488,-73,1726
7195,2025,Weekday,Commercial & Employment Core,6564,6690,126,4064
7195,2025,Weekend,Commercial & Employment Core,2649,2727,78,1705
7196,2022,Weekday,Residential & Inner-Suburban Feeder,2595,2435,-160,2501
7196,2022,Weekend,Residential & Inner-Suburban Feeder,1103,1051,-52,1016
7196,2023,Weekday,Residential & Inner-Suburban Feeder,3680,3638,-42,3149
7196,2023,Weekend,Residential & Inner-Suburban Feeder,1347,1310,-37,1217
7196,2024,Weekday,Residential & Inner-Suburban Feeder,4018,4056,38,3196
7196,2024,Weekend,Residential & Inner-Suburban Feeder,1411,1453,42,1266
7196,2025,Weekday,Residential & Inner-Suburban Feeder,3524,3663,139,2866
7196,2025,Weekend,Residential & Inner-Suburban Feeder,1425,1369,-56,1177
7197,2022,Weekday,Commercial & Employment Core,6102,6253,151,3691
7197,2022,Weekend,Commercial & Employment Core,3089,3133,44,1565
7197,2023,Weekday,Commercial & Employment Core,7153,7608,455,3998
7197,2023,Weekend,Commercial & Employment Core,3083,3210,127,1654
7197,2024,Weekday,Commercial & Employment Core,8650,9033,383,4264
7197,2024,Weekend,Commercial & Employment Core,3400,3571,171,1710
7197,2025,Weekday,Commercial & Employment Core,8552,9121,569,4011
7197,2025,Weekend,Commercial & Employment Core,3636,3841,205,1649
7198,2022,Weekday,Commercial & Employment Core,3159,3272,113,2864
7198,2022,Weekend,Commercial & Employment Core,1547,1613,66,1186
7198,2023,Weekday,Commercial & Employment Core,3853,4060,207,3258
7198,2023,Weekend,Commercial & Employment Core,1702,1798,96,1406
7198,2024,Weekday,Commercial & Employment Core,5069,5329,260,3559
7198,2024,Weekend,Commercial & Employment Core,2195,2244,49,1474
7198,2025,Weekday,Commercial & Employment Core,6329,6625,296,3701
7198,2025,Weekend,Commercial & Employment Core,2623,2694,71,1492
7199,2022,Weekday,Commercial & Employment Core,14467,14512,45,4600
7199,2022,Weekend,Commercial & Employment Core,6531,6303,-228,1869
7199,2023,Weekday,Commercial & Employment Core,18432,18468,36,4958
7199,2023,Weekend,Commercial & Employment Core,6646,6525,-121,2038
7199,2024,Weekday,Commercial & Employment Core,24585,25133,548,5319
7199,2024,Weekend,Commercial & Employment Core,8979,8734,-245,2122
7199,2025,Weekday,Commercial & Employment Core,26013,26926,913,5241
7199,2025,Weekend,Commercial & Employment Core,9762,9993,231,2102
7202,2022,Weekday,Commercial & Employment Core,6275,6629,354,3078
7202,2022,Weekend,Commercial & Employment Core,3217,3335,118,1181
7202,2023,Weekday,Commercial & Employment Core,10647,10388,-259,4067
7202,2023,Weekend,Commercial & Employment Core,4268,4274,6,1584
7202,2024,Weekday,Commercial & Employment Core,10251,10351,100,4107
7202,2024,Weekend,Commercial & Employment Core,3954,4042,88,1612
7202,2025,Weekday,Commercial & Employment Core,8228,8423,195,3748
7202,2025,Weekend,Commercial & Employment Core,3358,3734,376,1478
7203,2022,Weekday,Leisure & Waterfront,12793,14907,2114,4322
7203,2022,Weekend,Leisure & Waterfront,8621,9622,1001,1801
7203,2023,Weekday,Leisure & Waterfront,11749,15887,4138,4589
7203,2023,Weekend,Leisure & Waterfront,6349,7610,1261,1887
7203,2024,Weekday,Leisure & Waterfront,14688,18023,3335,4797
7203,2024,Weekend,Leisure & Waterfront,7322,8433,1111,1952
7203,2025,Weekday,Leisure & Waterfront,16503,18261,1758,4756
7203,2025,Weekend,Leisure & Waterfront,7793,8456,663,1902
7204,2022,Weekday,Commercial & Employment Core,9331,9593,262,4081
7204,2022,Weekend,Commercial & Employment Core,4782,4670,-112,1741
7204,2023,Weekday,Commercial & Employment Core,12134,12517,383,4521
7204,2023,Weekend,Commercial & Employment Core,5327,5291,-36,1919
7204,2024,Weekday,Commercial & Employment Core,16209,16584,375,4834
7204,2024,Weekend,Commercial & Employment Core,6688,6637,-51,1981
7204,2025,Weekday,Commercial & Employment Core,14914,15332,418,4675
7204,2025,Weekend,Commercial & Employment Core,6547,6450,-97,1958
7205,2022,Weekday,Commercial & Employment Core,4416,4382,-34,3352
7205,2022,Weekend,Commercial & Employment Core,1820,1863,43,1312
7205,2023,Weekday,Commercial & Employment Core,6699,6731,32,4077
7205,2023,Weekend,Commercial & Employment Core,2609,2622,13,1613
7205,2024,Weekday,Commercial & Employment Core,7924,8062,138,4172
7205,2024,Weekend,Commercial & Employment Core,3092,3092,0,1735
7205,2025,Weekday,Commercial & Employment Core,9737,9860,123,4278
7205,2025,Weekend,Commercial & Employment Core,4044,4146,102,1758
7206,2022,Weekday,Commercial & Employment Core,5877,5824,-53,3606
7206,2022,Weekend,Commercial & Employment Core,2791,2696,-95,1486
7206,2023,Weekday,Commercial & Employment Core,8343,8421,78,4347
7206,2023,Weekend,Commercial & Employment Core,3632,3535,-97,1816
7206,2024,Weekday,Commercial & Employment Core,9981,10206,225,4642
7206,2024,Weekend,Commercial & Employment Core,4116,4083,-33,1945
7206,2025,Weekday,Commercial & Employment Core,11387,11702,315,4741
7206,2025,Weekend,Commercial & Employment Core,5077,5027,-50,2000
7207,2022,Weekday,Commercial & Employment Core,12049,12225,176,4437
7207,2022,Weekend,Commercial & Employment Core,6376,6325,-51,1785
7207,2023,Weekday,Commercial & Employment Core,13787,14259,472,4526
7207,2023,Weekend,Commercial & Employment Core,6546,7196,650,1890
7207,2024,Weekday,Commercial & Employment Core,20758,21595,837,5141
7207,2024,Weekend,Commercial & Employment Core,8807,9544,737,2091
7207,2025,Weekday,Commercial & Employment Core,21602,22649,1047,5006
7207,2025,Weekend,Commercial & Employment Core,11285,11999,714,1988
7208,2022,Weekday,Commercial & Employment Core,6117,6213,96,3654
7208,2022,Weekend,Commercial & Employment Core,2852,2814,-38,1527
7208,2023,Weekday,Commercial & Employment Core,8087,8344,257,4297
7208,2023,Weekend,Commercial & Employment Core,3814,3696,-118,1802
7208,2024,Weekday,Commercial & Employment Core,10671,11040,369,4526
7208,2024,Weekend,Commercial & Employment Core,4295,4246,-49,1829
7208,2025,Weekday,Commercial & Employment Core,11993,12488,495,4612
7208,2025,Weekend,Commercial & Employment Core,5376,5561,185,1811
7209,2022,Weekday,Residential & Inner-Suburban Feeder,3613,3911,298,2895
7209,2022,Weekend,Residential & Inner-Suburban Feeder,2166,2144,-22,1311
7209,2023,Weekday,Residential & Inner-Suburban Feeder,5182,5416,234,3650
7209,2023,Weekend,Residential & Inner-Suburban Feeder,2391,2455,64,1582
7209,2024,Weekday,Residential & Inner-Suburban Feeder,6603,6920,317,3935
7209,2024,Weekend,Residential & Inner-Suburban Feeder,2977,3072,95,1647
7209,2025,Weekday,Residential & Inner-Suburban Feeder,6315,6623,308,3744
7209,2025,Weekend,Residential & Inner-Suburban Feeder,3194,3226,32,1594
7210,2022,Weekday,Residential & Inner-Suburban Feeder,2169,2212,43,2338
7210,2022,Weekend,Residential & Inner-Suburban Feeder,687,754,67,807
7210,2023,Weekday,Residential & Inner-Suburban Feeder,3088,3186,98,2971
7210,2023,Weekend,Residential & Inner-Suburban Feeder,983,1069,86,1058
7210,2024,Weekday,Residential & Inner-Suburban Feeder,3763,3912,149,3195
7210,2024,Weekend,Residential & Inner-Suburban Feeder,1194,1209,15,1167
7210,2025,Weekday,Residential & Inner-Suburban Feeder,4477,4730,253,3388
7210,2025,Weekend,Residential & Inner-Suburban Feeder,1659,1734,75,1294
7211,2022,Weekday,Commercial & Employment Core,7976,8413,437,3922
7211,2022,Weekend,Commercial & Employment Core,4043,4253,210,1684
7211,2023,Weekday,Commercial & Employment Core,9717,9910,193,4216
7211,2023,Weekend,Commercial & Employment Core,4120,4199,79,1755
7211,2024,Weekday,Commercial & Employment Core,8905,9149,244,4185
7211,2024,Weekend,Commercial & Employment Core,3554,3625,71,1735
7211,2025,Weekday,Commercial & Employment Core,8224,8459,235,3873
7211,2025,Weekend,Commercial & Employment Core,3765,3869,104,1658
7216,2022,Weekday,Residential & Inner-Suburban Feeder,7350,7257,-93,3493
7216,2022,Weekend,Residential & Inner-Suburban Feeder,3226,3221,-5,1466
7216,2023,Weekday,Residential & Inner-Suburban Feeder,9464,9809,345,4051
7216,2023,Weekend,Residential & Inner-Suburban Feeder,3782,3837,55,1686
7216,2024,Weekday,Residential & Inner-Suburban Feeder,11740,11984,244,4254
7216,2024,Weekend,Residential & Inner-Suburban Feeder,4346,4397,51,1771
7216,2025,Weekday,Residential & Inner-Suburban Feeder,12207,13124,917,4231
7216,2025,Weekend,Residential & Inner-Suburban Feeder,5280,5467,187,1746
7217,2022,Weekday,Commercial & Employment Core,16884,18335,1451,4540
7217,2022,Weekend,Commercial & Employment Core,6887,7622,735,1836
7217,2023,Weekday,Commercial & Employment Core,15461,15750,289,4559
7217,2023,Weekend,Commercial & Employment Core,5285,5375,90,1845
7217,2024,Weekday,Commercial & Employment Core,20681,22095,1414,4924
7217,2024,Weekend,Commercial & Employment Core,6562,7039,477,1956
7217,2025,Weekday,Commercial & Employment Core,24034,25403,1369,4921
7217,2025,Weekend,Commercial & Employment Core,7968,8381,413,1972
7220,2022,Weekday,Leisure & Waterfront,4711,4864,153,1962
7220,2022,Weekend,Leisure & Waterfront,4625,4712,87,1007
7220,2023,Weekday,Leisure & Waterfront,2975,3232,257,1999
7220,2023,Weekend,Leisure & Waterfront,2366,2507,141,978
7220,2024,Weekday,Leisure & Waterfront,3092,3344,252,2055
7220,2024,Weekend,Leisure & Waterfront,2472,2548,76,1022
7220,2025,Weekday,Leisure & Waterfront,3117,3453,336,1909
7220,2025,Weekend,Leisure & Waterfront,2603,2883,280,958
7221,2022,Weekday,Commercial & Employment Core,1766,1502,-264,1806
7221,2022,Weekend,Commercial & Employment Core,726,651,-75,697
7221,2023,Weekday,Commercial & Employment Core,2511,2310,-201,2475
7221,2023,Weekend,Commercial & Employment Core,785,739,-46,816
7221,2024,Weekday,Commercial & Employment Core,2204,2169,-35,2133
7221,2024,Weekend,Commercial & Employment Core,836,824,-12,808
7221,2025,Weekday,Commercial & Employment Core,2339,2387,48,2252
7221,2025,Weekend,Commercial & Employment Core,1041,1053,12,970
7222,2022,Weekday,Leisure & Waterfront,5383,5712,329,2164
7222,2022,Weekend,Leisure & Waterfront,5369,5924,555,1001
7222,2023,Weekday,Leisure & Waterfront,4187,4713,526,2297
7222,2023,Weekend,Leisure & Waterfront,2730,2910,180,1019
7222,2024,Weekday,Leisure & Waterfront,4845,5067,222,2349
7222,2024,Weekend,Leisure & Waterfront,3051,3123,72,1020
7222,2025,Weekday,Leisure & Waterfront,4942,5267,325,2142
7222,2025,Weekend,Leisure & Waterfront,3570,3626,56,948
7223,2022,Weekday,Leisure & Waterfront,1583,1720,137,1651
7223,2022,Weekend,Leisure & Waterfront,1066,1127,61,810
7223,2023,Weekday,Leisure & Waterfront,2574,2710,136,2479
7223,2023,Weekend,Leisure & Waterfront,1206,1332,126,1010
7223,2024,Weekday,Leisure & Waterfront,3111,3340,229,2777
7223,2024,Weekend,Leisure & Waterfront,1700,1818,118,1251
7223,2025,Weekday,Leisure & Waterfront,3613,3807,194,2946
7223,2025,Weekend,Leisure & Waterfront,1803,2064,261,1254
7224,2022,Weekday,Leisure & Waterfront,1432,1164,-268,1238
7224,2022,Weekend,Leisure & Waterfront,1181,1017,-164,736
7224,2023,Weekday,Leisure & Waterfront,1858,1415,-443,1717
7224,2023,Weekend,Leisure & Waterfront,1102,1032,-70,787
7224,2024,Weekday,Leisure & Waterfront,2636,2149,-487,2000
7224,2024,Weekend,Leisure & Waterfront,1483,1297,-186,952
7224,2025,Weekday,Leisure & Waterfront,2256,2032,-224,1792
7224,2025,Weekend,Leisure & Waterfront,1463,1315,-148,882
7225,2022,Weekday,Leisure & Waterfront,2623,2758,135,1711
7225,2022,Weekend,Leisure & Waterfront,2287,2309,22,922
7225,2023,Weekday,Leisure & Waterfront,2225,2506,281,1950
7225,2023,Weekend,Leisure & Waterfront,1468,1589,121,942
7225,2024,Weekday,Leisure & Waterfront,2318,2789,471,2055
7225,2024,Weekend,Leisure & Waterfront,1434,1633,199,947
7225,2025,Weekday,Leisure & Waterfront,2426,2607,181,1940
7225,2025,Weekend,Leisure & Waterfront,1537,1579,42,889
7226,2022,Weekday,Leisure & Waterfront,5623,5793,170,2298
7226,2022,Weekend,Leisure & Waterfront,5719,5729,10,1056
7226,2023,Weekday,Leisure & Waterfront,3744,3820,76,2300
7226,2023,Weekend,Leisure & Waterfront,2975,2937,-38,1035
7226,2024,Weekday,Leisure & Waterfront,4447,4770,323,2606
7226,2024,Weekend,Leisure & Waterfront,3062,2925,-137,1110
7226,2025,Weekday,Leisure & Waterfront,4336,4615,279,2524
7226,2025,Weekend,Leisure & Waterfront,3293,3183,-110,1143
7227,2022,Weekday,Leisure & Waterfront,5068,5285,217,2092
7227,2022,Weekend,Leisure & Waterfront,4927,4861,-66,1017
7227,2023,Weekday,Leisure & Waterfront,3566,3723,157,2033
7227,2023,Weekend,Leisure & Waterfront,2865,2670,-195,996
7227,2024,Weekday,Leisure & Waterfront,4282,4216,-66,2108
7227,2024,Weekend,Leisure & Waterfront,3273,2905,-368,1055
7227,2025,Weekday,Leisure & Waterfront,4274,4200,-74,1956
7227,2025,Weekend,Leisure & Waterfront,3415,3176,-239,1029
7228,2022,Weekday,Leisure & Waterfront,1338,1384,46,1571
7228,2022,Weekend,Leisure & Waterfront,656,635,-21,634
7228,2023,Weekday,Leisure & Waterfront,1478,1584,106,1834
7228,2023,Weekend,Leisure & Waterfront,551,610,59,649
7228,2024,Weekday,Leisure & Waterfront,1805,1862,57,2072
7228,2024,Weekend,Leisure & Waterfront,724,737,13,745
7228,2025,Weekday,Leisure & Waterfront,1884,1881,-3,1984
7228,2025,Weekend,Leisure & Waterfront,772,796,24,795
7229,2022,Weekday,Commercial & Employment Core,1310,1298,-12,1587
7229,2022,Weekend,Commercial & Employment Core,569,583,14,616
7229,2023,Weekday,Commercial & Employment Core,2195,1979,-216,2355
7229,2023,Weekend,Commercial & Employment Core,840,797,-43,903
7229,2024,Weekday,Commercial & Employment Core,2612,2597,-15,2691
7229,2024,Weekend,Commercial & Employment Core,1125,1102,-23,1089
7229,2025,Weekday,Commercial & Employment Core,2325,2334,9,2370
7229,2025,Weekend,Commercial & Employment Core,1038,1141,103,1025
7230,2022,Weekday,Commercial & Employment Core,3362,3619,257,2846
7230,2022,Weekend,Commercial & Employment Core,1394,1469,75,1087
7230,2023,Weekday,Commercial & Employment Core,3111,3438,327,3038
7230,2023,Weekend,Commercial & Employment Core,1309,1300,-9,1135
7230,2024,Weekday,Commercial & Employment Core,4464,4516,52,3469
7230,2024,Weekend,Commercial & Employment Core,1709,1815,106,1328
7230,2025,Weekday,Commercial & Employment Core,4787,4895,108,3354
7230,2025,Weekend,Commercial & Employment Core,1832,1941,109,1300
7231,2022,Weekday,Residential & Inner-Suburban Feeder,2063,2180,117,2387
7231,2022,Weekend,Residential & Inner-Suburban Feeder,774,788,14,875
7231,2023,Weekday,Residential & Inner-Suburban Feeder,3330,3424,94,3132
7231,2023,Weekend,Residential & Inner-Suburban Feeder,1163,1212,49,1203
7231,2024,Weekday,Residential & Inner-Suburban Feeder,3849,3949,100,3344
7231,2024,Weekend,Residential & Inner-Suburban Feeder,1212,1320,108,1203
7231,2025,Weekday,Residential & Inner-Suburban Feeder,3896,3985,89,3090
7231,2025,Weekend,Residential & Inner-Suburban Feeder,1305,1413,108,1193
7232,2022,Weekday,Residential & Inner-Suburban Feeder,2199,2204,5,2222
7232,2022,Weekend,Residential & Inner-Suburban Feeder,933,989,56,852
7232,2023,Weekday,Residential & Inner-Suburban Feeder,2313,2549,236,2554
7232,2023,Weekend,Residential & Inner-Suburban Feeder,963,1086,123,1002
7232,2024,Weekday,Residential & Inner-Suburban Feeder,3537,3732,195,3173
7232,2024,Weekend,Residential & Inner-Suburban Feeder,1470,1514,44,1269
7232,2025,Weekday,Residential & Inner-Suburban Feeder,3855,4061,206,3199
7232,2025,Weekend,Residential & Inner-Suburban Feeder,1559,1620,61,1282
7233,2022,Weekday,Residential & Inner-Suburban Feeder,4110,4084,-26,3172
7233,2022,Weekend,Residential & Inner-Suburban Feeder,1662,1669,7,1342
7233,2023,Weekday,Residential & Inner-Suburban Feeder,3603,3585,-18,3144
7233,2023,Weekend,Residential & Inner-Suburban Feeder,1328,1396,68,1237
7233,2024,Weekday,Residential & Inner-Suburban Feeder,3963,4057,94,3277
7233,2024,Weekend,Residential & Inner-Suburban Feeder,1411,1392,-19,1305
7233,2025,Weekday,Residential & Inner-Suburban Feeder,4854,5085,231,3415
7233,2025,Weekend,Residential & Inner-Suburban Feeder,1825,1836,11,1363
7234,2022,Weekday,Commercial & Employment Core,2791,2738,-53,2511
7234,2022,Weekend,Commercial & Employment Core,1456,1453,-3,1095
7234,2023,Weekday,Commercial & Employment Core,3221,3151,-70,2788
7234,2023,Weekend,Commercial & Employment Core,1299,1383,84,1113
7234,2024,Weekday,Commercial & Employment Core,4668,4711,43,3349
7234,2024,Weekend,Commercial & Employment Core,2009,2007,-2,1374
7234,2025,Weekday,Commercial & Employment Core,4366,4484,118,2893
7234,2025,Weekend,Commercial & Employment Core,2163,2261,98,1274
7235,2022,Weekday,Commercial & Employment Core,9543,8972,-571,4247
7235,2022,Weekend,Commercial & Employment Core,2635,2448,-187,1618
7235,2023,Weekday,Commercial & Employment Core,12344,12084,-260,4580
7235,2023,Weekend,Commercial & Employment Core,2715,2710,-5,1703
7235,2024,Weekday,Commercial & Employment Core,12781,12527,-254,4599
7235,2024,Weekend,Commercial & Employment Core,2771,2726,-45,1738
7235,2025,Weekday,Commercial & Employment Core,15559,15587,28,4454
7235,2025,Weekend,Commercial & Employment Core,3623,3652,29,1643
7236,2022,Weekday,Commercial & Employment Core,5942,6337,395,3421
7236,2022,Weekend,Commercial & Employment Core,2667,2784,117,1385
7236,2023,Weekday,Commercial & Employment Core,7579,7948,369,3640
7236,2023,Weekend,Commercial & Employment Core,2355,2475,120,1395
7236,2024,Weekday,Commercial & Employment Core,6798,7848,1050,3990
7236,2024,Weekend,Commercial & Employment Core,2188,2884,696,1536
7236,2025,Weekday,Commercial & Employment Core,6410,7703,1293,3628
7236,2025,Weekend,Commercial & Employment Core,2290,2774,484,1473
7237,2022,Weekday,Residential & Inner-Suburban Feeder,2943,2715,-228,2977
7237,2022,Weekend,Residential & Inner-Suburban Feeder,1155,1118,-37,1139
7237,2023,Weekday,Residential & Inner-Suburban Feeder,4117,3892,-225,3609
7237,2023,Weekend,Residential & Inner-Suburban Feeder,1296,1256,-40,1200
7237,2024,Weekday,Residential & Inner-Suburban Feeder,5301,5415,114,3817
7237,2024,Weekend,Residential & Inner-Suburban Feeder,1770,1878,108,1485
7237,2025,Weekday,Residential & Inner-Suburban Feeder,6174,6342,168,3877
7237,2025,Weekend,Residential & Inner-Suburban Feeder,1976,2074,98,1436
7238,2022,Weekday,Residential & Inner-Suburban Feeder,2354,2310,-44,2405
7238,2022,Weekend,Residential & Inner-Suburban Feeder,886,950,64,880
7238,2023,Weekday,Residential & Inner-Suburban Feeder,2795,2683,-112,2665
7238,2023,Weekend,Residential & Inner-Suburban Feeder,1057,1085,28,1014
7238,2024,Weekday,Residential & Inner-Suburban Feeder,3366,3361,-5,2874
7238,2024,Weekend,Residential & Inner-Suburban Feeder,1248,1240,-8,1115
7238,2025,Weekday,Residential & Inner-Suburban Feeder,3326,3404,78,2691
7238,2025,Weekend,Residential & Inner-Suburban Feeder,1284,1329,45,1055
7239,2022,Weekday,Commercial & Employment Core,8712,8194,-518,3777
7239,2022,Weekend,Commercial & Employment Core,3738,3567,-171,1507
7239,2023,Weekday,Commercial & Employment Core,12420,11653,-767,4471
7239,2023,Weekend,Commercial & Employment Core,4956,4789,-167,1734
7239,2024,Weekday,Commercial & Employment Core,15916,14222,-1694,4575
7239,2024,Weekend,Commercial & Employment Core,6920,5961,-959,1838
7239,2025,Weekday,Commercial & Employment Core,18785,15197,-3588,4654
7239,2025,Weekend,Commercial & Employment Core,8305,6657,-1648,1910
7240,2022,Weekday,Commercial & Employment Core,8815,8169,-646,3956
7240,2022,Weekend,Commercial & Employment Core,4156,3748,-408,1582
7240,2023,Weekday,Commercial & Employment Core,13053,10480,-2573,4505
7240,2023,Weekend,Commercial & Employment Core,4931,4207,-724,1814
7240,2024,Weekday,Commercial & Employment Core,12644,11360,-1284,4583
7240,2024,Weekend,Commercial & Employment Core,5746,4981,-765,1861
7240,2025,Weekday,Commercial & Employment Core,16531,13707,-2824,4624
7240,2025,Weekend,Commercial & Employment Core,8160,6746,-1414,1905
7241,2022,Weekday,Commercial & Employment Core,3978,3777,-201,3104
7241,2022,Weekend,Commercial & Employment Core,1781,1715,-66,1308
7241,2023,Weekday,Commercial & Employment Core,2042,1639,-403,1601
7241,2023,Weekend,Commercial & Employment Core,749,690,-59,576
7241,2024,Weekday,Commercial & Employment Core,2152,2148,-4,1761
7241,2024,Weekend,Commercial & Employment Core,829,914,85,738
7241,2025,Weekday,Commercial & Employment Core,2829,2872,43,2505
7241,2025,Weekend,Commercial & Employment Core,1217,1254,37,1133
7242,2022,Weekday,Leisure & Waterfront,12280,11986,-294,2604
7242,2022,Weekend,Leisure & Waterfront,11925,11854,-71,1253
7242,2023,Weekday,Leisure & Waterfront,6477,6125,-352,2374
7242,2023,Weekend,Leisure & Waterfront,5300,5039,-261,1198
7242,2024,Weekday,Leisure & Waterfront,5550,5470,-80,2207
7242,2024,Weekend,Leisure & Waterfront,3926,3607,-319,1160
7242,2025,Weekday,Leisure & Waterfront,5119,4952,-167,2078
7242,2025,Weekend,Leisure & Waterfront,4011,3783,-228,1065
7243,2022,Weekday,Leisure & Waterfront,1620,1606,-14,1527
7243,2022,Weekend,Leisure & Waterfront,1057,1072,15,698
7243,2023,Weekday,Leisure & Waterfront,2208,2229,21,2065
7243,2023,Weekend,Leisure & Waterfront,1089,1039,-50,778
7243,2024,Weekday,Leisure & Waterfront,3027,3154,127,2449
7243,2024,Weekend,Leisure & Waterfront,1542,1446,-96,957
7243,2025,Weekday,Leisure & Waterfront,3406,3486,80,2628
7243,2025,Weekend,Leisure & Waterfront,1737,1668,-69,1033
7244,2022,Weekday,Leisure & Waterfront,1664,1722,58,1696
7244,2022,Weekend,Leisure & Waterfront,1071,1077,6,760
7244,2023,Weekday,Leisure & Waterfront,2013,2068,55,2153
7244,2023,Weekend,Leisure & Waterfront,1102,1090,-12,917
7244,2024,Weekday,Leisure & Waterfront,2787,2871,84,2584
7244,2024,Weekend,Leisure & Waterfront,1313,1342,29,1105
7244,2025,Weekday,Leisure & Waterfront,3184,3242,58,2722
7244,2025,Weekend,Leisure & Waterfront,1730,1770,40,1204
7245,2022,Weekday,Commercial & Employment Core,9229,9313,84,4130
7245,2022,Weekend,Commercial & Employment Core,4176,4125,-51,1686
7245,2023,Weekday,Commercial & Employment Core,13455,13696,241,4825
7245,2023,Weekend,Commercial & Employment Core,6002,6073,71,1973
7245,2024,Weekday,Commercial & Employment Core,15192,15761,569,4934
7245,2024,Weekend,Commercial & Employment Core,6110,6285,175,2009
7245,2025,Weekday,Commercial & Employment Core,762,736,-26,556
7245,2025,Weekend,Commercial & Employment Core,250,282,32,198
7246,2022,Weekday,Commercial & Employment Core,12424,11827,-597,4389
7246,2022,Weekend,Commercial & Employment Core,4681,4522,-159,1796
7246,2023,Weekday,Commercial & Employment Core,18624,18218,-406,4996
7246,2023,Weekend,Commercial & Employment Core,5642,5596,-46,2025
7246,2024,Weekday,Commercial & Employment Core,20027,20387,360,5021
7246,2024,Weekend,Commercial & Employment Core,5809,5925,116,1972
7246,2025,Weekday,Commercial & Employment Core,21048,21189,141,5027
7246,2025,Weekend,Commercial & Employment Core,6482,6602,120,1972
7247,2022,Weekday,Commercial & Employment Core,2247,2211,-36,2196
7247,2022,Weekend,Commercial & Employment Core,877,897,20,807
7247,2023,Weekday,Commercial & Employment Core,2542,2450,-92,2524
7247,2023,Weekend,Commercial & Employment Core,966,902,-64,876
7247,2024,Weekday,Commercial & Employment Core,2933,2996,63,2777
7247,2024,Weekend,Commercial & Employment Core,1187,1208,21,1125
7247,2025,Weekday,Commercial & Employment Core,3538,3653,115,2843
7247,2025,Weekend,Commercial & Employment Core,1531,1561,30,1203
7248,2022,Weekday,Commercial & Employment Core,10418,10704,286,4306
7248,2022,Weekend,Commercial & Employment Core,5158,5322,164,1796
7248,2023,Weekday,Commercial & Employment Core,18138,18577,439,4949
7248,2023,Weekend,Commercial & Employment Core,8638,8837,199,2072
7248,2024,Weekday,Commercial & Employment Core,24238,24586,348,5320
7248,2024,Weekend,Commercial & Employment Core,10151,10371,220,2188
7248,2025,Weekday,Commercial & Employment Core,19829,20037,208,5006
7248,2025,Weekend,Commercial & Employment Core,8570,9006,436,2060
7249,2022,Weekday,Residential & Inner-Suburban Feeder,2153,2230,77,2188
7249,2022,Weekend,Residential & Inner-Suburban Feeder,954,945,-9,902
7249,2023,Weekday,Residential & Inner-Suburban Feeder,2747,2940,193,2629
7249,2023,Weekend,Residential & Inner-Suburban Feeder,1170,1118,-52,1031
7249,2024,Weekday,Residential & Inner-Suburban Feeder,2510,2653,143,2095
7249,2024,Weekend,Residential & Inner-Suburban Feeder,1008,988,-20,831
7249,2025,Weekday,Residential & Inner-Suburban Feeder,9148,5979,-3169,3343
7249,2025,Weekend,Residential & Inner-Suburban Feeder,4248,2860,-1388,1477
7250,2022,Weekday,Commuter-Heavy Transit Hub,15426,14761,-665,4309
7250,2022,Weekend,Commuter-Heavy Transit Hub,2935,2711,-224,1515
7250,2023,Weekday,Commuter-Heavy Transit Hub,16583,14412,-2171,4459
7250,2023,Weekend,Commuter-Heavy Transit Hub,2950,2595,-355,1634
7250,2024,Weekday,Commuter-Heavy Transit Hub,15082,13985,-1097,4318
7250,2024,Weekend,Commuter-Heavy Transit Hub,2965,2474,-491,1595
7250,2025,Weekday,Commuter-Heavy Transit Hub,13171,13376,205,3803
7250,2025,Weekend,Commuter-Heavy Transit Hub,2407,2287,-120,1399
7251,2022,Weekday,Commercial & Employment Core,12431,11791,-640,4317
7251,2022,Weekend,Commercial & Employment Core,5543,5315,-228,1743
7251,2023,Weekday,Commercial & Employment Core,7945,7475,-470,2575
7251,2023,Weekend,Commercial & Employment Core,2868,2805,-63,1016
7252,2022,Weekday,Commercial & Employment Core,11428,10953,-475,4362
7252,2022,Weekend,Commercial & Employment Core,4311,4132,-179,1768
7252,2023,Weekday,Commercial & Employment Core,15064,14412,-652,4808
7252,2023,Weekend,Commercial & Employment Core,5136,4971,-165,1940
7252,2024,Weekday,Commercial & Employment Core,18378,17448,-930,4928
7252,2024,Weekend,Commercial & Employment Core,6527,6459,-68,1979
7252,2025,Weekday,Commercial & Employment Core,18111,17608,-503,4890
7252,2025,Weekend,Commercial & Employment Core,6465,6562,97,1954
7253,2022,Weekday,Commercial & Employment Core,14076,14248,172,4631
7253,2022,Weekend,Commercial & Employment Core,5654,5752,98,1931
7253,2023,Weekday,Commercial & Employment Core,19187,19348,161,5063
7253,2023,Weekend,Commercial & Employment Core,6578,6727,149,2132
7253,2024,Weekday,Commercial & Employment Core,23120,23669,549,5335
7253,2024,Weekend,Commercial & Employment Core,6843,7086,243,2144
7253,2025,Weekday,Commercial & Employment Core,24227,24652,425,5328
7253,2025,Weekend,Commercial & Employment Core,7421,7616,195,2116
7255,2022,Weekday,Commercial & Employment Core,3760,3851,91,2212
7255,2022,Weekend,Commercial & Employment Core,1586,1595,9,863
7256,2022,Weekday,Commercial & Employment Core,9508,9656,148,4197
7256,2022,Weekend,Commercial & Employment Core,4306,4373,67,1666
7256,2023,Weekday,Commercial & Employment Core,10795,11046,251,4674
7256,2023,Weekend,Commercial & Employment Core,4578,4596,18,1923
7256,2024,Weekday,Commercial & Employment Core,9202,9552,350,4591
7256,2024,Weekend,Commercial & Employment Core,3555,3659,104,1864
7256,2025,Weekday,Commercial & Employment Core,8936,9153,217,4349
7256,2025,Weekend,Commercial & Employment Core,3531,3598,67,1773
7257,2022,Weekday,Commercial & Employment Core,10249,9960,-289,4316
7257,2022,Weekend,Commercial & Employment Core,3445,3259,-186,1711
7257,2023,Weekday,Commercial & Employment Core,14419,14627,208,4969
7257,2023,Weekend,Commercial & Employment Core,4879,4750,-129,2025
7257,2024,Weekday,Commercial & Employment Core,16127,16221,94,5099
7257,2024,Weekend,Commercial & Employment Core,4766,4695,-71,2058
7257,2025,Weekday,Commercial & Employment Core,18971,19235,264,5075
7257,2025,Weekend,Commercial & Employment Core,5380,5577,197,1960
7258,2022,Weekday,Residential & Inner-Suburban Feeder,2362,2692,330,2407
7258,2022,Weekend,Residential & Inner-Suburban Feeder,1198,1383,185,915
7258,2023,Weekday,Residential & Inner-Suburban Feeder,3019,3334,315,2841
7258,2023,Weekend,Residential & Inner-Suburban Feeder,1208,1302,94,1044
7258,2024,Weekday,Residential & Inner-Suburban Feeder,3480,3746,266,3105
7258,2024,Weekend,Residential & Inner-Suburban Feeder,1393,1519,126,1174
7258,2025,Weekday,Residential & Inner-Suburban Feeder,3518,3868,350,2985
7258,2025,Weekend,Residential & Inner-Suburban Feeder,1481,1599,118,1179
7259,2022,Weekday,Commercial & Employment Core,7788,8424,636,3572
7259,2022,Weekend,Commercial & Employment Core,4230,4497,267,1436
7259,2023,Weekday,Commercial & Employment Core,7245,7747,502,3885
7259,2023,Weekend,Commercial & Employment Core,3297,3436,139,1530
7259,2024,Weekday,Commercial & Employment Core,8897,9233,336,4107
7259,2024,Weekend,Commercial & Employment Core,3582,3725,143,1588
7259,2025,Weekday,Commercial & Employment Core,8882,9089,207,4016
7259,2025,Weekend,Commercial & Employment Core,3683,3738,55,1512
7260,2022,Weekday,Commercial & Employment Core,12835,13162,327,4425
7260,2022,Weekend,Commercial & Employment Core,4683,4825,142,1736
7260,2023,Weekday,Commercial & Employment Core,16985,17235,250,4797
7260,2023,Weekend,Commercial & Employment Core,5186,5277,91,1898
7260,2024,Weekday,Commercial & Employment Core,23523,23814,291,5209
7260,2024,Weekend,Commercial & Employment Core,6655,6639,-16,2070
7260,2025,Weekday,Commercial & Employment Core,24269,24791,522,4857
7260,2025,Weekend,Commercial & Employment Core,7101,7332,231,1934
7261,2022,Weekday,Commercial & Employment Core,15574,16526,952,4345
7261,2022,Weekend,Commercial & Employment Core,8537,9121,584,1749
7261,2023,Weekday,Commercial & Employment Core,15603,16045,442,4644
7261,2023,Weekend,Commercial & Employment Core,5762,5902,140,1820
7261,2024,Weekday,Commercial & Employment Core,16349,16760,411,4557
7261,2024,Weekend,Commercial & Employment Core,5544,5806,262,1813
7261,2025,Weekday,Commercial & Employment Core,17313,17683,370,4495
7261,2025,Weekend,Commercial & Employment Core,6713,7028,315,1744
7262,2022,Weekday,Residential & Inner-Suburban Feeder,1204,736,-468,1290
7262,2022,Weekend,Residential & Inner-Suburban Feeder,633,427,-206,592
7262,2023,Weekday,Residential & Inner-Suburban Feeder,1692,1033,-659,1675
7262,2023,Weekend,Residential & Inner-Suburban Feeder,776,453,-323,720
7262,2024,Weekday,Residential & Inner-Suburban Feeder,1724,1457,-267,1730
7262,2024,Weekend,Residential & Inner-Suburban Feeder,606,488,-118,657
7262,2025,Weekday,Residential & Inner-Suburban Feeder,1782,1553,-229,1799
7262,2025,Weekend,Residential & Inner-Suburban Feeder,574,541,-33,624
7263,2022,Weekday,Commercial & Employment Core,13159,13255,96,4731
7263,2022,Weekend,Commercial & Employment Core,2910,2748,-162,1733
7263,2023,Weekday,Commercial & Employment Core,17136,18208,1072,5026
7263,2023,Weekend,Commercial & Employment Core,4002,3835,-167,1975
7263,2024,Weekday,Commercial & Employment Core,2807,2943,136,1141
7263,2024,Weekend,Commercial & Employment Core,486,500,14,378
7264,2022,Weekday,Commercial & Employment Core,8535,8260,-275,4036
7264,2022,Weekend,Commercial & Employment Core,3260,3203,-57,1645
7264,2023,Weekday,Commercial & Employment Core,11399,11070,-329,4524
7264,2023,Weekend,Commercial & Employment Core,3886,3774,-112,1778
7264,2024,Weekday,Commercial & Employment Core,12609,12615,6,4761
7264,2024,Weekend,Commercial & Employment Core,4463,4548,85,1940
7264,2025,Weekday,Commercial & Employment Core,12360,12600,240,4717
7264,2025,Weekend,Commercial & Employment Core,4614,4820,206,1912
7265,2022,Weekday,Residential & Inner-Suburban Feeder,1960,1849,-111,2101
7265,2022,Weekend,Residential & Inner-Suburban Feeder,780,765,-15,827
7265,2023,Weekday,Residential & Inner-Suburban Feeder,1790,1624,-166,2015
7265,2023,Weekend,Residential & Inner-Suburban Feeder,585,569,-16,736
7265,2024,Weekday,Residential & Inner-Suburban Feeder,2469,2455,-14,2517
7265,2024,Weekend,Residential & Inner-Suburban Feeder,880,871,-9,961
7265,2025,Weekday,Residential & Inner-Suburban Feeder,2288,2346,58,2507
7265,2025,Weekend,Residential & Inner-Suburban Feeder,892,914,22,940
7266,2022,Weekday,Commercial & Employment Core,506,466,-40,748
7266,2022,Weekend,Commercial & Employment Core,225,201,-24,313
7266,2023,Weekday,Commercial & Employment Core,638,667,29,1057
7266,2023,Weekend,Commercial & Employment Core,252,270,18,417
7266,2024,Weekday,Commercial & Employment Core,1028,1071,43,1580
7266,2024,Weekend,Commercial & Employment Core,328,312,-16,472
7266,2025,Weekday,Commercial & Employment Core,637,736,99,1050
7266,2025,Weekend,Commercial & Employment Core,213,217,4,339
7267,2022,Weekday,Residential & Inner-Suburban Feeder,3964,3625,-339,3284
7267,2022,Weekend,Residential & Inner-Suburban Feeder,1645,1607,-38,1366
7267,2023,Weekday,Residential & Inner-Suburban Feeder,4553,4345,-208,3691
7267,2023,Weekend,Residential & Inner-Suburban Feeder,1679,1703,24,1472
7267,2024,Weekday,Residential & Inner-Suburban Feeder,4380,4249,-131,3881
7267,2024,Weekend,Residential & Inner-Suburban Feeder,1636,1663,27,1531
7267,2025,Weekday,Residential & Inner-Suburban Feeder,5886,5774,-112,3959
7267,2025,Weekend,Residential & Inner-Suburban Feeder,2000,2073,73,1589
7268,2022,Weekday,Commercial & Employment Core,2197,2352,155,2220
7268,2022,Weekend,Commercial & Employment Core,705,822,117,748
7268,2023,Weekday,Commercial & Employment Core,3337,3473,136,3024
7268,2023,Weekend,Commercial & Employment Core,961,1061,100,1007
7268,2024,Weekday,Commercial & Employment Core,5473,5575,102,3846
7268,2024,Weekend,Commercial & Employment Core,1289,1402,113,1297
7268,2025,Weekday,Commercial & Employment Core,3879,3955,76,3196
7268,2025,Weekend,Commercial & Employment Core,1098,1178,80,1062
7269,2022,Weekday,Commercial & Employment Core,9087,9302,215,3882
7269,2022,Weekend,Commercial & Employment Core,4082,4206,124,1584
7269,2023,Weekday,Commercial & Employment Core,14350,14640,290,4800
7269,2023,Weekend,Commercial & Employment Core,5549,5924,375,1903
7269,2024,Weekday,Commercial & Employment Core,15348,15271,-77,4648
7269,2024,Weekend,Commercial & Employment Core,5718,5869,151,1884
7269,2025,Weekday,Commercial & Employment Core,14936,14984,48,4464
7269,2025,Weekend,Commercial & Employment Core,5890,6069,179,1824
7270,2022,Weekday,Commercial & Employment Core,5000,4626,-374,3490
7270,2022,Weekend,Commercial & Employment Core,1688,1638,-50,1331
7270,2023,Weekday,Commercial & Employment Core,6539,6387,-152,4016
7270,2023,Weekend,Commercial & Employment Core,2074,2053,-21,1514
7270,2024,Weekday,Commercial & Employment Core,9202,8812,-390,4467
7270,2024,Weekend,Commercial & Employment Core,2703,2514,-189,1697
7270,2025,Weekday,Commercial & Employment Core,9426,8533,-893,4534
7270,2025,Weekend,Commercial & Employment Core,3047,3093,46,1758
7271,2022,Weekday,Commercial & Employment Core,12028,10796,-1232,4588
7271,2022,Weekend,Commercial & Employment Core,4640,4336,-304,1911
7271,2023,Weekday,Commercial & Employment Core,16336,14476,-1860,5087
7271,2023,Weekend,Commercial & Employment Core,5723,5404,-319,2120
7271,2024,Weekday,Commercial & Employment Core,17588,17015,-573,5199
7271,2024,Weekend,Commercial & Employment Core,5961,5928,-33,2121
7271,2025,Weekday,Commercial & Employment Core,19163,19172,9,5276
7271,2025,Weekend,Commercial & Employment Core,6888,7040,152,2112
7272,2022,Weekday,Commercial & Employment Core,9384,8776,-608,4532
7272,2022,Weekend,Commercial & Employment Core,3465,3342,-123,1808
7272,2023,Weekday,Commercial & Employment Core,13075,11826,-1249,4851
7272,2023,Weekend,Commercial & Employment Core,4630,4472,-158,1993
7272,2024,Weekday,Commercial & Employment Core,11689,11462,-227,4736
7272,2024,Weekend,Commercial & Employment Core,4127,4017,-110,1953
7272,2025,Weekday,Commercial & Employment Core,13842,12995,-847,4632
7272,2025,Weekend,Commercial & Employment Core,4814,4828,14,1918
7273,2022,Weekday,Commercial & Employment Core,9519,7519,-2000,4119
7273,2022,Weekend,Commercial & Employment Core,3684,2957,-727,1653
7273,2023,Weekday,Commercial & Employment Core,13004,10483,-2521,4673
7273,2023,Weekend,Commercial & Employment Core,3957,3208,-749,1823
7273,2024,Weekday,Commercial & Employment Core,12838,11080,-1758,4559
7273,2024,Weekend,Commercial & Employment Core,4081,3438,-643,1812
7273,2025,Weekday,Commercial & Employment Core,13758,10713,-3045,4446
7273,2025,Weekend,Commercial & Employment Core,3810,3523,-287,1750
7274,2022,Weekday,Commuter-Heavy Transit Hub,6277,6043,-234,3557
7274,2022,Weekend,Commuter-Heavy Transit Hub,1601,1506,-95,1147
7274,2023,Weekday,Commuter-Heavy Transit Hub,7142,6632,-510,4002
7274,2023,Weekend,Commuter-Heavy Transit Hub,1448,1366,-82,1196
7274,2024,Weekday,Commuter-Heavy Transit Hub,8111,8055,-56,4072
7274,2024,Weekend,Commuter-Heavy Transit Hub,1424,1348,-76,1262
7274,2025,Weekday,Commuter-Heavy Transit Hub,5715,5769,54,2771
7274,2025,Weekend,Commuter-Heavy Transit Hub,1018,1004,-14,832
7275,2022,Weekday,Commercial & Employment Core,8447,8233,-214,3520
7275,2022,Weekend,Commercial & Employment Core,3841,3823,-18,1343
7275,2023,Weekday,Commercial & Employment Core,979,983,4,761
7275,2023,Weekend,Commercial & Employment Core,339,313,-26,264
7276,2022,Weekday,Commercial & Employment Core,6175,5844,-331,3464
7276,2022,Weekend,Commercial & Employment Core,2365,2175,-190,1308
7276,2023,Weekday,Commercial & Employment Core,7500,6920,-580,3749
7276,2023,Weekend,Commercial & Employment Core,2592,2361,-231,1388
7276,2024,Weekday,Commercial & Employment Core,8432,8112,-320,3931
7276,2024,Weekend,Commercial & Employment Core,2983,2891,-92,1491
7276,2025,Weekday,Commercial & Employment Core,7879,7839,-40,3679
7276,2025,Weekend,Commercial & Employment Core,2589,2613,24,1341
7277,2022,Weekday,Leisure & Waterfront,1489,1358,-131,1642
7277,2022,Weekend,Leisure & Waterfront,793,748,-45,670
7277,2023,Weekday,Leisure & Waterfront,1673,1485,-188,1849
7277,2023,Weekend,Leisure & Waterfront,798,805,7,754
7277,2024,Weekday,Leisure & Waterfront,1421,1344,-77,1601
7277,2024,Weekend,Leisure & Waterfront,803,788,-15,722
7277,2025,Weekday,Leisure & Waterfront,1520,1480,-40,1682
7277,2025,Weekend,Leisure & Waterfront,887,856,-31,800
7278,2022,Weekday,Residential & Inner-Suburban Feeder,2513,2762,249,2552
7278,2022,Weekend,Residential & Inner-Suburban Feeder,849,996,147,890
7278,2023,Weekday,Residential & Inner-Suburban Feeder,3727,4083,356,3162
7278,2023,Weekend,Residential & Inner-Suburban Feeder,1084,1237,153,1114
7278,2024,Weekday,Residential & Inner-Suburban Feeder,3670,3873,203,3090
7278,2024,Weekend,Residential & Inner-Suburban Feeder,1082,1231,149,1100
7278,2025,Weekday,Residential & Inner-Suburban Feeder,3681,4012,331,3062
7278,2025,Weekend,Residential & Inner-Suburban Feeder,961,1137,176,990
7279,2022,Weekday,Leisure & Waterfront,796,467,-329,817
7279,2022,Weekend,Leisure & Waterfront,431,300,-131,355
7279,2023,Weekday,Leisure & Waterfront,925,585,-340,1014
7279,2023,Weekend,Leisure & Waterfront,362,286,-76,386
7279,2024,Weekday,Leisure & Waterfront,935,809,-126,1136
7279,2024,Weekend,Leisure & Waterfront,477,352,-125,499
7279,2025,Weekday,Leisure & Waterfront,805,868,63,1045
7279,2025,Weekend,Leisure & Waterfront,367,396,29,442
7280,2022,Weekday,Commercial & Employment Core,7099,4720,-2379,3773
7280,2022,Weekend,Commercial & Employment Core,2387,1795,-592,1417
7280,2023,Weekday,Commercial & Employment Core,8774,5993,-2781,4308
7280,2023,Weekend,Commercial & Employment Core,2642,2051,-591,1643
7280,2024,Weekday,Commercial & Employment Core,8865,6894,-1971,4336
7280,2024,Weekend,Commercial & Employment Core,2508,2097,-411,1660
7280,2025,Weekday,Commercial & Employment Core,6360,5131,-1229,3184
7280,2025,Weekend,Commercial & Employment Core,1948,1817,-131,1247
7281,2022,Weekday,Commercial & Employment Core,13233,11753,-1480,4563
7281,2022,Weekend,Commercial & Employment Core,4413,3801,-612,1784
7281,2023,Weekday,Commercial & Employment Core,18501,15576,-2925,5017
7281,2023,Weekend,Commercial & Employment Core,5418,4914,-504,2002
7281,2024,Weekday,Commercial & Employment Core,19974,18377,-1597,5142
7281,2024,Weekend,Commercial & Employment Core,6069,5555,-514,2122
7281,2025,Weekday,Commercial & Employment Core,22006,17632,-4374,5067
7281,2025,Weekend,Commercial & Employment Core,6219,5367,-852,2021
7282,2022,Weekday,Commuter-Heavy Transit Hub,9113,12972,3859,2904
7282,2022,Weekend,Commuter-Heavy Transit Hub,1590,1879,289,961
7282,2024,Weekday,Commuter-Heavy Transit Hub,5572,5853,281,2275
7282,2024,Weekend,Commuter-Heavy Transit Hub,1032,1410,378,876
7282,2025,Weekday,Commuter-Heavy Transit Hub,14772,22373,7601,4248
7282,2025,Weekend,Commuter-Heavy Transit Hub,1993,2435,442,1389
7283,2022,Weekday,Commercial & Employment Core,6501,6583,82,3739
7283,2022,Weekend,Commercial & Employment Core,2340,2254,-86,1406
7283,2023,Weekday,Commercial & Employment Core,9927,9928,1,4385
7283,2023,Weekend,Commercial & Employment Core,2283,2379,96,1579
7283,2024,Weekday,Commercial & Employment Core,12144,12921,777,4586
7283,2024,Weekend,Commercial & Employment Core,2770,2819,49,1720
7283,2025,Weekday,Commercial & Employment Core,15116,23210,8094,4602
7283,2025,Weekend,Commercial & Employment Core,3814,3892,78,1731
7284,2022,Weekday,Commuter-Heavy Transit Hub,8530,8383,-147,3805
7284,2022,Weekend,Commuter-Heavy Transit Hub,2530,2556,26,1494
7284,2023,Weekday,Commuter-Heavy Transit Hub,12187,11481,-706,4252
7284,2023,Weekend,Commuter-Heavy Transit Hub,2529,2705,176,1602
7284,2024,Weekday,Commuter-Heavy Transit Hub,9766,9498,-268,3945
7284,2024,Weekend,Commuter-Heavy Transit Hub,1660,1593,-67,1353
7284,2025,Weekday,Commuter-Heavy Transit Hub,10039,9580,-459,3834
7284,2025,Weekend,Commuter-Heavy Transit Hub,1603,1626,23,1256
7285,2022,Weekday,Commercial & Employment Core,14186,12289,-1897,4330
7285,2022,Weekend,Commercial & Employment Core,4734,4105,-629,1732
7285,2023,Weekday,Commercial & Employment Core,21178,18034,-3144,4951
7285,2023,Weekend,Commercial & Employment Core,6371,5273,-1098,1918
7285,2024,Weekday,Commercial & Employment Core,24328,21474,-2854,5060
7285,2024,Weekend,Commercial & Employment Core,7569,6368,-1201,2002
7285,2025,Weekday,Commercial & Employment Core,24185,21191,-2994,4979
7285,2025,Weekend,Commercial & Employment Core,7027,6166,-861,1863
7286,2022,Weekday,Commercial & Employment Core,3515,4033,518,2932
7286,2022,Weekend,Commercial & Employment Core,1651,1850,199,1213
7286,2023,Weekday,Commercial & Employment Core,8600,8857,257,4116
7286,2023,Weekend,Commercial & Employment Core,3038,3138,100,1594
7286,2024,Weekday,Commercial & Employment Core,9261,9450,189,4288
7286,2024,Weekend,Commercial & Employment Core,3384,3532,148,1679
7286,2025,Weekday,Commercial & Employment Core,7703,8044,341,3859
7286,2025,Weekend,Commercial & Employment Core,2828,3078,250,1501
7287,2022,Weekday,Residential & Inner-Suburban Feeder,2668,2923,255,2593
7287,2022,Weekend,Residential & Inner-Suburban Feeder,1296,1416,120,1023
7287,2023,Weekday,Residential & Inner-Suburban Feeder,3960,4420,460,3175
7287,2023,Weekend,Residential & Inner-Suburban Feeder,1473,1636,163,1151
7287,2024,Weekday,Residential & Inner-Suburban Feeder,3760,4144,384,3210
7287,2024,Weekend,Residential & Inner-Suburban Feeder,1282,1474,192,1171
7287,2025,Weekday,Residential & Inner-Suburban Feeder,3673,3966,293,2981
7287,2025,Weekend,Residential & Inner-Suburban Feeder,1255,1450,195,1020
7288,2022,Weekday,Leisure & Waterfront,6698,7193,495,2780
7288,2022,Weekend,Leisure & Waterfront,5483,5754,271,1215
7288,2023,Weekday,Leisure & Waterfront,4313,5201,888,2774
7288,2023,Weekend,Leisure & Waterfront,2894,3275,381,1184
7288,2024,Weekday,Leisure & Waterfront,4022,4591,569,2685
7288,2024,Weekend,Leisure & Waterfront,2498,2797,299,1111
7288,2025,Weekday,Leisure & Waterfront,4046,4563,517,2620
7288,2025,Weekend,Leisure & Waterfront,2397,2756,359,1069
7289,2022,Weekday,Leisure & Waterfront,6017,6137,120,2233
7289,2022,Weekend,Leisure & Waterfront,5816,5964,148,1143
7289,2023,Weekday,Leisure & Waterfront,4102,4018,-84,2193
7289,2023,Weekend,Leisure & Waterfront,3363,3187,-176,1096
7289,2024,Weekday,Leisure & Waterfront,4006,3987,-19,2227
7289,2024,Weekend,Leisure & Waterfront,3146,3069,-77,1143
7289,2025,Weekday,Leisure & Waterfront,4177,4347,170,2198
7289,2025,Weekend,Leisure & Waterfront,3254,3290,36,1075
7291,2022,Weekday,Commercial & Employment Core,6347,6375,28,3697
7291,2022,Weekend,Commercial & Employment Core,2498,2623,125,1340
7291,2023,Weekday,Commercial & Employment Core,7550,7929,379,4171
7291,2023,Weekend,Commercial & Employment Core,2390,2450,60,1529
7291,2024,Weekday,Commercial & Employment Core,7858,8118,260,4050
7291,2024,Weekend,Commercial & Employment Core,2205,2422,217,1528
7291,2025,Weekday,Commercial & Employment Core,7397,7658,261,3831
7291,2025,Weekend,Commercial & Employment Core,2354,2371,17,1386
7292,2022,Weekday,Commercial & Employment Core,10299,9375,-924,4386
7292,2022,Weekend,Commercial & Employment Core,4036,3974,-62,1794
7292,2023,Weekday,Commercial & Employment Core,13611,12098,-1513,4786
7292,2023,Weekend,Commercial & Employment Core,4973,4737,-236,1948
7292,2024,Weekday,Commercial & Employment Core,16357,14770,-1587,5030
7292,2024,Weekend,Commercial & Employment Core,5564,5390,-174,2036
7292,2025,Weekday,Commercial & Employment Core,17270,14870,-2400,4933
7292,2025,Weekend,Commercial & Employment Core,5819,5679,-140,2021
7293,2022,Weekday,Commuter-Heavy Transit Hub,2190,1970,-220,1274
7293,2022,Weekend,Commuter-Heavy Transit Hub,441,340,-101,385
7296,2022,Weekday,Residential & Inner-Suburban Feeder,3076,2945,-131,2767
7296,2022,Weekend,Residential & Inner-Suburban Feeder,1188,1179,-9,1083
7296,2023,Weekday,Residential & Inner-Suburban Feeder,3632,3511,-121,3123
7296,2023,Weekend,Residential & Inner-Suburban Feeder,1295,1178,-117,1183
7296,2024,Weekday,Residential & Inner-Suburban Feeder,4874,4722,-152,3532
7296,2024,Weekend,Residential & Inner-Suburban Feeder,1821,1854,33,1422
7296,2025,Weekday,Residential & Inner-Suburban Feeder,4937,4982,45,3401
7296,2025,Weekend,Residential & Inner-Suburban Feeder,2028,2134,106,1427
7297,2022,Weekday,Residential & Inner-Suburban Feeder,1896,1784,-112,2048
7297,2022,Weekend,Residential & Inner-Suburban Feeder,778,687,-91,770
7297,2023,Weekday,Residential & Inner-Suburban Feeder,2118,2003,-115,2243
7297,2023,Weekend,Residential & Inner-Suburban Feeder,888,744,-144,834
7297,2024,Weekday,Residential & Inner-Suburban Feeder,3160,3102,-58,2642
7297,2024,Weekend,Residential & Inner-Suburban Feeder,1072,1052,-20,1023
7297,2025,Weekday,Residential & Inner-Suburban Feeder,3726,3551,-175,2758
7297,2025,Weekend,Residential & Inner-Suburban Feeder,1618,1454,-164,1136
7298,2022,Weekday,Commercial & Employment Core,14466,14959,493,4669
7298,2022,Weekend,Commercial & Employment Core,5530,5704,174,1872
7298,2023,Weekday,Commercial & Employment Core,19737,20213,476,5150
7298,2023,Weekend,Commercial & Employment Core,6728,6961,233,2150
7298,2024,Weekday,Commercial & Employment Core,17821,17753,-68,5054
7298,2024,Weekend,Commercial & Employment Core,6395,6499,104,2099
7298,2025,Weekday,Commercial & Employment Core,16744,16907,163,4846
7298,2025,Weekend,Commercial & Employment Core,6644,6778,134,2029
7299,2022,Weekday,Commercial & Employment Core,10069,10268,199,3788
7299,2022,Weekend,Commercial & Employment Core,5333,5354,21,1585
7299,2023,Weekday,Commercial & Employment Core,10821,11170,349,4354
7299,2023,Weekend,Commercial & Employment Core,4726,4877,151,1700
7299,2024,Weekday,Commercial & Employment Core,14751,14931,180,4683
7299,2024,Weekend,Commercial & Employment Core,5555,5588,33,1798
7299,2025,Weekday,Commercial & Employment Core,15974,16030,56,4384
7299,2025,Weekend,Commercial & Employment Core,6003,6210,207,1712
7301,2022,Weekday,Residential & Inner-Suburban Feeder,503,362,-141,660
7301,2022,Weekend,Residential & Inner-Suburban Feeder,188,172,-16,243
7301,2023,Weekday,Residential & Inner-Suburban Feeder,629,478,-151,875
7301,2023,Weekend,Residential & Inner-Suburban Feeder,236,159,-77,298
7301,2024,Weekday,Residential & Inner-Suburban Feeder,754,720,-34,1094
7301,2024,Weekend,Residential & Inner-Suburban Feeder,364,369,5,501
7301,2025,Weekday,Residential & Inner-Suburban Feeder,826,870,44,1174
7301,2025,Weekend,Residential & Inner-Suburban Feeder,408,398,-10,540
7302,2022,Weekday,Residential & Inner-Suburban Feeder,2222,2152,-70,2363
7302,2022,Weekend,Residential & Inner-Suburban Feeder,959,938,-21,978
7302,2023,Weekday,Residential & Inner-Suburban Feeder,2634,2495,-139,2724
7302,2023,Weekend,Residential & Inner-Suburban Feeder,1147,1116,-31,1159
7302,2024,Weekday,Residential & Inner-Suburban Feeder,2681,2788,107,2752
7302,2024,Weekend,Residential & Inner-Suburban Feeder,1038,1133,95,1112
7302,2025,Weekday,Residential & Inner-Suburban Feeder,2734,2939,205,2602
7302,2025,Weekend,Residential & Inner-Suburban Feeder,1079,1189,110,1040
7303,2022,Weekday,Residential & Inner-Suburban Feeder,1407,1773,366,1603
7303,2022,Weekend,Residential & Inner-Suburban Feeder,1065,1113,48,757
7303,2023,Weekday,Residential & Inner-Suburban Feeder,2367,2584,217,2301
7303,2023,Weekend,Residential & Inner-Suburban Feeder,1013,1031,18,847
7303,2024,Weekday,Residential & Inner-Suburban Feeder,2620,2932,312,2563
7303,2024,Weekend,Residential & Inner-Suburban Feeder,1190,1262,72,1043
7303,2025,Weekday,Residential & Inner-Suburban Feeder,2868,3140,272,2616
7303,2025,Weekend,Residential & Inner-Suburban Feeder,1250,1234,-16,965
7309,2022,Weekday,Residential & Inner-Suburban Feeder,1422,1605,183,1554
7309,2022,Weekend,Residential & Inner-Suburban Feeder,908,907,-1,796
7309,2023,Weekday,Residential & Inner-Suburban Feeder,2538,2752,214,2525
7309,2023,Weekend,Residential & Inner-Suburban Feeder,1130,1101,-29,981
7309,2024,Weekday,Residential & Inner-Suburban Feeder,2536,2654,118,2588
7309,2024,Weekend,Residential & Inner-Suburban Feeder,1032,1015,-17,954
7309,2025,Weekday,Residential & Inner-Suburban Feeder,2099,2263,164,2112
7309,2025,Weekend,Residential & Inner-Suburban Feeder,945,912,-33,828
7311,2022,Weekday,Commercial & Employment Core,12111,10555,-1556,4577
7311,2022,Weekend,Commercial & Employment Core,4526,4034,-492,1885
7311,2023,Weekday,Commercial & Employment Core,16184,13317,-2867,5029
7311,2023,Weekend,Commercial & Employment Core,5294,4875,-419,2041
7311,2024,Weekday,Commercial & Employment Core,14984,13938,-1046,5039
7311,2024,Weekend,Commercial & Employment Core,5442,5061,-381,2052
7311,2025,Weekday,Commercial & Employment Core,13687,13429,-258,4942
7311,2025,Weekend,Commercial & Employment Core,4871,5006,135,2032
7312,2022,Weekday,Residential & Inner-Suburban Feeder,3090,2940,-150,2822
7312,2022,Weekend,Residential & Inner-Suburban Feeder,1187,1072,-115,1015
7312,2023,Weekday,Residential & Inner-Suburban Feeder,3225,3035,-190,2933
7312,2023,Weekend,Residential & Inner-Suburban Feeder,972,956,-16,945
7312,2024,Weekday,Residential & Inner-Suburban Feeder,3346,3380,34,2980
7312,2024,Weekend,Residential & Inner-Suburban Feeder,998,1038,40,1016
7312,2025,Weekday,Residential & Inner-Suburban Feeder,3745,3890,145,3084
7312,2025,Weekend,Residential & Inner-Suburban Feeder,1233,1218,-15,1065
7313,2022,Weekday,Leisure & Waterfront,1519,1664,145,1076
7313,2022,Weekend,Leisure & Waterfront,1705,1628,-77,682
7313,2023,Weekday,Leisure & Waterfront,1356,1543,187,1209
7313,2023,Weekend,Leisure & Waterfront,1138,1167,29,643
7313,2024,Weekday,Leisure & Waterfront,1567,1691,124,1397
7313,2024,Weekend,Leisure & Waterfront,1083,1068,-15,695
7313,2025,Weekday,Leisure & Waterfront,1570,1548,-22,1244
7313,2025,Weekend,Leisure & Waterfront,1193,1192,-1,673
7314,2022,Weekday,Leisure & Waterfront,1444,1596,152,1457
7314,2022,Weekend,Leisure & Waterfront,951,980,29,751
7314,2023,Weekday,Leisure & Waterfront,1548,1707,159,1634
7314,2023,Weekend,Leisure & Waterfront,951,945,-6,834
7314,2024,Weekday,Leisure & Waterfront,1548,1659,111,1626
7314,2024,Weekend,Leisure & Waterfront,927,893,-34,819
7314,2025,Weekday,Leisure & Waterfront,1480,1630,150,1617
7314,2025,Weekend,Leisure & Waterfront,957,929,-28,774
7315,2022,Weekday,Leisure & Waterfront,494,631,137,824
7315,2022,Weekend,Leisure & Waterfront,251,307,56,327
7315,2023,Weekday,Leisure & Waterfront,556,739,183,956
7315,2023,Weekend,Leisure & Waterfront,275,355,80,429
7315,2024,Weekday,Leisure & Waterfront,508,653,145,840
7315,2024,Weekend,Leisure & Waterfront,264,338,74,412
7315,2025,Weekday,Leisure & Waterfront,589,757,168,910
7315,2025,Weekend,Leisure & Waterfront,269,328,59,375
7316,2022,Weekday,Residential & Inner-Suburban Feeder,763,828,65,1089
7316,2022,Weekend,Residential & Inner-Suburban Feeder,424,508,84,537
7316,2023,Weekday,Residential & Inner-Suburban Feeder,885,1006,121,1331
7316,2023,Weekend,Residential & Inner-Suburban Feeder,399,501,102,531
7316,2024,Weekday,Residential & Inner-Suburban Feeder,977,1064,87,1355
7316,2024,Weekend,Residential & Inner-Suburban Feeder,435,481,46,575
7316,2025,Weekday,Residential & Inner-Suburban Feeder,881,1149,268,1325
7316,2025,Weekend,Residential & Inner-Suburban Feeder,411,530,119,518
7317,2022,Weekday,Leisure & Waterfront,1219,1313,94,1191
7317,2022,Weekend,Leisure & Waterfront,1030,1003,-27,618
7317,2023,Weekday,Leisure & Waterfront,964,1128,164,1148
7317,2023,Weekend,Leisure & Waterfront,760,758,-2,559
7317,2024,Weekday,Leisure & Waterfront,1061,1305,244,1311
7317,2024,Weekend,Leisure & Waterfront,743,790,47,607
7317,2025,Weekday,Leisure & Waterfront,1110,1323,213,1296
7317,2025,Weekend,Leisure & Waterfront,722,798,76,593
7318,2022,Weekday,Leisure & Waterfront,1070,1271,201,1002
7318,2022,Weekend,Leisure & Waterfront,937,1048,111,560
7318,2023,Weekday,Leisure & Waterfront,959,1220,261,1165
7318,2023,Weekend,Leisure & Waterfront,706,827,121,551
7318,2024,Weekday,Leisure & Waterfront,1098,1305,207,1272
7318,2024,Weekend,Leisure & Waterfront,748,783,35,575
7318,2025,Weekday,Leisure & Waterfront,1192,1481,289,1262
7318,2025,Weekend,Leisure & Waterfront,783,879,96,600
7319,2022,Weekday,Leisure & Waterfront,1101,1178,77,1011
7319,2022,Weekend,Leisure & Waterfront,899,850,-49,469
7319,2023,Weekday,Leisure & Waterfront,553,635,82,716
7319,2023,Weekend,Leisure & Waterfront,412,440,28,378
7319,2024,Weekday,Leisure & Waterfront,719,827,108,921
7319,2024,Weekend,Leisure & Waterfront,325,370,45,361
7319,2025,Weekday,Leisure & Waterfront,859,1120,261,1079
7319,2025,Weekend,Leisure & Waterfront,414,486,72,393
7320,2022,Weekday,Commercial & Employment Core,4722,6119,1397,3359
7320,2022,Weekend,Commercial & Employment Core,1603,2196,593,1220
7320,2023,Weekday,Commercial & Employment Core,6464,10216,3752,3748
7320,2023,Weekend,Commercial & Employment Core,1290,1812,522,1227
7320,2024,Weekday,Commercial & Employment Core,8990,10204,1214,4161
7320,2024,Weekend,Commercial & Employment Core,1938,2662,724,1501
7320,2025,Weekday,Commercial & Employment Core,10428,11151,723,4030
7320,2025,Weekend,Commercial & Employment Core,2229,2757,528,1472
7321,2022,Weekday,Commercial & Employment Core,9911,10689,778,4125
7321,2022,Weekend,Commercial & Employment Core,2494,2817,323,1422
7321,2023,Weekday,Commercial & Employment Core,14538,16291,1753,4605
7321,2023,Weekend,Commercial & Employment Core,2527,2693,166,1569
7321,2024,Weekday,Commercial & Employment Core,16489,17162,673,4859
7321,2024,Weekend,Commercial & Employment Core,3571,3687,116,1754
7321,2025,Weekday,Commercial & Employment Core,16761,17255,494,4515
7321,2025,Weekend,Commercial & Employment Core,3737,3971,234,1712
7322,2022,Weekday,Commercial & Employment Core,18038,18349,311,4554
7322,2022,Weekend,Commercial & Employment Core,7326,7510,184,1889
7322,2023,Weekday,Commercial & Employment Core,23287,23359,72,4971
7322,2023,Weekend,Commercial & Employment Core,9140,9235,95,2079
7322,2024,Weekday,Commercial & Employment Core,14609,14687,78,4618
7322,2024,Weekend,Commercial & Employment Core,5887,5854,-33,1962
7322,2025,Weekday,Commercial & Employment Core,15069,15126,57,4500
7322,2025,Weekend,Commercial & Employment Core,6463,6447,-16,1892
7323,2022,Weekday,Commercial & Employment Core,5604,5927,323,3508
7323,2022,Weekend,Commercial & Employment Core,2383,2398,15,1408
7323,2023,Weekday,Commercial & Employment Core,7092,7395,303,4015
7323,2023,Weekend,Commercial & Employment Core,2402,2414,12,1501
7323,2024,Weekday,Commercial & Employment Core,8447,8718,271,4255
7323,2024,Weekend,Commercial & Employment Core,2720,2762,42,1626
7323,2025,Weekday,Commercial & Employment Core,5814,5927,113,2622
7323,2025,Weekend,Commercial & Employment Core,1668,1694,26,935
7324,2022,Weekday,Commercial & Employment Core,14743,15006,263,4499
7324,2022,Weekend,Commercial & Employment Core,6020,6022,2,1844
7324,2023,Weekday,Commercial & Employment Core,19357,19650,293,5039
7324,2023,Weekend,Commercial & Employment Core,6508,6581,73,2061
7324,2024,Weekday,Commercial & Employment Core,23249,23539,290,5159
7324,2024,Weekend,Commercial & Employment Core,7456,7291,-165,2115
7324,2025,Weekday,Commercial & Employment Core,25613,25708,95,5166
7324,2025,Weekend,Commercial & Employment Core,8454,8427,-27,2061
7326,2022,Weekday,Leisure & Waterfront,1520,1300,-220,1747
7326,2022,Weekend,Leisure & Waterfront,686,634,-52,673
7326,2023,Weekday,Leisure & Waterfront,1558,1200,-358,1679
7326,2023,Weekend,Leisure & Waterfront,659,559,-100,691
7326,2024,Weekday,Leisure & Waterfront,1949,1916,-33,1929
7326,2024,Weekend,Leisure & Waterfront,808,699,-109,808
7326,2025,Weekday,Leisure & Waterfront,1898,1964,66,1856
7326,2025,Weekend,Leisure & Waterfront,894,889,-5,830
7327,2022,Weekday,Residential & Inner-Suburban Feeder,1628,1366,-262,1869
7327,2022,Weekend,Residential & Inner-Suburban Feeder,574,509,-65,651
7327,2023,Weekday,Residential & Inner-Suburban Feeder,1700,1307,-393,2012
7327,2023,Weekend,Residential & Inner-Suburban Feeder,606,476,-130,691
7327,2024,Weekday,Residential & Inner-Suburban Feeder,1618,1485,-133,1904
7327,2024,Weekend,Residential & Inner-Suburban Feeder,606,534,-72,703
7327,2025,Weekday,Residential & Inner-Suburban Feeder,735,723,-12,873
7327,2025,Weekend,Residential & Inner-Suburban Feeder,299,292,-7,351
7328,2022,Weekday,Commercial & Employment Core,3091,2949,-142,2545
7328,2022,Weekend,Commercial & Employment Core,1229,1324,95,1014
7328,2023,Weekday,Commercial & Employment Core,3067,2920,-147,2637
7328,2023,Weekend,Commercial & Employment Core,1121,1120,-1,1007
7328,2024,Weekday,Commercial & Employment Core,531,484,-47,623
7328,2024,Weekend,Commercial & Employment Core,143,149,6,190
7329,2022,Weekday,Commercial & Employment Core,6687,7087,400,3643
7329,2022,Weekend,Commercial & Employment Core,3291,3448,157,1457
7329,2023,Weekday,Commercial & Employment Core,6058,6449,391,3789
7329,2023,Weekend,Commercial & Employment Core,2660,2733,73,1419
7329,2024,Weekday,Commercial & Employment Core,5945,6450,505,3719
7329,2024,Weekend,Commercial & Employment Core,2358,2649,291,1431
7329,2025,Weekday,Commercial & Employment Core,5680,5942,262,3550
7329,2025,Weekend,Commercial & Employment Core,2462,2664,202,1376
7330,2022,Weekday,Leisure & Waterfront,593,791,198,748
7330,2022,Weekend,Leisure & Waterfront,488,558,70,394
7331,2022,Weekday,Commercial & Employment Core,450,405,-45,577
7331,2022,Weekend,Commercial & Employment Core,164,152,-12,196
7331,2023,Weekday,Commercial & Employment Core,620,582,-38,872
7331,2023,Weekend,Commercial & Employment Core,230,216,-14,304
7331,2024,Weekday,Commercial & Employment Core,1023,974,-49,1328
7331,2024,Weekend,Commercial & Employment Core,274,263,-11,389
7331,2025,Weekday,Commercial & Employment Core,835,842,7,1141
7331,2025,Weekend,Commercial & Employment Core,311,318,7,439
7332,2022,Weekday,Commercial & Employment Core,3379,2452,-927,2449
7332,2022,Weekend,Commercial & Employment Core,1172,840,-332,865
7332,2023,Weekday,Commercial & Employment Core,5485,2966,-2519,3095
7332,2023,Weekend,Commercial & Employment Core,1363,781,-582,929
7332,2024,Weekday,Commercial & Employment Core,4519,3404,-1115,2773
7332,2024,Weekend,Commercial & Employment Core,1354,798,-556,923
7332,2025,Weekday,Commercial & Employment Core,3666,2661,-1005,2321
7332,2025,Weekend,Commercial & Employment Core,1139,685,-454,765
7333,2022,Weekday,Commercial & Employment Core,10062,11382,1320,4252
7333,2022,Weekend,Commercial & Employment Core,3324,3655,331,1684
7333,2023,Weekday,Commercial & Employment Core,14518,14651,133,4728
7333,2023,Weekend,Commercial & Employment Core,3723,4048,325,1849
7333,2024,Weekday,Commercial & Employment Core,15396,15561,165,4920
7333,2024,Weekend,Commercial & Employment Core,3790,3985,195,1854
7333,2025,Weekday,Commercial & Employment Core,16986,17048,62,4760
7333,2025,Weekend,Commercial & Employment Core,4833,5114,281,1884
7334,2022,Weekday,Commercial & Employment Core,4766,5338,572,3077
7334,2022,Weekend,Commercial & Employment Core,1603,1655,52,1117
7334,2023,Weekday,Commercial & Employment Core,5863,5805,-58,3456
7334,2023,Weekend,Commercial & Employment Core,1285,1412,127,1208
7334,2024,Weekday,Commercial & Employment Core,5994,6115,121,3305
7334,2024,Weekend,Commercial & Employment Core,1223,1293,70,1148
7334,2025,Weekday,Commercial & Employment Core,6008,6054,46,3101
7334,2025,Weekend,Commercial & Employment Core,1236,1366,130,1098
7335,2022,Weekday,Commercial & Employment Core,6329,5196,-1133,3331
7335,2022,Weekend,Commercial & Employment Core,2014,1660,-354,1184
7335,2023,Weekday,Commercial & Employment Core,9258,7327,-1931,3913
7335,2023,Weekend,Commercial & Employment Core,2746,2194,-552,1375
7335,2024,Weekday,Commercial & Employment Core,9307,8048,-1259,3819
7335,2024,Weekend,Commercial & Employment Core,2874,2373,-501,1382
7335,2025,Weekday,Commercial & Employment Core,7462,6572,-890,3318
7335,2025,Weekend,Commercial & Employment Core,2125,1808,-317,1141
7336,2022,Weekday,Residential & Inner-Suburban Feeder,2368,2554,186,2526
7336,2022,Weekend,Residential & Inner-Suburban Feeder,1175,1255,80,995
7336,2023,Weekday,Residential & Inner-Suburban Feeder,2916,3341,425,2903
7336,2023,Weekend,Residential & Inner-Suburban Feeder,1209,1291,82,1055
7336,2024,Weekday,Residential & Inner-Suburban Feeder,4122,4426,304,3311
7336,2024,Weekend,Residential & Inner-Suburban Feeder,1492,1522,30,1209
7336,2025,Weekday,Residential & Inner-Suburban Feeder,3730,4228,498,3093
7336,2025,Weekend,Residential & Inner-Suburban Feeder,1410,1583,173,1140
7337,2022,Weekday,Commercial & Employment Core,5235,5625,390,3393
7337,2022,Weekend,Commercial & Employment Core,2324,2503,179,1429
7337,2023,Weekday,Commercial & Employment Core,6660,7203,543,3674
7337,2023,Weekend,Commercial & Employment Core,2707,2921,214,1501
7337,2024,Weekday,Commercial & Employment Core,7310,7815,505,4131
7337,2024,Weekend,Commercial & Employment Core,2899,3100,201,1676
7337,2025,Weekday,Commercial & Employment Core,7716,8216,500,4006
7337,2025,Weekend,Commercial & Employment Core,2952,3182,230,1561
7338,2022,Weekday,Residential & Inner-Suburban Feeder,1990,2122,132,2245
7338,2022,Weekend,Residential & Inner-Suburban Feeder,767,838,71,814
7338,2023,Weekday,Residential & Inner-Suburban Feeder,2833,3058,225,2905
7338,2023,Weekend,Residential & Inner-Suburban Feeder,947,1035,88,968
7338,2024,Weekday,Residential & Inner-Suburban Feeder,3781,3822,41,3298
7338,2024,Weekend,Residential & Inner-Suburban Feeder,1159,1258,99,1144
7338,2025,Weekday,Residential & Inner-Suburban Feeder,3598,3717,119,3100
7338,2025,Weekend,Residential & Inner-Suburban Feeder,1228,1330,102,1144
7339,2022,Weekday,Residential & Inner-Suburban Feeder,1844,1515,-329,1819
7339,2022,Weekend,Residential & Inner-Suburban Feeder,856,774,-82,728
7339,2023,Weekday,Residential & Inner-Suburban Feeder,2451,2141,-310,2377
7339,2023,Weekend,Residential & Inner-Suburban Feeder,1088,1006,-82,971
7339,2024,Weekday,Residential & Inner-Suburban Feeder,3105,3037,-68,2699
7339,2024,Weekend,Residential & Inner-Suburban Feeder,1329,1282,-47,1072
7339,2025,Weekday,Residential & Inner-Suburban Feeder,3669,3842,173,2902
7339,2025,Weekend,Residential & Inner-Suburban Feeder,1632,1589,-43,1203
7340,2022,Weekday,Residential & Inner-Suburban Feeder,1958,1912,-46,2175
7340,2022,Weekend,Residential & Inner-Suburban Feeder,741,748,7,830
7340,2023,Weekday,Residential & Inner-Suburban Feeder,2094,2152,58,2267
7340,2023,Weekend,Residential & Inner-Suburban Feeder,638,697,59,801
7340,2024,Weekday,Residential & Inner-Suburban Feeder,2656,2618,-38,2574
7340,2024,Weekend,Residential & Inner-Suburban Feeder,669,753,84,864
7340,2025,Weekday,Residential & Inner-Suburban Feeder,2698,2716,18,2631
7340,2025,Weekend,Residential & Inner-Suburban Feeder,709,815,106,902
7341,2022,Weekday,Residential & Inner-Suburban Feeder,906,1136,230,1340
7341,2022,Weekend,Residential & Inner-Suburban Feeder,332,388,56,416
7341,2023,Weekday,Residential & Inner-Suburban Feeder,1123,1370,247,1515
7341,2023,Weekend,Residential & Inner-Suburban Feeder,307,396,89,448
7341,2024,Weekday,Residential & Inner-Suburban Feeder,1008,1213,205,1408
7341,2024,Weekend,Residential & Inner-Suburban Feeder,274,316,42,373
7341,2025,Weekday,Residential & Inner-Suburban Feeder,1003,1268,265,1459
7341,2025,Weekend,Residential & Inner-Suburban Feeder,284,358,74,416
7342,2022,Weekday,Commercial & Employment Core,2108,2510,402,2507
7342,2022,Weekend,Commercial & Employment Core,727,889,162,850
7342,2023,Weekday,Commercial & Employment Core,2503,2994,491,2681
7342,2023,Weekend,Commercial & Employment Core,737,867,130,860
7342,2024,Weekday,Commercial & Employment Core,2543,2970,427,2656
7342,2024,Weekend,Commercial & Employment Core,869,1011,142,912
7342,2025,Weekday,Commercial & Employment Core,1862,1948,86,2019
7342,2025,Weekend,Commercial & Employment Core,610,690,80,731
7343,2022,Weekday,Residential & Inner-Suburban Feeder,2354,2684,330,2252
7343,2022,Weekend,Residential & Inner-Suburban Feeder,1201,1312,111,840
7343,2023,Weekday,Residential & Inner-Suburban Feeder,3123,3594,471,2691
7343,2023,Weekend,Residential & Inner-Suburban Feeder,1172,1282,110,944
7343,2024,Weekday,Residential & Inner-Suburban Feeder,2928,3441,513,2705
7343,2024,Weekend,Residential & Inner-Suburban Feeder,1050,1292,242,957
7343,2025,Weekday,Residential & Inner-Suburban Feeder,2384,3011,627,2357
7343,2025,Weekend,Residential & Inner-Suburban Feeder,1080,1377,297,887
7344,2022,Weekday,Leisure & Waterfront,6379,8074,1695,2170
7344,2022,Weekend,Leisure & Waterfront,6843,7465,622,1149
7344,2023,Weekday,Leisure & Waterfront,4769,6700,1931,2351
7344,2023,Weekend,Leisure & Waterfront,4720,5506,786,1140
7344,2024,Weekday,Leisure & Waterfront,2978,3404,426,2203
7344,2024,Weekend,Leisure & Waterfront,2521,2740,219,1023
7344,2025,Weekday,Leisure & Waterfront,6234,7043,809,2397
7344,2025,Weekend,Leisure & Waterfront,5417,5581,164,1162
7345,2022,Weekday,Leisure & Waterfront,1949,2151,202,1502
7345,2022,Weekend,Leisure & Waterfront,1759,1663,-96,874
7345,2023,Weekday,Leisure & Waterfront,1842,2250,408,1647
7345,2023,Weekend,Leisure & Waterfront,1210,1220,10,766
7345,2024,Weekday,Leisure & Waterfront,1298,1623,325,1397
7345,2024,Weekend,Leisure & Waterfront,987,1125,138,753
7345,2025,Weekday,Leisure & Waterfront,2728,3309,581,1977
7345,2025,Weekend,Leisure & Waterfront,2173,2122,-51,964
7346,2022,Weekday,Residential & Inner-Suburban Feeder,3461,3538,77,2821
7346,2022,Weekend,Residential & Inner-Suburban Feeder,1342,1426,84,1126
7346,2023,Weekday,Residential & Inner-Suburban Feeder,5670,6071,401,3628
7346,2023,Weekend,Residential & Inner-Suburban Feeder,1994,2133,139,1396
7346,2024,Weekday,Residential & Inner-Suburban Feeder,7388,7585,197,3963
7346,2024,Weekend,Residential & Inner-Suburban Feeder,2338,2509,171,1519
7346,2025,Weekday,Residential & Inner-Suburban Feeder,7409,7700,291,3986
7346,2025,Weekend,Residential & Inner-Suburban Feeder,2462,2567,105,1498
7347,2022,Weekday,Residential & Inner-Suburban Feeder,1064,759,-305,1245
7347,2022,Weekend,Residential & Inner-Suburban Feeder,480,442,-38,577
7347,2023,Weekday,Residential & Inner-Suburban Feeder,1078,724,-354,1299
7347,2023,Weekend,Residential & Inner-Suburban Feeder,387,295,-92,472
7347,2024,Weekday,Residential & Inner-Suburban Feeder,898,859,-39,1317
7347,2024,Weekend,Residential & Inner-Suburban Feeder,392,380,-12,524
7347,2025,Weekday,Residential & Inner-Suburban Feeder,817,869,52,1192
7347,2025,Weekend,Residential & Inner-Suburban Feeder,359,383,24,516
7348,2022,Weekday,Residential & Inner-Suburban Feeder,1070,1412,342,1607
7348,2022,Weekend,Residential & Inner-Suburban Feeder,458,543,85,596
7348,2023,Weekday,Residential & Inner-Suburban Feeder,2321,2283,-38,2523
7348,2023,Weekend,Residential & Inner-Suburban Feeder,845,863,18,940
7348,2024,Weekday,Residential & Inner-Suburban Feeder,2531,2571,40,2647
7348,2024,Weekend,Residential & Inner-Suburban Feeder,998,976,-22,1051
7348,2025,Weekday,Residential & Inner-Suburban Feeder,2779,2556,-223,2634
7348,2025,Weekend,Residential & Inner-Suburban Feeder,970,911,-59,981
7349,2022,Weekday,Residential & Inner-Suburban Feeder,2064,1768,-296,2145
7349,2022,Weekend,Residential & Inner-Suburban Feeder,837,697,-140,806
7349,2023,Weekday,Residential & Inner-Suburban Feeder,2312,2042,-270,2302
7349,2023,Weekend,Residential & Inner-Suburban Feeder,808,749,-59,854
7349,2024,Weekday,Residential & Inner-Suburban Feeder,2662,2533,-129,2805
7349,2024,Weekend,Residential & Inner-Suburban Feeder,925,822,-103,1027
7349,2025,Weekday,Residential & Inner-Suburban Feeder,2742,2549,-193,2713
7349,2025,Weekend,Residential & Inner-Suburban Feeder,1050,886,-164,1023
7350,2022,Weekday,Residential & Inner-Suburban Feeder,2039,1845,-194,2121
7350,2022,Weekend,Residential & Inner-Suburban Feeder,889,847,-42,827
7350,2023,Weekday,Residential & Inner-Suburban Feeder,2074,1895,-179,2247
7350,2023,Weekend,Residential & Inner-Suburban Feeder,845,731,-114,834
7350,2024,Weekday,Residential & Inner-Suburban Feeder,2817,2609,-208,2638
7350,2024,Weekend,Residential & Inner-Suburban Feeder,1010,905,-105,1013
7350,2025,Weekday,Residential & Inner-Suburban Feeder,2941,2835,-106,2812
7350,2025,Weekend,Residential & Inner-Suburban Feeder,1100,1051,-49,1031
7351,2022,Weekday,Residential & Inner-Suburban Feeder,2435,1943,-492,2332
7351,2022,Weekend,Residential & Inner-Suburban Feeder,826,554,-272,793
7351,2023,Weekday,Residential & Inner-Suburban Feeder,3447,2795,-652,2905
7351,2023,Weekend,Residential & Inner-Suburban Feeder,1080,846,-234,1013
7351,2024,Weekday,Residential & Inner-Suburban Feeder,2910,2718,-192,2704
7351,2024,Weekend,Residential & Inner-Suburban Feeder,1014,892,-122,1046
7351,2025,Weekday,Residential & Inner-Suburban Feeder,3682,2946,-736,2963
7351,2025,Weekend,Residential & Inner-Suburban Feeder,1200,854,-346,1055
7352,2022,Weekday,Residential & Inner-Suburban Feeder,1726,1615,-111,1976
7352,2022,Weekend,Residential & Inner-Suburban Feeder,649,634,-15,728
7352,2023,Weekday,Residential & Inner-Suburban Feeder,1857,1751,-106,2273
7352,2023,Weekend,Residential & Inner-Suburban Feeder,665,605,-60,818
7352,2024,Weekday,Residential & Inner-Suburban Feeder,1825,1770,-55,2121
7352,2024,Weekend,Residential & Inner-Suburban Feeder,597,542,-55,717
7352,2025,Weekday,Residential & Inner-Suburban Feeder,2298,2069,-229,2394
7352,2025,Weekend,Residential & Inner-Suburban Feeder,813,750,-63,862
7353,2022,Weekday,Residential & Inner-Suburban Feeder,1077,802,-275,1257
7353,2022,Weekend,Residential & Inner-Suburban Feeder,433,345,-88,456
7353,2023,Weekday,Residential & Inner-Suburban Feeder,1543,1268,-275,1798
7353,2023,Weekend,Residential & Inner-Suburban Feeder,579,521,-58,699
7353,2024,Weekday,Residential & Inner-Suburban Feeder,1810,1670,-140,2047
7353,2024,Weekend,Residential & Inner-Suburban Feeder,736,655,-81,806
7353,2025,Weekday,Residential & Inner-Suburban Feeder,1920,1517,-403,2028
7353,2025,Weekend,Residential & Inner-Suburban Feeder,633,597,-36,701
7354,2022,Weekday,Leisure & Waterfront,4722,4665,-57,1785
7354,2022,Weekend,Leisure & Waterfront,5217,5119,-98,959
7354,2023,Weekday,Leisure & Waterfront,3481,3427,-54,1929
7354,2023,Weekend,Leisure & Waterfront,3695,3467,-228,1047
7354,2024,Weekday,Leisure & Waterfront,4245,4195,-50,2052
7354,2024,Weekend,Leisure & Waterfront,4090,3852,-238,1068
7354,2025,Weekday,Leisure & Waterfront,5009,4777,-232,2130
7354,2025,Weekend,Leisure & Waterfront,4856,4446,-410,1081
7355,2022,Weekday,Leisure & Waterfront,1080,986,-94,1124
7355,2022,Weekend,Leisure & Waterfront,549,506,-43,494
7355,2023,Weekday,Leisure & Waterfront,1021,876,-145,1173
7355,2023,Weekend,Leisure & Waterfront,433,433,0,448
7355,2024,Weekday,Leisure & Waterfront,1114,1168,54,1426
7355,2024,Weekend,Leisure & Waterfront,369,376,7,479
7355,2025,Weekday,Leisure & Waterfront,1389,1384,-5,1544
7355,2025,Weekend,Leisure & Waterfront,522,559,37,608
7356,2022,Weekday,Commercial & Employment Core,4802,5015,213,3135
7356,2022,Weekend,Commercial & Employment Core,1628,1785,157,1143
7356,2023,Weekday,Commercial & Employment Core,9963,10238,275,4077
7356,2023,Weekend,Commercial & Employment Core,3037,3240,203,1562
7356,2024,Weekday,Commercial & Employment Core,11454,12131,677,4596
7356,2024,Weekend,Commercial & Employment Core,2690,3060,370,1603
7356,2025,Weekday,Commercial & Employment Core,12366,12985,619,4433
7356,2025,Weekend,Commercial & Employment Core,3039,3642,603,1554
7357,2022,Weekday,Leisure & Waterfront,4967,5636,669,3152
7357,2022,Weekend,Leisure & Waterfront,4153,4235,82,1213
7357,2023,Weekday,Leisure & Waterfront,3495,3994,499,2775
7357,2023,Weekend,Leisure & Waterfront,2227,2351,124,1102
7357,2024,Weekday,Leisure & Waterfront,3288,3444,156,2460
7357,2024,Weekend,Leisure & Waterfront,2279,2230,-49,1113
7357,2025,Weekday,Leisure & Waterfront,3718,4032,314,2680
7357,2025,Weekend,Leisure & Waterfront,2270,2335,65,1075
7358,2023,Weekday,Commuter-Heavy Transit Hub,2407,2315,-92,1006
7358,2023,Weekend,Commuter-Heavy Transit Hub,386,411,25,334
7358,2024,Weekday,Commuter-Heavy Transit Hub,10204,10077,-127,3747
7358,2024,Weekend,Commuter-Heavy Transit Hub,1887,1806,-81,1293
7358,2025,Weekday,Commuter-Heavy Transit Hub,11009,11044,35,3744
7358,2025,Weekend,Commuter-Heavy Transit Hub,2049,2079,30,1288
7359,2022,Weekday,Residential & Inner-Suburban Feeder,990,845,-145,1099
7359,2022,Weekend,Residential & Inner-Suburban Feeder,560,488,-72,516
7359,2023,Weekday,Residential & Inner-Suburban Feeder,1174,995,-179,1403
7359,2023,Weekend,Residential & Inner-Suburban Feeder,479,459,-20,486
7359,2024,Weekday,Residential & Inner-Suburban Feeder,1175,1208,33,1550
7359,2024,Weekend,Residential & Inner-Suburban Feeder,478,460,-18,519
7359,2025,Weekday,Residential & Inner-Suburban Feeder,1241,1307,66,1460
7359,2025,Weekend,Residential & Inner-Suburban Feeder,588,654,66,618
7360,2022,Weekday,Residential & Inner-Suburban Feeder,3178,2968,-210,2777
7360,2022,Weekend,Residential & Inner-Suburban Feeder,1293,1227,-66,1165
7360,2023,Weekday,Residential & Inner-Suburban Feeder,4876,4751,-125,3485
7360,2023,Weekend,Residential & Inner-Suburban Feeder,1738,1621,-117,1402
7360,2024,Weekday,Residential & Inner-Suburban Feeder,5611,5694,83,3439
7360,2024,Weekend,Residential & Inner-Suburban Feeder,2057,1938,-119,1478
7360,2025,Weekday,Residential & Inner-Suburban Feeder,6716,6872,156,3696
7360,2025,Weekend,Residential & Inner-Suburban Feeder,2662,2637,-25,1579
7361,2022,Weekday,Residential & Inner-Suburban Feeder,1474,624,-850,1272
7361,2022,Weekend,Residential & Inner-Suburban Feeder,617,329,-288,551
7361,2023,Weekday,Residential & Inner-Suburban Feeder,1741,922,-819,1617
7361,2023,Weekend,Residential & Inner-Suburban Feeder,823,463,-360,747
7361,2024,Weekday,Residential & Inner-Suburban Feeder,1905,1543,-362,1856
7361,2024,Weekend,Residential & Inner-Suburban Feeder,716,516,-200,702
7361,2025,Weekday,Residential & Inner-Suburban Feeder,1882,1438,-444,1819
7361,2025,Weekend,Residential & Inner-Suburban Feeder,727,592,-135,739
7362,2022,Weekday,Residential & Inner-Suburban Feeder,2823,1409,-1414,2161
7362,2022,Weekend,Residential & Inner-Suburban Feeder,984,664,-320,833
7362,2023,Weekday,Residential & Inner-Suburban Feeder,3107,1896,-1211,2525
7362,2023,Weekend,Residential & Inner-Suburban Feeder,1186,837,-349,1018
7362,2024,Weekday,Residential & Inner-Suburban Feeder,3118,2158,-960,2586
7362,2024,Weekend,Residential & Inner-Suburban Feeder,1150,926,-224,1045
7362,2025,Weekday,Residential & Inner-Suburban Feeder,2780,2335,-445,2515
7362,2025,Weekend,Residential & Inner-Suburban Feeder,1127,1006,-121,1014
7363,2022,Weekday,Commercial & Employment Core,1257,842,-415,1310
7363,2022,Weekend,Commercial & Employment Core,514,398,-116,537
7363,2023,Weekday,Commercial & Employment Core,1729,1153,-576,1705
7363,2023,Weekend,Commercial & Employment Core,625,457,-168,643
7363,2024,Weekday,Commercial & Employment Core,1740,1478,-262,1773
7363,2024,Weekend,Commercial & Employment Core,581,460,-121,610
7363,2025,Weekday,Commercial & Employment Core,1689,1462,-227,1644
7363,2025,Weekend,Commercial & Employment Core,499,457,-42,549
7364,2022,Weekday,Leisure & Waterfront,675,787,112,803
7364,2022,Weekend,Leisure & Waterfront,527,643,116,469
7364,2023,Weekday,Leisure & Waterfront,673,824,151,1012
7364,2023,Weekend,Leisure & Waterfront,403,501,98,437
7364,2024,Weekday,Leisure & Waterfront,904,1115,211,1244
7364,2024,Weekend,Leisure & Waterfront,558,602,44,495
7364,2025,Weekday,Leisure & Waterfront,804,940,136,983
7364,2025,Weekend,Leisure & Waterfront,571,603,32,468
7365,2022,Weekday,Leisure & Waterfront,1347,1493,146,1325
7365,2022,Weekend,Leisure & Waterfront,1170,1175,5,670
7365,2023,Weekday,Leisure & Waterfront,1138,1515,377,1400
7365,2023,Weekend,Leisure & Waterfront,892,1018,126,659
7365,2024,Weekday,Leisure & Waterfront,1540,1896,356,1686
7365,2024,Weekend,Leisure & Waterfront,971,1038,67,689
7365,2025,Weekday,Leisure & Waterfront,1767,2314,547,1830
7365,2025,Weekend,Leisure & Waterfront,1035,1244,209,722
7366,2022,Weekday,Residential & Inner-Suburban Feeder,7627,7551,-76,3941
7366,2022,Weekend,Residential & Inner-Suburban Feeder,3118,3170,52,1626
7366,2023,Weekday,Residential & Inner-Suburban Feeder,9933,9131,-802,4486
7366,2023,Weekend,Residential & Inner-Suburban Feeder,3408,3472,64,1806
7366,2024,Weekday,Residential & Inner-Suburban Feeder,10175,9376,-799,4344
7366,2024,Weekend,Residential & Inner-Suburban Feeder,3119,3203,84,1749
7366,2025,Weekday,Residential & Inner-Suburban Feeder,9170,9168,-2,4018
7366,2025,Weekend,Residential & Inner-Suburban Feeder,2958,3098,140,1588
7367,2022,Weekday,Residential & Inner-Suburban Feeder,2915,3055,140,2502
7367,2022,Weekend,Residential & Inner-Suburban Feeder,1114,1204,90,1007
7367,2023,Weekday,Residential & Inner-Suburban Feeder,4624,4847,223,3221
7367,2023,Weekend,Residential & Inner-Suburban Feeder,1612,1776,164,1296
7367,2024,Weekday,Residential & Inner-Suburban Feeder,6631,6868,237,3728
7367,2024,Weekend,Residential & Inner-Suburban Feeder,2118,2175,57,1492
7367,2025,Weekday,Residential & Inner-Suburban Feeder,6232,6366,134,3649
7367,2025,Weekend,Residential & Inner-Suburban Feeder,2139,2139,0,1372
7368,2022,Weekday,Commercial & Employment Core,5156,5169,13,3502
7368,2022,Weekend,Commercial & Employment Core,2581,2550,-31,1492
7368,2023,Weekday,Commercial & Employment Core,6234,6285,51,3856
7368,2023,Weekend,Commercial & Employment Core,2870,2856,-14,1613
7368,2024,Weekday,Commercial & Employment Core,7340,7443,103,4221
7368,2024,Weekend,Commercial & Employment Core,3073,3064,-9,1667
7368,2025,Weekday,Commercial & Employment Core,7946,8183,237,4068
7368,2025,Weekend,Commercial & Employment Core,3653,3732,79,1662
7369,2022,Weekday,Residential & Inner-Suburban Feeder,2516,2507,-9,2669
7369,2022,Weekend,Residential & Inner-Suburban Feeder,1016,962,-54,1014
7369,2023,Weekday,Residential & Inner-Suburban Feeder,710,630,-80,865
7369,2023,Weekend,Residential & Inner-Suburban Feeder,244,214,-30,291
7371,2022,Weekday,Leisure & Waterfront,609,325,-284,720
7371,2022,Weekend,Leisure & Waterfront,237,143,-94,257
7371,2023,Weekday,Leisure & Waterfront,862,605,-257,1086
7371,2023,Weekend,Leisure & Waterfront,239,138,-101,280
7371,2024,Weekday,Leisure & Waterfront,878,864,-14,1307
7371,2024,Weekend,Leisure & Waterfront,210,219,9,344
7371,2025,Weekday,Leisure & Waterfront,884,708,-176,1170
7371,2025,Weekend,Leisure & Waterfront,269,204,-65,340
7372,2022,Weekday,Commercial & Employment Core,5731,5790,59,2391
7372,2022,Weekend,Commercial & Employment Core,2265,2257,-8,934
7373,2022,Weekday,Commercial & Employment Core,6049,6441,392,3644
7373,2022,Weekend,Commercial & Employment Core,2182,2390,208,1355
7373,2023,Weekday,Commercial & Employment Core,8010,8502,492,4194
7373,2023,Weekend,Commercial & Employment Core,2446,2753,307,1546
7373,2024,Weekday,Commercial & Employment Core,10050,10454,404,4389
7373,2024,Weekend,Commercial & Employment Core,2674,2924,250,1652
7373,2025,Weekday,Commercial & Employment Core,4484,4571,87,2611
7373,2025,Weekend,Commercial & Employment Core,1341,1372,31,892
7374,2022,Weekday,Commercial & Employment Core,2937,3351,414,2634
7374,2022,Weekend,Commercial & Employment Core,1412,1606,194,1073
7374,2023,Weekday,Commercial & Employment Core,2931,3315,384,2841
7374,2023,Weekend,Commercial & Employment Core,1236,1467,231,1085
7374,2024,Weekday,Commercial & Employment Core,3184,3602,418,2734
7374,2024,Weekend,Commercial & Employment Core,1224,1528,304,1100
7374,2025,Weekday,Commercial & Employment Core,4110,4293,183,2848
7374,2025,Weekend,Commercial & Employment Core,1498,1741,243,1114
7375,2022,Weekday,Commercial & Employment Core,7551,7586,35,3728
7375,2022,Weekend,Commercial & Employment Core,3482,3560,78,1600
7375,2023,Weekday,Commercial & Employment Core,10818,10885,67,4421
7375,2023,Weekend,Commercial & Employment Core,3955,4001,46,1812
7375,2024,Weekday,Commercial & Employment Core,10282,10537,255,4382
7375,2024,Weekend,Commercial & Employment Core,3893,4043,150,1731
7375,2025,Weekday,Commercial & Employment Core,7999,8063,64,3733
7375,2025,Weekend,Commercial & Employment Core,3043,3270,227,1548
7376,2022,Weekday,Residential & Inner-Suburban Feeder,1744,1515,-229,1617
7376,2022,Weekend,Residential & Inner-Suburban Feeder,781,724,-57,678
7376,2023,Weekday,Residential & Inner-Suburban Feeder,1645,1528,-117,1771
7376,2023,Weekend,Residential & Inner-Suburban Feeder,614,534,-80,652
7376,2024,Weekday,Residential & Inner-Suburban Feeder,1832,1802,-30,1926
7376,2024,Weekend,Residential & Inner-Suburban Feeder,517,524,7,591
7376,2025,Weekday,Residential & Inner-Suburban Feeder,1962,1775,-187,1859
7376,2025,Weekend,Residential & Inner-Suburban Feeder,791,759,-32,750
7377,2022,Weekday,Residential & Inner-Suburban Feeder,1137,965,-172,1324
7377,2022,Weekend,Residential & Inner-Suburban Feeder,459,309,-150,464
7377,2023,Weekday,Residential & Inner-Suburban Feeder,1289,955,-334,1464
7377,2023,Weekend,Residential & Inner-Suburban Feeder,509,316,-193,514
7377,2024,Weekday,Residential & Inner-Suburban Feeder,2583,1211,-1372,2031
7377,2024,Weekend,Residential & Inner-Suburban Feeder,884,410,-474,729
7377,2025,Weekday,Residential & Inner-Suburban Feeder,3272,1460,-1812,2355
7377,2025,Weekend,Residential & Inner-Suburban Feeder,1055,520,-535,842
7378,2022,Weekday,Residential & Inner-Suburban Feeder,2218,1642,-576,2079
7378,2022,Weekend,Residential & Inner-Suburban Feeder,927,622,-305,740
7378,2023,Weekday,Residential & Inner-Suburban Feeder,2231,1914,-317,2215
7378,2023,Weekend,Residential & Inner-Suburban Feeder,715,608,-107,765
7378,2024,Weekday,Residential & Inner-Suburban Feeder,2337,2248,-89,2413
7378,2024,Weekend,Residential & Inner-Suburban Feeder,671,682,11,763
7378,2025,Weekday,Residential & Inner-Suburban Feeder,2149,2069,-80,2138
7378,2025,Weekend,Residential & Inner-Suburban Feeder,670,662,-8,696
7379,2022,Weekday,Residential & Inner-Suburban Feeder,2666,1600,-1066,2074
7379,2022,Weekend,Residential & Inner-Suburban Feeder,1067,718,-349,747
7379,2023,Weekday,Residential & Inner-Suburban Feeder,3466,1864,-1602,2504
7379,2023,Weekend,Residential & Inner-Suburban Feeder,920,637,-283,801
7379,2024,Weekday,Residential & Inner-Suburban Feeder,3942,2241,-1701,2788
7379,2024,Weekend,Residential & Inner-Suburban Feeder,972,687,-285,845
7379,2025,Weekday,Residential & Inner-Suburban Feeder,3567,2347,-1220,2445
7379,2025,Weekend,Residential & Inner-Suburban Feeder,950,848,-102,886
7380,2022,Weekday,Residential & Inner-Suburban Feeder,1030,671,-359,1136
7380,2022,Weekend,Residential & Inner-Suburban Feeder,479,327,-152,472
7380,2023,Weekday,Residential & Inner-Suburban Feeder,1146,959,-187,1468
7380,2023,Weekend,Residential & Inner-Suburban Feeder,391,327,-64,515
7380,2024,Weekday,Residential & Inner-Suburban Feeder,1258,1151,-107,1644
7380,2024,Weekend,Residential & Inner-Suburban Feeder,327,305,-22,440
7380,2025,Weekday,Residential & Inner-Suburban Feeder,1128,1037,-91,1413
7380,2025,Weekend,Residential & Inner-Suburban Feeder,442,401,-41,536
7381,2022,Weekday,Residential & Inner-Suburban Feeder,3566,2213,-1353,2588
7381,2022,Weekend,Residential & Inner-Suburban Feeder,1649,902,-747,1044
7381,2023,Weekday,Residential & Inner-Suburban Feeder,5587,2656,-2931,3306
7381,2023,Weekend,Residential & Inner-Suburban Feeder,1714,877,-837,1114
7381,2024,Weekday,Residential & Inner-Suburban Feeder,6082,3368,-2714,3544
7381,2024,Weekend,Residential & Inner-Suburban Feeder,1775,1073,-702,1222
7381,2025,Weekday,Residential & Inner-Suburban Feeder,6127,3357,-2770,3214
7381,2025,Weekend,Residential & Inner-Suburban Feeder,1987,1203,-784,1208
7382,2022,Weekday,Commercial & Employment Core,10895,11423,528,4320
7382,2022,Weekend,Commercial & Employment Core,3948,3992,44,1734
7382,2023,Weekday,Commercial & Employment Core,1297,1400,103,890
7382,2023,Weekend,Commercial & Employment Core,400,404,4,350
7382,2025,Weekday,Commercial & Employment Core,84,94,10,105
7382,2025,Weekend,Commercial & Employment Core,26,32,6,40
7383,2022,Weekday,Commercial & Employment Core,5313,5429,116,3398
7383,2022,Weekend,Commercial & Employment Core,2527,2705,178,1427
7383,2023,Weekday,Commercial & Employment Core,5201,5453,252,3408
7383,2023,Weekend,Commercial & Employment Core,2324,2402,78,1516
7383,2024,Weekday,Commercial & Employment Core,9408,9694,286,4308
7383,2024,Weekend,Commercial & Employment Core,3516,3576,60,1758
7383,2025,Weekday,Commercial & Employment Core,9758,9797,39,4349
7383,2025,Weekend,Commercial & Employment Core,3524,3678,154,1745
7384,2022,Weekday,Commercial & Employment Core,6617,6315,-302,3702
7384,2022,Weekend,Commercial & Employment Core,2555,2507,-48,1467
7384,2023,Weekday,Commercial & Employment Core,8119,7622,-497,4077
7384,2023,Weekend,Commercial & Employment Core,2759,2607,-152,1581
7384,2024,Weekday,Commercial & Employment Core,9202,8835,-367,4344
7384,2024,Weekend,Commercial & Employment Core,2948,2939,-9,1653
7384,2025,Weekday,Commercial & Employment Core,9553,9709,156,4299
7384,2025,Weekend,Commercial & Employment Core,3194,3321,127,1646
7385,2022,Weekday,Commercial & Employment Core,8167,5854,-2313,3760
7385,2022,Weekend,Commercial & Employment Core,2978,2188,-790,1464
7385,2023,Weekday,Commercial & Employment Core,9382,7190,-2192,4251
7385,2023,Weekend,Commercial & Employment Core,3030,2344,-686,1641
7385,2024,Weekday,Commercial & Employment Core,12703,8051,-4652,4454
7385,2024,Weekend,Commercial & Employment Core,4042,2576,-1466,1762
7385,2025,Weekday,Commercial & Employment Core,13309,9298,-4011,4779
7385,2025,Weekend,Commercial & Employment Core,5077,3297,-1780,1874
7386,2022,Weekday,Commercial & Employment Core,5607,5647,40,3613
7386,2022,Weekend,Commercial & Employment Core,2174,2230,56,1423
7386,2023,Weekday,Commercial & Employment Core,7886,8062,176,4398
7386,2023,Weekend,Commercial & Employment Core,2758,2817,59,1754
7386,2024,Weekday,Commercial & Employment Core,8979,8846,-133,4607
7386,2024,Weekend,Commercial & Employment Core,2946,3060,114,1813
7386,2025,Weekday,Commercial & Employment Core,8822,8701,-121,4474
7386,2025,Weekend,Commercial & Employment Core,3127,3289,162,1791
7387,2022,Weekday,Residential & Inner-Suburban Feeder,1387,1318,-69,1800
7387,2022,Weekend,Residential & Inner-Suburban Feeder,463,390,-73,557
7387,2023,Weekday,Residential & Inner-Suburban Feeder,1449,1412,-37,1818
7387,2023,Weekend,Residential & Inner-Suburban Feeder,438,347,-91,553
7387,2024,Weekday,Residential & Inner-Suburban Feeder,1824,1780,-44,2145
7387,2024,Weekend,Residential & Inner-Suburban Feeder,449,434,-15,592
7387,2025,Weekday,Residential & Inner-Suburban Feeder,1979,1868,-111,2233
7387,2025,Weekend,Residential & Inner-Suburban Feeder,572,496,-76,691
7388,2022,Weekday,Commercial & Employment Core,4685,4364,-321,3151
7388,2022,Weekend,Commercial & Employment Core,1957,1778,-179,1260
7388,2023,Weekday,Commercial & Employment Core,5612,5172,-440,3164
7388,2023,Weekend,Commercial & Employment Core,2250,2184,-66,1233
7388,2024,Weekday,Commercial & Employment Core,7408,7302,-106,4054
7388,2024,Weekend,Commercial & Employment Core,2578,2673,95,1629
7388,2025,Weekday,Commercial & Employment Core,7661,7195,-466,3847
7388,2025,Weekend,Commercial & Employment Core,2726,2653,-73,1574
7389,2022,Weekday,Commercial & Employment Core,15791,15126,-665,4948
7389,2022,Weekend,Commercial & Employment Core,5936,5815,-121,1998
7389,2023,Weekday,Commercial & Employment Core,18010,17963,-47,5317
7389,2023,Weekend,Commercial & Employment Core,5968,6149,181,2073
7389,2024,Weekday,Commercial & Employment Core,18571,18395,-176,5265
7389,2024,Weekend,Commercial & Employment Core,5735,5923,188,2053
7389,2025,Weekday,Commercial & Employment Core,19037,19008,-29,5134
7389,2025,Weekend,Commercial & Employment Core,6199,6552,353,2044
7391,2022,Weekday,Commercial & Employment Core,12514,13132,618,4439
7391,2022,Weekend,Commercial & Employment Core,5149,5628,479,1733
7391,2023,Weekday,Commercial & Employment Core,16260,16454,194,4928
7391,2023,Weekend,Commercial & Employment Core,6108,6499,391,2025
7391,2024,Weekday,Commercial & Employment Core,18575,18810,235,5028
7391,2024,Weekend,Commercial & Employment Core,6163,6673,510,2030
7391,2025,Weekday,Commercial & Employment Core,19548,20033,485,4994
7391,2025,Weekend,Commercial & Employment Core,6934,7875,941,2042
7392,2022,Weekday,Residential & Inner-Suburban Feeder,367,252,-115,501
7392,2022,Weekend,Residential & Inner-Suburban Feeder,175,125,-50,193
7392,2023,Weekday,Residential & Inner-Suburban Feeder,13,4,-9,17
7392,2023,Weekend,Residential & Inner-Suburban Feeder,8,3,-5,9
7395,2022,Weekday,Residential & Inner-Suburban Feeder,221,360,139,499
7395,2022,Weekend,Residential & Inner-Suburban Feeder,66,118,52,133
7395,2023,Weekday,Residential & Inner-Suburban Feeder,627,672,45,1013
7395,2023,Weekend,Residential & Inner-Suburban Feeder,224,214,-10,353
7395,2024,Weekday,Residential & Inner-Suburban Feeder,876,872,-4,1299
7395,2024,Weekend,Residential & Inner-Suburban Feeder,322,332,10,487
7395,2025,Weekday,Residential & Inner-Suburban Feeder,794,796,2,1099
7395,2025,Weekend,Residential & Inner-Suburban Feeder,333,310,-23,446
7398,2022,Weekday,Commercial & Employment Core,9977,10252,275,4266
7398,2022,Weekend,Commercial & Employment Core,4170,4292,122,1704
7398,2023,Weekday,Commercial & Employment Core,11931,12486,555,4723
7398,2023,Weekend,Commercial & Employment Core,4393,4649,256,1904
7398,2024,Weekday,Commercial & Employment Core,15122,15434,312,5054
7398,2024,Weekend,Commercial & Employment Core,5089,5389,300,2003
7398,2025,Weekday,Commercial & Employment Core,15545,15640,95,5139
7398,2025,Weekend,Commercial & Employment Core,5462,5741,279,1951
7399,2022,Weekday,Commercial & Employment Core,15314,16262,948,4385
7399,2022,Weekend,Commercial & Employment Core,7422,7874,452,1701
7399,2023,Weekday,Commercial & Employment Core,18865,19579,714,4703
7399,2023,Weekend,Commercial & Employment Core,6747,7102,355,1845
7399,2024,Weekday,Commercial & Employment Core,19661,20268,607,4779
7399,2024,Weekend,Commercial & Employment Core,6832,6989,157,1913
7399,2025,Weekday,Commercial & Employment Core,18190,18455,265,4806
7399,2025,Weekend,Commercial & Employment Core,6747,6894,147,1814
7400,2022,Weekday,Leisure & Waterfront,4984,4944,-40,2583
7400,2022,Weekend,Leisure & Waterfront,2674,2333,-341,1183
7400,2023,Weekday,Leisure & Waterfront,5320,7193,1873,2564
7400,2023,Weekend,Leisure & Waterfront,2219,2388,169,1156
7400,2024,Weekday,Leisure & Waterfront,8379,11783,3404,2683
7400,2024,Weekend,Leisure & Waterfront,3052,3040,-12,1311
7400,2025,Weekday,Leisure & Waterfront,6830,10764,3934,2097
7400,2025,Weekend,Leisure & Waterfront,2248,2296,48,1182
7403,2022,Weekday,Residential & Inner-Suburban Feeder,1093,778,-315,1223
7403,2022,Weekend,Residential & Inner-Suburban Feeder,455,357,-98,506
7403,2023,Weekday,Residential & Inner-Suburban Feeder,1340,1148,-192,1541
7403,2023,Weekend,Residential & Inner-Suburban Feeder,455,348,-107,564
7403,2024,Weekday,Residential & Inner-Suburban Feeder,2860,1751,-1109,2276
7403,2024,Weekend,Residential & Inner-Suburban Feeder,661,572,-89,726
7403,2025,Weekday,Residential & Inner-Suburban Feeder,2880,2065,-815,2254
7403,2025,Weekend,Residential & Inner-Suburban Feeder,856,670,-186,754
7404,2022,Weekday,Residential & Inner-Suburban Feeder,1773,1310,-463,1895
7404,2022,Weekend,Residential & Inner-Suburban Feeder,630,499,-131,665
7404,2023,Weekday,Residential & Inner-Suburban Feeder,1605,1513,-92,1917
7404,2023,Weekend,Residential & Inner-Suburban Feeder,454,445,-9,602
7404,2024,Weekday,Residential & Inner-Suburban Feeder,1247,1360,113,1723
7404,2024,Weekend,Residential & Inner-Suburban Feeder,367,371,4,493
7404,2025,Weekday,Residential & Inner-Suburban Feeder,1581,1612,31,1862
7404,2025,Weekend,Residential & Inner-Suburban Feeder,513,463,-50,625
7406,2022,Weekday,Commercial & Employment Core,12340,14084,1744,4736
7406,2022,Weekend,Commercial & Employment Core,3898,4522,624,1859
7406,2023,Weekday,Commercial & Employment Core,10228,10647,419,3585
7406,2023,Weekend,Commercial & Employment Core,2616,3024,408,1389
7407,2022,Weekday,Commercial & Employment Core,3912,3753,-159,2762
7407,2022,Weekend,Commercial & Employment Core,1368,1295,-73,1003
7407,2023,Weekday,Commercial & Employment Core,201,316,115,274
7407,2023,Weekend,Commercial & Employment Core,67,80,13,88
7407,2024,Weekday,Commercial & Employment Core,8436,8204,-232,3567
7407,2024,Weekend,Commercial & Employment Core,2686,2600,-86,1475
7407,2025,Weekday,Commercial & Employment Core,11678,11884,206,4262
7407,2025,Weekend,Commercial & Employment Core,3845,3955,110,1737
7408,2022,Weekday,Commercial & Employment Core,4351,4132,-219,2891
7408,2022,Weekend,Commercial & Employment Core,1346,1151,-195,983
7408,2023,Weekday,Commercial & Employment Core,5013,4896,-117,3060
7408,2023,Weekend,Commercial & Employment Core,1213,1157,-56,972
7409,2022,Weekday,Commercial & Employment Core,9874,7289,-2585,4249
7409,2022,Weekend,Commercial & Employment Core,3414,2782,-632,1682
7409,2023,Weekday,Commercial & Employment Core,12818,9192,-3626,4660
7409,2023,Weekend,Commercial & Employment Core,4064,3398,-666,1903
7409,2024,Weekday,Commercial & Employment Core,14809,9862,-4947,4801
7409,2024,Weekend,Commercial & Employment Core,4713,3625,-1088,1928
7409,2025,Weekday,Commercial & Employment Core,16113,9765,-6348,4829
7409,2025,Weekend,Commercial & Employment Core,5085,3612,-1473,1916
7410,2022,Weekday,Residential & Inner-Suburban Feeder,4667,3831,-836,3233
7410,2022,Weekend,Residential & Inner-Suburban Feeder,1752,1432,-320,1230
7410,2023,Weekday,Residential & Inner-Suburban Feeder,6692,5428,-1264,3851
7410,2023,Weekend,Residential & Inner-Suburban Feeder,2314,1915,-399,1576
7410,2024,Weekday,Residential & Inner-Suburban Feeder,3940,3157,-783,3145
7410,2024,Weekend,Residential & Inner-Suburban Feeder,1442,1046,-396,1257
7410,2025,Weekday,Residential & Inner-Suburban Feeder,3754,2808,-946,2978
7410,2025,Weekend,Residential & Inner-Suburban Feeder,1163,931,-232,1080
7411,2022,Weekday,Residential & Inner-Suburban Feeder,7471,7769,298,3547
7411,2022,Weekend,Residential & Inner-Suburban Feeder,4540,4680,140,1405
7411,2023,Weekday,Residential & Inner-Suburban Feeder,6825,6935,110,3830
7411,2023,Weekend,Residential & Inner-Suburban Feeder,2807,2884,77,1477
7411,2024,Weekday,Residential & Inner-Suburban Feeder,8570,8734,164,3919
7411,2024,Weekend,Residential & Inner-Suburban Feeder,3215,3327,112,1587
7411,2025,Weekday,Residential & Inner-Suburban Feeder,9806,9756,-50,3942
7411,2025,Weekend,Residential & Inner-Suburban Feeder,4071,3938,-133,1584
7412,2022,Weekday,Residential & Inner-Suburban Feeder,6923,6874,-49,3690
7412,2022,Weekend,Residential & Inner-Suburban Feeder,2805,2779,-26,1516
7412,2023,Weekday,Residential & Inner-Suburban Feeder,6992,7208,216,3899
7412,2023,Weekend,Residential & Inner-Suburban Feeder,2403,2448,45,1570
7412,2024,Weekday,Residential & Inner-Suburban Feeder,6263,6057,-206,3580
7412,2024,Weekend,Residential & Inner-Suburban Feeder,2010,1918,-92,1424
7412,2025,Weekday,Residential & Inner-Suburban Feeder,6504,6532,28,3398
7412,2025,Weekend,Residential & Inner-Suburban Feeder,2266,2063,-203,1370
7413,2022,Weekday,Residential & Inner-Suburban Feeder,1099,873,-226,1398
7413,2022,Weekend,Residential & Inner-Suburban Feeder,433,359,-74,538
7413,2023,Weekday,Residential & Inner-Suburban Feeder,20,15,-5,29
7413,2023,Weekend,Residential & Inner-Suburban Feeder,5,3,-2,7
7414,2022,Weekday,Leisure & Waterfront,1432,1294,-138,1647
7414,2022,Weekend,Leisure & Waterfront,650,663,13,708
7414,2023,Weekday,Leisure & Waterfront,2056,1755,-301,2135
7414,2023,Weekend,Leisure & Waterfront,895,862,-33,888
7414,2024,Weekday,Leisure & Waterfront,2197,2131,-66,2323
7414,2024,Weekend,Leisure & Waterfront,914,940,26,972
7414,2025,Weekday,Leisure & Waterfront,2067,2142,75,2249
7414,2025,Weekend,Leisure & Waterfront,992,1042,50,998
7415,2022,Weekday,Commercial & Employment Core,1323,1384,61,1722
7415,2022,Weekend,Commercial & Employment Core,600,613,13,644
7415,2023,Weekday,Commercial & Employment Core,1897,1856,-41,2132
7415,2023,Weekend,Commercial & Employment Core,605,689,84,766
7415,2024,Weekday,Commercial & Employment Core,1994,1918,-76,2306
7415,2024,Weekend,Commercial & Employment Core,621,617,-4,730
7415,2025,Weekday,Commercial & Employment Core,2252,2236,-16,2362
7415,2025,Weekend,Commercial & Employment Core,716,723,7,813
7416,2022,Weekday,Residential & Inner-Suburban Feeder,7956,6289,-1667,3856
7416,2022,Weekend,Residential & Inner-Suburban Feeder,3098,2657,-441,1505
7416,2023,Weekday,Residential & Inner-Suburban Feeder,9856,6858,-2998,4214
7416,2023,Weekend,Residential & Inner-Suburban Feeder,3233,2390,-843,1639
7416,2024,Weekday,Residential & Inner-Suburban Feeder,10250,8370,-1880,4312
7416,2024,Weekend,Residential & Inner-Suburban Feeder,3130,2634,-496,1673
7416,2025,Weekday,Residential & Inner-Suburban Feeder,12862,10478,-2384,4286
7416,2025,Weekend,Residential & Inner-Suburban Feeder,4443,3812,-631,1687
7417,2022,Weekday,Commercial & Employment Core,7595,7610,15,4032
7417,2022,Weekend,Commercial & Employment Core,2538,2549,11,1521
7417,2023,Weekday,Commercial & Employment Core,9067,8752,-315,4387
7417,2023,Weekend,Commercial & Employment Core,2665,2705,40,1678
7417,2024,Weekday,Commercial & Employment Core,9402,9389,-13,4349
7417,2024,Weekend,Commercial & Employment Core,2531,2652,121,1689
7417,2025,Weekday,Commercial & Employment Core,5634,5580,-54,2917
7417,2025,Weekend,Commercial & Employment Core,1574,1695,121,1107
7418,2022,Weekday,Commercial & Employment Core,18135,17173,-962,5143
7418,2022,Weekend,Commercial & Employment Core,5964,5574,-390,1994
7418,2023,Weekday,Commercial & Employment Core,25260,25426,166,5379
7418,2023,Weekend,Commercial & Employment Core,8130,8327,197,2210
7418,2024,Weekday,Commercial & Employment Core,24007,23937,-70,5455
7418,2024,Weekend,Commercial & Employment Core,7854,7860,6,2165
7418,2025,Weekday,Commercial & Employment Core,23800,24107,307,5399
7418,2025,Weekend,Commercial & Employment Core,7840,8086,246,2120
7419,2022,Weekday,Commercial & Employment Core,7335,5941,-1394,3495
7419,2022,Weekend,Commercial & Employment Core,2792,2311,-481,1407
7419,2023,Weekday,Commercial & Employment Core,5214,3649,-1565,2247
7419,2023,Weekend,Commercial & Employment Core,1814,1291,-523,851
7419,2024,Weekday,Commercial & Employment Core,2798,2187,-611,955
7419,2024,Weekend,Commercial & Employment Core,912,686,-226,414
7419,2025,Weekday,Commercial & Employment Core,11703,9173,-2530,4248
7419,2025,Weekend,Commercial & Employment Core,4059,3167,-892,1665
7420,2022,Weekday,Residential & Inner-Suburban Feeder,3340,2954,-386,2789
7420,2022,Weekend,Residential & Inner-Suburban Feeder,1245,1118,-127,1102
7420,2023,Weekday,Residential & Inner-Suburban Feeder,3986,3389,-597,3063
7420,2023,Weekend,Residential & Inner-Suburban Feeder,1190,1142,-48,1151
7420,2024,Weekday,Residential & Inner-Suburban Feeder,5749,4706,-1043,3524
7420,2024,Weekend,Residential & Inner-Suburban Feeder,1831,1656,-175,1359
7420,2025,Weekday,Residential & Inner-Suburban Feeder,6687,4989,-1698,3571
7420,2025,Weekend,Residential & Inner-Suburban Feeder,2250,1905,-345,1447
7422,2022,Weekday,Residential & Inner-Suburban Feeder,2901,2852,-49,2731
7422,2022,Weekend,Residential & Inner-Suburban Feeder,1332,1344,12,1113
7422,2023,Weekday,Residential & Inner-Suburban Feeder,3400,3475,75,3068
7422,2023,Weekend,Residential & Inner-Suburban Feeder,1274,1350,76,1177
7422,2024,Weekday,Residential & Inner-Suburban Feeder,6069,6142,73,3959
7422,2024,Weekend,Residential & Inner-Suburban Feeder,2144,2236,92,1550
7422,2025,Weekday,Residential & Inner-Suburban Feeder,5710,5837,127,3715
7422,2025,Weekend,Residential & Inner-Suburban Feeder,2342,2333,-9,1519
7423,2022,Weekday,Leisure & Waterfront,330,213,-117,368
7423,2022,Weekend,Leisure & Waterfront,210,138,-72,166
7424,2022,Weekday,Residential & Inner-Suburban Feeder,1706,1369,-337,1736
7424,2022,Weekend,Residential & Inner-Suburban Feeder,647,589,-58,619
7424,2023,Weekday,Residential & Inner-Suburban Feeder,1322,1104,-218,1541
7424,2023,Weekend,Residential & Inner-Suburban Feeder,470,350,-120,505
7424,2024,Weekday,Residential & Inner-Suburban Feeder,1477,1544,67,1733
7424,2024,Weekend,Residential & Inner-Suburban Feeder,521,497,-24,620
7424,2025,Weekday,Residential & Inner-Suburban Feeder,787,700,-87,888
7424,2025,Weekend,Residential & Inner-Suburban Feeder,324,287,-37,363
7425,2022,Weekday,Leisure & Waterfront,748,916,168,1127
7425,2022,Weekend,Leisure & Waterfront,288,356,68,376
7425,2023,Weekday,Leisure & Waterfront,773,1062,289,1314
7425,2023,Weekend,Leisure & Waterfront,261,301,40,384
7425,2024,Weekday,Leisure & Waterfront,908,1067,159,1397
7425,2024,Weekend,Leisure & Waterfront,340,329,-11,443
7425,2025,Weekday,Leisure & Waterfront,1051,1183,132,1469
7425,2025,Weekend,Leisure & Waterfront,493,473,-20,590
7426,2022,Weekday,Leisure & Waterfront,3509,3858,349,2177
7426,2022,Weekend,Leisure & Waterfront,2568,2543,-25,982
7427,2022,Weekday,Leisure & Waterfront,4245,4705,460,1847
7427,2022,Weekend,Leisure & Waterfront,4100,5586,1486,980
7427,2023,Weekday,Leisure & Waterfront,3218,4359,1141,1788
7427,2023,Weekend,Leisure & Waterfront,2945,4028,1083,961
7427,2024,Weekday,Leisure & Waterfront,4415,5467,1052,2062
7427,2024,Weekend,Leisure & Waterfront,3216,4246,1030,1073
7427,2025,Weekday,Leisure & Waterfront,4130,4860,730,1898
7427,2025,Weekend,Leisure & Waterfront,3164,3932,768,947
7428,2022,Weekday,Leisure & Waterfront,1204,1532,328,1155
7428,2022,Weekend,Leisure & Waterfront,1120,1147,27,582
7428,2023,Weekday,Leisure & Waterfront,1187,1610,423,1383
7428,2023,Weekend,Leisure & Waterfront,780,850,70,601
7428,2024,Weekday,Leisure & Waterfront,1718,2071,353,1704
7428,2024,Weekend,Leisure & Waterfront,1032,1211,179,713
7428,2025,Weekday,Leisure & Waterfront,1682,1963,281,1461
7428,2025,Weekend,Leisure & Waterfront,1109,1221,112,688
7429,2022,Weekday,Commercial & Employment Core,1549,1192,-357,1652
7429,2022,Weekend,Commercial & Employment Core,694,519,-175,639
7429,2023,Weekday,Commercial & Employment Core,1942,1459,-483,2053
7429,2023,Weekend,Commercial & Employment Core,745,593,-152,794
7429,2024,Weekday,Commercial & Employment Core,1845,1532,-313,1962
7429,2024,Weekend,Commercial & Employment Core,727,572,-155,745
7429,2025,Weekday,Commercial & Employment Core,2143,1807,-336,2140
7429,2025,Weekend,Commercial & Employment Core,913,680,-233,873
7430,2022,Weekday,Leisure & Waterfront,11250,11544,294,2979
7430,2022,Weekend,Leisure & Waterfront,9780,9813,33,1302
7430,2023,Weekday,Leisure & Waterfront,8219,8220,1,3129
7430,2023,Weekend,Leisure & Waterfront,5303,5143,-160,1304
7430,2024,Weekday,Leisure & Waterfront,9638,9696,58,3295
7430,2024,Weekend,Leisure & Waterfront,5762,5612,-150,1424
7430,2025,Weekday,Leisure & Waterfront,9468,9756,288,3281
7430,2025,Weekend,Leisure & Waterfront,5696,5547,-149,1422
7431,2022,Weekday,Residential & Inner-Suburban Feeder,1933,2115,182,2163
7431,2022,Weekend,Residential & Inner-Suburban Feeder,918,1082,164,921
7431,2023,Weekday,Residential & Inner-Suburban Feeder,2907,3206,299,2690
7431,2023,Weekend,Residential & Inner-Suburban Feeder,1124,1265,141,1121
7431,2024,Weekday,Residential & Inner-Suburban Feeder,3853,4055,202,3187
7431,2024,Weekend,Residential & Inner-Suburban Feeder,1263,1300,37,1178
7431,2025,Weekday,Residential & Inner-Suburban Feeder,3495,3653,158,3026
7431,2025,Weekend,Residential & Inner-Suburban Feeder,1190,1293,103,1190
7432,2022,Weekday,Commercial & Employment Core,10075,10523,448,4367
7432,2022,Weekend,Commercial & Employment Core,3339,3576,237,1666
7432,2023,Weekday,Commercial & Employment Core,19279,20001,722,5015
7432,2023,Weekend,Commercial & Employment Core,5413,5666,253,2067
7432,2024,Weekday,Commercial & Employment Core,23000,24971,1971,5210
7432,2024,Weekend,Commercial & Employment Core,5909,6526,617,2113
7432,2025,Weekday,Commercial & Employment Core,28695,30162,1467,5094
7432,2025,Weekend,Commercial & Employment Core,8442,9358,916,2092
7433,2022,Weekday,Residential & Inner-Suburban Feeder,2946,2965,19,2478
7433,2022,Weekend,Residential & Inner-Suburban Feeder,1070,1157,87,877
7433,2023,Weekday,Residential & Inner-Suburban Feeder,4335,4567,232,3233
7433,2023,Weekend,Residential & Inner-Suburban Feeder,1295,1397,102,1105
7433,2024,Weekday,Residential & Inner-Suburban Feeder,4911,5099,188,3475
7433,2024,Weekend,Residential & Inner-Suburban Feeder,1415,1444,29,1208
7433,2025,Weekday,Residential & Inner-Suburban Feeder,4630,4921,291,3211
7433,2025,Weekend,Residential & Inner-Suburban Feeder,1442,1506,64,1192
7434,2022,Weekday,Residential & Inner-Suburban Feeder,1386,1112,-274,1637
7434,2022,Weekend,Residential & Inner-Suburban Feeder,569,537,-32,643
7434,2023,Weekday,Residential & Inner-Suburban Feeder,1536,1323,-213,1836
7434,2023,Weekend,Residential & Inner-Suburban Feeder,579,532,-47,682
7434,2024,Weekday,Residential & Inner-Suburban Feeder,3818,2386,-1432,2818
7434,2024,Weekend,Residential & Inner-Suburban Feeder,1406,810,-596,1063
7434,2025,Weekday,Residential & Inner-Suburban Feeder,5243,2941,-2302,3021
7434,2025,Weekend,Residential & Inner-Suburban Feeder,1979,1085,-894,1170
7435,2022,Weekday,Leisure & Waterfront,1278,950,-328,1479
7435,2022,Weekend,Leisure & Waterfront,596,461,-135,631
7435,2023,Weekday,Leisure & Waterfront,1474,1167,-307,1697
7435,2023,Weekend,Leisure & Waterfront,706,606,-100,731
7435,2024,Weekday,Leisure & Waterfront,1405,1399,-6,1677
7435,2024,Weekend,Leisure & Waterfront,642,630,-12,698
7435,2025,Weekday,Leisure & Waterfront,1565,1672,107,1709
7435,2025,Weekend,Leisure & Waterfront,640,690,50,672
7437,2022,Weekday,Commercial & Employment Core,4682,4402,-280,3286
7437,2022,Weekend,Commercial & Employment Core,2051,1911,-140,1346
7437,2023,Weekday,Commercial & Employment Core,6701,6688,-13,3951
7437,2023,Weekend,Commercial & Employment Core,2625,2507,-118,1643
7437,2024,Weekday,Commercial & Employment Core,7400,7367,-33,3957
7437,2024,Weekend,Commercial & Employment Core,2941,2832,-109,1653
7437,2025,Weekday,Commercial & Employment Core,8838,9036,198,4039
7437,2025,Weekend,Commercial & Employment Core,3844,3798,-46,1703
7438,2022,Weekday,Commercial & Employment Core,1291,1324,33,1621
7438,2022,Weekend,Commercial & Employment Core,640,554,-86,661
7438,2023,Weekday,Commercial & Employment Core,1566,1436,-130,1840
7438,2023,Weekend,Commercial & Employment Core,657,584,-73,717
7438,2024,Weekday,Commercial & Employment Core,2187,1998,-189,2275
7438,2024,Weekend,Commercial & Employment Core,827,784,-43,897
7438,2025,Weekday,Commercial & Employment Core,2258,2243,-15,2214
7438,2025,Weekend,Commercial & Employment Core,838,811,-27,835
7440,2022,Weekday,Leisure & Waterfront,5611,5419,-192,1916
7440,2022,Weekend,Leisure & Waterfront,5408,5241,-167,983
7440,2023,Weekday,Leisure & Waterfront,3585,3150,-435,1526
7440,2023,Weekend,Leisure & Waterfront,2833,2467,-366,773
7441,2022,Weekday,Residential & Inner-Suburban Feeder,2029,1821,-208,1962
7441,2022,Weekend,Residential & Inner-Suburban Feeder,1011,867,-144,889
7441,2023,Weekday,Residential & Inner-Suburban Feeder,3267,2665,-602,2876
7441,2023,Weekend,Residential & Inner-Suburban Feeder,1310,1021,-289,1116
7441,2024,Weekday,Residential & Inner-Suburban Feeder,1235,1109,-126,1364
7441,2024,Weekend,Residential & Inner-Suburban Feeder,529,465,-64,597
7441,2025,Weekday,Residential & Inner-Suburban Feeder,3905,3927,22,2970
7441,2025,Weekend,Residential & Inner-Suburban Feeder,1563,1531,-32,1202
7442,2022,Weekday,Residential & Inner-Suburban Feeder,1246,1081,-165,1522
7442,2022,Weekend,Residential & Inner-Suburban Feeder,565,494,-71,605
7442,2023,Weekday,Residential & Inner-Suburban Feeder,685,620,-65,885
7442,2023,Weekend,Residential & Inner-Suburban Feeder,282,228,-54,329
7442,2024,Weekday,Residential & Inner-Suburban Feeder,1195,1174,-21,1567
7442,2024,Weekend,Residential & Inner-Suburban Feeder,439,445,6,599
7442,2025,Weekday,Residential & Inner-Suburban Feeder,1413,1419,6,1683
7442,2025,Weekend,Residential & Inner-Suburban Feeder,494,486,-8,590
7443,2022,Weekday,Residential & Inner-Suburban Feeder,5750,5158,-592,3819
7443,2022,Weekend,Residential & Inner-Suburban Feeder,2240,2000,-240,1497
7443,2023,Weekday,Residential & Inner-Suburban Feeder,5933,5347,-586,4194
7443,2023,Weekend,Residential & Inner-Suburban Feeder,1974,1930,-44,1595
7443,2024,Weekday,Residential & Inner-Suburban Feeder,7558,6832,-726,4433
7443,2024,Weekend,Residential & Inner-Suburban Feeder,2747,2649,-98,1777
7443,2025,Weekday,Residential & Inner-Suburban Feeder,9020,6764,-2256,4393
7443,2025,Weekend,Residential & Inner-Suburban Feeder,2787,2582,-205,1742
7444,2022,Weekday,Residential & Inner-Suburban Feeder,772,649,-123,1026
7444,2022,Weekend,Residential & Inner-Suburban Feeder,280,214,-66,338
7444,2023,Weekday,Residential & Inner-Suburban Feeder,841,676,-165,1118
7444,2023,Weekend,Residential & Inner-Suburban Feeder,199,203,4,276
7444,2024,Weekday,Residential & Inner-Suburban Feeder,586,549,-37,888
7444,2024,Weekend,Residential & Inner-Suburban Feeder,199,189,-10,287
7444,2025,Weekday,Residential & Inner-Suburban Feeder,539,536,-3,805
7444,2025,Weekend,Residential & Inner-Suburban Feeder,186,183,-3,281
7445,2022,Weekday,Commercial & Employment Core,2434,2692,258,2434
7445,2022,Weekend,Commercial & Employment Core,1076,1208,132,936
7445,2023,Weekday,Commercial & Employment Core,2747,3145,398,2831
7445,2023,Weekend,Commercial & Employment Core,1128,1235,107,1034
7445,2024,Weekday,Commercial & Employment Core,4045,4199,154,3350
7445,2024,Weekend,Commercial & Employment Core,1477,1527,50,1245
7445,2025,Weekday,Commercial & Employment Core,4305,4508,203,3591
7445,2025,Weekend,Commercial & Employment Core,1528,1660,132,1274
7446,2022,Weekday,Residential & Inner-Suburban Feeder,1078,1211,133,1271
7446,2022,Weekend,Residential & Inner-Suburban Feeder,373,415,42,452
7446,2023,Weekday,Residential & Inner-Suburban Feeder,1445,1603,158,1725
7446,2023,Weekend,Residential & Inner-Suburban Feeder,383,472,89,492
7446,2024,Weekday,Residential & Inner-Suburban Feeder,1619,1849,230,1871
7446,2024,Weekend,Residential & Inner-Suburban Feeder,437,530,93,571
7446,2025,Weekday,Residential & Inner-Suburban Feeder,1525,1603,78,1655
7446,2025,Weekend,Residential & Inner-Suburban Feeder,407,425,18,489
7447,2022,Weekday,Residential & Inner-Suburban Feeder,834,702,-132,1070
7447,2022,Weekend,Residential & Inner-Suburban Feeder,428,318,-110,484
7447,2023,Weekday,Residential & Inner-Suburban Feeder,1057,810,-247,1320
7447,2023,Weekend,Residential & Inner-Suburban Feeder,398,316,-82,474
7447,2024,Weekday,Residential & Inner-Suburban Feeder,965,878,-87,1290
7447,2024,Weekend,Residential & Inner-Suburban Feeder,393,354,-39,525
7447,2025,Weekday,Residential & Inner-Suburban Feeder,778,731,-47,1092
7447,2025,Weekend,Residential & Inner-Suburban Feeder,352,353,1,492
7448,2022,Weekday,Residential & Inner-Suburban Feeder,240,192,-48,317
7448,2022,Weekend,Residential & Inner-Suburban Feeder,122,75,-47,132
7448,2023,Weekday,Residential & Inner-Suburban Feeder,295,324,29,485
7448,2023,Weekend,Residential & Inner-Suburban Feeder,109,102,-7,154
7448,2024,Weekday,Residential & Inner-Suburban Feeder,390,314,-76,595
7448,2024,Weekend,Residential & Inner-Suburban Feeder,126,98,-28,184
7448,2025,Weekday,Residential & Inner-Suburban Feeder,338,370,32,586
7448,2025,Weekend,Residential & Inner-Suburban Feeder,153,160,7,247
7449,2022,Weekday,Leisure & Waterfront,492,532,40,687
7449,2022,Weekend,Leisure & Waterfront,342,302,-40,364
7449,2023,Weekday,Leisure & Waterfront,614,644,30,903
7449,2023,Weekend,Leisure & Waterfront,346,323,-23,438
7449,2024,Weekday,Leisure & Waterfront,833,790,-43,1169
7449,2024,Weekend,Leisure & Waterfront,270,291,21,383
7449,2025,Weekday,Leisure & Waterfront,952,965,13,1258
7449,2025,Weekend,Leisure & Waterfront,367,374,7,469
7450,2022,Weekday,Commercial & Employment Core,3077,2953,-124,2472
7450,2022,Weekend,Commercial & Employment Core,1575,1479,-96,1003
7450,2023,Weekday,Commercial & Employment Core,3973,3605,-368,2979
7450,2023,Weekend,Commercial & Employment Core,1738,1622,-116,1205
7450,2024,Weekday,Commercial & Employment Core,4660,4526,-134,3225
7450,2024,Weekend,Commercial & Employment Core,1851,1800,-51,1233
7450,2025,Weekday,Commercial & Employment Core,3062,3093,31,2057
7450,2025,Weekend,Commercial & Employment Core,1405,1421,16,895
7451,2022,Weekday,Residential & Inner-Suburban Feeder,4567,4915,348,3127
7451,2022,Weekend,Residential & Inner-Suburban Feeder,1737,1825,88,1167
7451,2023,Weekday,Residential & Inner-Suburban Feeder,5008,6243,1235,3553
7451,2023,Weekend,Residential & Inner-Suburban Feeder,1539,2061,522,1335
7451,2024,Weekday,Residential & Inner-Suburban Feeder,6482,6598,116,3535
7451,2024,Weekend,Residential & Inner-Suburban Feeder,1898,1826,-72,1380
7451,2025,Weekday,Residential & Inner-Suburban Feeder,7407,6727,-680,3190
7451,2025,Weekend,Residential & Inner-Suburban Feeder,2156,2097,-59,1367
7452,2022,Weekday,Residential & Inner-Suburban Feeder,7302,4766,-2536,3856
7452,2022,Weekend,Residential & Inner-Suburban Feeder,2321,1581,-740,1434
7452,2023,Weekday,Residential & Inner-Suburban Feeder,12105,6668,-5437,4567
7452,2023,Weekend,Residential & Inner-Suburban Feeder,3443,2112,-1331,1694
7452,2024,Weekday,Residential & Inner-Suburban Feeder,11060,7960,-3100,4698
7452,2024,Weekend,Residential & Inner-Suburban Feeder,3702,2550,-1152,1923
7452,2025,Weekday,Residential & Inner-Suburban Feeder,10656,7145,-3511,4567
7452,2025,Weekend,Residential & Inner-Suburban Feeder,3176,2422,-754,1773
7453,2022,Weekday,Commercial & Employment Core,6573,5940,-633,3949
7453,2022,Weekend,Commercial & Employment Core,2410,2198,-212,1577
7453,2023,Weekday,Commercial & Employment Core,8654,8257,-397,4631
7453,2023,Weekend,Commercial & Employment Core,3030,2912,-118,1902
7453,2024,Weekday,Commercial & Employment Core,9356,9240,-116,4765
7453,2024,Weekend,Commercial & Employment Core,3085,3122,37,1928
7453,2025,Weekday,Commercial & Employment Core,8448,8477,29,4465
7453,2025,Weekend,Commercial & Employment Core,2821,2925,104,1800
7454,2022,Weekday,Leisure & Waterfront,2124,2169,45,1313
7454,2022,Weekend,Leisure & Waterfront,2138,2200,62,724
7454,2023,Weekday,Leisure & Waterfront,997,1041,44,868
7454,2023,Weekend,Leisure & Waterfront,877,877,0,541
7454,2024,Weekday,Leisure & Waterfront,1306,1401,95,1114
7454,2024,Weekend,Leisure & Waterfront,1000,1040,40,626
7454,2025,Weekday,Leisure & Waterfront,1281,1358,77,1059
7454,2025,Weekend,Leisure & Waterfront,1018,1019,1,602
7455,2022,Weekday,Leisure & Waterfront,878,881,3,750
7455,2022,Weekend,Leisure & Waterfront,742,749,7,486
7455,2023,Weekday,Leisure & Waterfront,463,484,21,502
7455,2023,Weekend,Leisure & Waterfront,358,408,50,336
7455,2024,Weekday,Leisure & Waterfront,449,459,10,500
7455,2024,Weekend,Leisure & Waterfront,292,375,83,319
7455,2025,Weekday,Leisure & Waterfront,526,492,-34,517
7455,2025,Weekend,Leisure & Waterfront,492,488,-4,388
7457,2022,Weekday,Commercial & Employment Core,9011,8352,-659,3753
7457,2022,Weekend,Commercial & Employment Core,2726,2614,-112,1391
7457,2023,Weekday,Commercial & Employment Core,12031,11127,-904,4194
7457,2023,Weekend,Commercial & Employment Core,3369,3181,-188,1602
7457,2024,Weekday,Commercial & Employment Core,13152,12852,-300,4284
7457,2024,Weekend,Commercial & Employment Core,3746,3664,-82,1656
7457,2025,Weekday,Commercial & Employment Core,10933,11081,148,4111
7457,2025,Weekend,Commercial & Employment Core,2964,3073,109,1487
7458,2022,Weekday,Commercial & Employment Core,8997,9285,288,4123
7458,2022,Weekend,Commercial & Employment Core,3227,3379,152,1652
7458,2023,Weekday,Commercial & Employment Core,10230,10501,271,4455
7458,2023,Weekend,Commercial & Employment Core,3005,3294,289,1756
7458,2024,Weekday,Commercial & Employment Core,11365,11730,365,4516
7458,2024,Weekend,Commercial & Employment Core,3028,3405,377,1753
7458,2025,Weekday,Commercial & Employment Core,15477,15838,361,4662
7458,2025,Weekend,Commercial & Employment Core,4766,5144,378,1865
7459,2022,Weekday,Residential & Inner-Suburban Feeder,1613,1347,-266,1845
7459,2022,Weekend,Residential & Inner-Suburban Feeder,672,551,-121,672
7459,2023,Weekday,Residential & Inner-Suburban Feeder,1829,1480,-349,1975
7459,2023,Weekend,Residential & Inner-Suburban Feeder,690,567,-123,752
7459,2024,Weekday,Residential & Inner-Suburban Feeder,2393,2144,-249,2378
7459,2024,Weekend,Residential & Inner-Suburban Feeder,875,837,-38,899
7459,2025,Weekday,Residential & Inner-Suburban Feeder,1334,1351,17,1500
7459,2025,Weekend,Residential & Inner-Suburban Feeder,606,650,44,614
7460,2022,Weekday,Leisure & Waterfront,770,684,-86,696
7460,2022,Weekend,Leisure & Waterfront,776,659,-117,437
7460,2023,Weekday,Leisure & Waterfront,624,585,-39,697
7460,2023,Weekend,Leisure & Waterfront,618,534,-84,464
7460,2024,Weekday,Leisure & Waterfront,884,857,-27,869
7460,2024,Weekend,Leisure & Waterfront,574,566,-8,501
7460,2025,Weekday,Leisure & Waterfront,1354,1073,-281,1105
7460,2025,Weekend,Leisure & Waterfront,769,748,-21,580
7461,2022,Weekday,Leisure & Waterfront,2028,1942,-86,1172
7461,2022,Weekend,Leisure & Waterfront,1901,1783,-118,672
7461,2023,Weekday,Leisure & Waterfront,1395,1322,-73,1060
7461,2023,Weekend,Leisure & Waterfront,1290,1112,-178,643
7461,2024,Weekday,Leisure & Waterfront,1421,1296,-125,1072
7461,2024,Weekend,Leisure & Waterfront,1214,1066,-148,629
7461,2025,Weekday,Leisure & Waterfront,1828,1553,-275,1152
7461,2025,Weekend,Leisure & Waterfront,1606,1397,-209,637
7462,2022,Weekday,Commercial & Employment Core,16266,16132,-134,4803
7462,2022,Weekend,Commercial & Employment Core,5575,5750,175,1811
7462,2023,Weekday,Commercial & Employment Core,24192,23979,-213,5299
7462,2023,Weekend,Commercial & Employment Core,7424,7669,245,2041
7462,2024,Weekday,Commercial & Employment Core,24919,25056,137,5275
7462,2024,Weekend,Commercial & Employment Core,7741,7851,110,2070
7462,2025,Weekday,Commercial & Employment Core,25364,25690,326,5141
7462,2025,Weekend,Commercial & Employment Core,8385,8630,245,2011
7463,2022,Weekday,Commercial & Employment Core,9321,9615,294,3889
7463,2022,Weekend,Commercial & Employment Core,3229,3186,-43,1524
7463,2023,Weekday,Commercial & Employment Core,5136,5369,233,2455
7463,2023,Weekend,Commercial & Employment Core,1814,1852,38,958
7465,2022,Weekday,Residential & Inner-Suburban Feeder,1789,1204,-585,1773
7465,2022,Weekend,Residential & Inner-Suburban Feeder,775,526,-249,692
7465,2023,Weekday,Residential & Inner-Suburban Feeder,1689,1229,-460,1824
7465,2023,Weekend,Residential & Inner-Suburban Feeder,673,475,-198,715
7465,2024,Weekday,Residential & Inner-Suburban Feeder,1993,1301,-692,1963
7465,2024,Weekend,Residential & Inner-Suburban Feeder,604,479,-125,669
7465,2025,Weekday,Residential & Inner-Suburban Feeder,1528,1052,-476,1482
7465,2025,Weekend,Residential & Inner-Suburban Feeder,580,471,-109,596
7466,2022,Weekday,Commercial & Employment Core,2327,2084,-243,2107
7466,2022,Weekend,Commercial & Employment Core,1038,1110,72,848
7466,2023,Weekday,Commercial & Employment Core,2990,2839,-151,2649
7466,2023,Weekend,Commercial & Employment Core,1222,1273,51,1036
7466,2024,Weekday,Commercial & Employment Core,3429,3396,-33,2848
7466,2024,Weekend,Commercial & Employment Core,1542,1588,46,1174
7466,2025,Weekday,Commercial & Employment Core,3960,3925,-35,2832
7466,2025,Weekend,Commercial & Employment Core,1866,1808,-58,1188
7467,2022,Weekday,Commercial & Employment Core,12050,12143,93,4569
7467,2022,Weekend,Commercial & Employment Core,5109,5224,115,1795
7467,2023,Weekday,Commercial & Employment Core,14619,14663,44,5014
7467,2023,Weekend,Commercial & Employment Core,4726,4810,84,1954
7467,2024,Weekday,Commercial & Employment Core,18382,18318,-64,5234
7467,2024,Weekend,Commercial & Employment Core,5386,5407,21,2032
7467,2025,Weekday,Commercial & Employment Core,18750,18746,-4,5033
7467,2025,Weekend,Commercial & Employment Core,5373,5645,272,1992
7468,2022,Weekday,Commercial & Employment Core,5058,5411,353,3175
7468,2022,Weekend,Commercial & Employment Core,2254,2309,55,1278
7468,2023,Weekday,Commercial & Employment Core,6018,6373,355,3679
7468,2023,Weekend,Commercial & Employment Core,1899,2056,157,1395
7468,2024,Weekday,Commercial & Employment Core,7506,7882,376,3982
7468,2024,Weekend,Commercial & Employment Core,2333,2400,67,1539
7468,2025,Weekday,Commercial & Employment Core,9225,9639,414,3854
7468,2025,Weekend,Commercial & Employment Core,2686,2869,183,1510
7469,2022,Weekday,Commuter-Heavy Transit Hub,5753,7038,1285,3523
7469,2022,Weekend,Commuter-Heavy Transit Hub,1119,1218,99,1010
7469,2023,Weekday,Commuter-Heavy Transit Hub,6703,7512,809,3744
7469,2023,Weekend,Commuter-Heavy Transit Hub,1087,1200,113,1065
7469,2024,Weekday,Commuter-Heavy Transit Hub,6075,6515,440,3606
7469,2024,Weekend,Commuter-Heavy Transit Hub,909,1015,106,1026
7469,2025,Weekday,Commuter-Heavy Transit Hub,7078,7288,210,3761
7469,2025,Weekend,Commuter-Heavy Transit Hub,1450,1594,144,1270
7471,2022,Weekday,Leisure & Waterfront,803,800,-3,964
7471,2022,Weekend,Leisure & Waterfront,416,419,3,371
7471,2023,Weekday,Leisure & Waterfront,691,847,156,1098
7471,2023,Weekend,Leisure & Waterfront,316,313,-3,366
7471,2024,Weekday,Leisure & Waterfront,320,323,3,438
7471,2024,Weekend,Leisure & Waterfront,132,127,-5,156
7471,2025,Weekday,Leisure & Waterfront,713,690,-23,933
7471,2025,Weekend,Leisure & Waterfront,316,288,-28,343
7472,2022,Weekday,Commercial & Employment Core,4861,7673,2812,3738
7472,2022,Weekend,Commercial & Employment Core,2062,3426,1364,1438
7472,2023,Weekday,Commercial & Employment Core,342,628,286,414
7472,2023,Weekend,Commercial & Employment Core,170,243,73,177
7473,2022,Weekday,Commercial & Employment Core,7017,7034,17,3527
7473,2022,Weekend,Commercial & Employment Core,3187,3100,-87,1441
7473,2023,Weekday,Commercial & Employment Core,7597,7640,43,3862
7473,2023,Weekend,Commercial & Employment Core,2904,2742,-162,1489
7473,2024,Weekday,Commercial & Employment Core,8062,8126,64,3917
7473,2024,Weekend,Commercial & Employment Core,3274,3194,-80,1573
7473,2025,Weekday,Commercial & Employment Core,8878,9000,122,3731
7473,2025,Weekend,Commercial & Employment Core,3979,3874,-105,1609
7474,2022,Weekday,Commercial & Employment Core,8764,9189,425,4204
7474,2022,Weekend,Commercial & Employment Core,4004,4217,213,1725
7474,2023,Weekday,Commercial & Employment Core,8616,9595,979,4382
7474,2023,Weekend,Commercial & Employment Core,3512,3773,261,1728
7474,2024,Weekday,Commercial & Employment Core,12162,12897,735,4545
7474,2024,Weekend,Commercial & Employment Core,4111,4413,302,1781
7474,2025,Weekday,Commercial & Employment Core,12322,12565,243,4392
7474,2025,Weekend,Commercial & Employment Core,4212,4387,175,1676
7475,2022,Weekday,Commercial & Employment Core,7469,7053,-416,3969
7475,2022,Weekend,Commercial & Employment Core,3029,2800,-229,1607
7475,2023,Weekday,Commercial & Employment Core,11524,11135,-389,4812
7475,2023,Weekend,Commercial & Employment Core,3546,3544,-2,1867
7475,2024,Weekday,Commercial & Employment Core,12420,12151,-269,4738
7475,2024,Weekend,Commercial & Employment Core,3413,3475,62,1843
7475,2025,Weekday,Commercial & Employment Core,15119,15035,-84,4784
7475,2025,Weekend,Commercial & Employment Core,4516,4558,42,1897
7476,2022,Weekday,Commercial & Employment Core,2224,2169,-55,2245
7476,2022,Weekend,Commercial & Employment Core,988,971,-17,914
7476,2023,Weekday,Commercial & Employment Core,3129,3068,-61,2919
7476,2023,Weekend,Commercial & Employment Core,1202,1171,-31,1161
7476,2024,Weekday,Commercial & Employment Core,3691,3645,-46,3205
7476,2024,Weekend,Commercial & Employment Core,1463,1446,-17,1313
7476,2025,Weekday,Commercial & Employment Core,3934,4037,103,3137
7476,2025,Weekend,Commercial & Employment Core,1575,1557,-18,1237
7477,2022,Weekday,Residential & Inner-Suburban Feeder,596,486,-110,803
7477,2022,Weekend,Residential & Inner-Suburban Feeder,231,223,-8,331
7477,2023,Weekday,Residential & Inner-Suburban Feeder,1145,941,-204,1389
7477,2023,Weekend,Residential & Inner-Suburban Feeder,404,340,-64,498
7477,2024,Weekday,Residential & Inner-Suburban Feeder,2048,1851,-197,2194
7477,2024,Weekend,Residential & Inner-Suburban Feeder,583,583,0,706
7477,2025,Weekday,Residential & Inner-Suburban Feeder,2437,2343,-94,2346
7477,2025,Weekend,Residential & Inner-Suburban Feeder,864,872,8,884
7478,2022,Weekday,Leisure & Waterfront,1122,1292,170,1295
7478,2022,Weekend,Leisure & Waterfront,754,778,24,578
7478,2023,Weekday,Leisure & Waterfront,861,1227,366,1302
7478,2023,Weekend,Leisure & Waterfront,432,548,116,517
7478,2024,Weekday,Leisure & Waterfront,1009,1215,206,1416
7478,2024,Weekend,Leisure & Waterfront,472,531,59,540
7478,2025,Weekday,Leisure & Waterfront,1085,1256,171,1369
7478,2025,Weekend,Leisure & Waterfront,628,616,-12,605
7479,2022,Weekday,Commercial & Employment Core,1382,1247,-135,1558
7479,2022,Weekend,Commercial & Employment Core,656,621,-35,684
7479,2023,Weekday,Commercial & Employment Core,1170,983,-187,1499
7479,2023,Weekend,Commercial & Employment Core,370,312,-58,460
7479,2024,Weekday,Commercial & Employment Core,1317,1315,-2,1735
7479,2024,Weekend,Commercial & Employment Core,473,434,-39,612
7479,2025,Weekday,Commercial & Employment Core,1216,1269,53,1664
7479,2025,Weekend,Commercial & Employment Core,477,428,-49,586
7480,2022,Weekday,Commercial & Employment Core,1846,1739,-107,1946
7480,2022,Weekend,Commercial & Employment Core,648,644,-4,702
7480,2023,Weekday,Commercial & Employment Core,2096,1899,-197,2207
7480,2023,Weekend,Commercial & Employment Core,697,771,74,800
7480,2024,Weekday,Commercial & Employment Core,2215,2200,-15,2428
7480,2024,Weekend,Commercial & Employment Core,839,812,-27,881
7480,2025,Weekday,Commercial & Employment Core,2723,2840,117,2716
7480,2025,Weekend,Commercial & Employment Core,1059,1131,72,1027
7482,2022,Weekday,Commercial & Employment Core,534,577,43,757
7482,2022,Weekend,Commercial & Employment Core,247,267,20,350
7483,2022,Weekday,Residential & Inner-Suburban Feeder,1043,764,-279,1280
7483,2022,Weekend,Residential & Inner-Suburban Feeder,509,420,-89,588
7483,2023,Weekday,Residential & Inner-Suburban Feeder,1547,1340,-207,1874
7483,2023,Weekend,Residential & Inner-Suburban Feeder,649,558,-91,793
7483,2024,Weekday,Residential & Inner-Suburban Feeder,1480,1441,-39,1934
7483,2024,Weekend,Residential & Inner-Suburban Feeder,598,582,-16,790
7483,2025,Weekday,Residential & Inner-Suburban Feeder,1393,1303,-90,1784
7483,2025,Weekend,Residential & Inner-Suburban Feeder,535,522,-13,712
7484,2022,Weekday,Commercial & Employment Core,713,571,-142,906
7484,2022,Weekend,Commercial & Employment Core,300,242,-58,328
7484,2023,Weekday,Commercial & Employment Core,755,550,-205,992
7484,2023,Weekend,Commercial & Employment Core,243,201,-42,330
7484,2024,Weekday,Commercial & Employment Core,1036,1064,28,1390
7484,2024,Weekend,Commercial & Employment Core,361,339,-22,477
7484,2025,Weekday,Commercial & Employment Core,1241,1238,-3,1528
7484,2025,Weekend,Commercial & Employment Core,458,449,-9,550
7485,2022,Weekday,Commercial & Employment Core,562,529,-33,801
7485,2022,Weekend,Commercial & Employment Core,304,271,-33,352
7485,2023,Weekday,Commercial & Employment Core,821,868,47,1215
7485,2023,Weekend,Commercial & Employment Core,269,282,13,359
7485,2024,Weekday,Commercial & Employment Core,903,942,39,1274
7485,2024,Weekend,Commercial & Employment Core,296,311,15,392
7485,2025,Weekday,Commercial & Employment Core,1064,1027,-37,1315
7485,2025,Weekend,Commercial & Employment Core,366,383,17,473
7486,2022,Weekday,Commercial & Employment Core,830,554,-276,906
7486,2022,Weekend,Commercial & Employment Core,292,245,-47,337
7486,2023,Weekday,Commercial & Employment Core,1250,818,-432,1388
7486,2023,Weekend,Commercial & Employment Core,399,276,-123,471
7486,2024,Weekday,Commercial & Employment Core,1579,1346,-233,1809
7486,2024,Weekend,Commercial & Employment Core,488,388,-100,568
7486,2025,Weekday,Commercial & Employment Core,1618,1173,-445,1690
7486,2025,Weekend,Commercial & Employment Core,468,358,-110,524
7487,2022,Weekday,Residential & Inner-Suburban Feeder,1230,1198,-32,1548
7487,2022,Weekend,Residential & Inner-Suburban Feeder,376,465,89,499
7487,2023,Weekday,Residential & Inner-Suburban Feeder,1263,1277,14,1682
7487,2023,Weekend,Residential & Inner-Suburban Feeder,320,350,30,482
7487,2024,Weekday,Residential & Inner-Suburban Feeder,1309,1392,83,1694
7487,2024,Weekend,Residential & Inner-Suburban Feeder,369,389,20,504
7487,2025,Weekday,Residential & Inner-Suburban Feeder,1109,1233,124,1505
7487,2025,Weekend,Residential & Inner-Suburban Feeder,337,325,-12,452
7488,2022,Weekday,Leisure & Waterfront,1025,874,-151,1086
7488,2022,Weekend,Leisure & Waterfront,528,488,-40,473
7488,2023,Weekday,Leisure & Waterfront,1041,908,-133,1108
7488,2023,Weekend,Leisure & Waterfront,423,421,-2,460
7488,2024,Weekday,Leisure & Waterfront,1238,1265,27,1557
7488,2024,Weekend,Leisure & Waterfront,563,599,36,655
7488,2025,Weekday,Leisure & Waterfront,1330,1416,86,1644
7488,2025,Weekend,Leisure & Waterfront,513,570,57,637
7489,2022,Weekday,Residential & Inner-Suburban Feeder,6374,6173,-201,3785
7489,2022,Weekend,Residential & Inner-Suburban Feeder,2500,2417,-83,1552
7489,2023,Weekday,Residential & Inner-Suburban Feeder,7439,7461,22,3932
7489,2023,Weekend,Residential & Inner-Suburban Feeder,2254,2169,-85,1541
7489,2024,Weekday,Residential & Inner-Suburban Feeder,8567,8553,-14,4115
7489,2024,Weekend,Residential & Inner-Suburban Feeder,2406,2371,-35,1613
7489,2025,Weekday,Residential & Inner-Suburban Feeder,8822,8882,60,4082
7489,2025,Weekend,Residential & Inner-Suburban Feeder,2690,2687,-3,1581
7491,2022,Weekday,Commercial & Employment Core,10731,11282,551,4126
7491,2022,Weekend,Commercial & Employment Core,5450,5862,412,1722
7491,2023,Weekday,Commercial & Employment Core,838,910,72,543
7491,2023,Weekend,Commercial & Employment Core,369,381,12,194
7492,2022,Weekday,Leisure & Waterfront,5406,5604,198,2348
7492,2022,Weekend,Leisure & Waterfront,4477,4426,-51,1038
7492,2023,Weekday,Leisure & Waterfront,4581,4496,-85,2574
7492,2023,Weekend,Leisure & Waterfront,2774,2592,-182,1025
7492,2024,Weekday,Leisure & Waterfront,6294,6375,81,2874
7492,2024,Weekend,Leisure & Waterfront,3514,3387,-127,1129
7492,2025,Weekday,Leisure & Waterfront,6676,6711,35,2846
7492,2025,Weekend,Leisure & Waterfront,4370,4230,-140,1228
7493,2022,Weekday,Commercial & Employment Core,1921,2039,118,2212
7493,2022,Weekend,Commercial & Employment Core,836,868,32,899
7493,2023,Weekday,Commercial & Employment Core,3156,3388,232,2980
7493,2023,Weekend,Commercial & Employment Core,964,999,35,1007
7493,2024,Weekday,Commercial & Employment Core,4304,4489,185,3437
7493,2024,Weekend,Commercial & Employment Core,1044,1168,124,1077
7493,2025,Weekday,Commercial & Employment Core,7939,8003,64,3839
7493,2025,Weekend,Commercial & Employment Core,2279,2312,33,1391
7494,2022,Weekday,Commercial & Employment Core,1915,1758,-157,1914
7494,2022,Weekend,Commercial & Employment Core,740,674,-66,745
7494,2023,Weekday,Commercial & Employment Core,2396,2133,-263,2394
7494,2023,Weekend,Commercial & Employment Core,676,683,7,782
7494,2024,Weekday,Commercial & Employment Core,3225,2831,-394,2968
7494,2024,Weekend,Commercial & Employment Core,805,770,-35,880
7494,2025,Weekday,Commercial & Employment Core,3216,2902,-314,2700
7494,2025,Weekend,Commercial & Employment Core,809,871,62,917
7496,2022,Weekday,Commercial & Employment Core,2345,2427,82,2424
7496,2022,Weekend,Commercial & Employment Core,761,888,127,829
7496,2023,Weekday,Commercial & Employment Core,2888,3014,126,2933
7496,2023,Weekend,Commercial & Employment Core,782,886,104,923
7496,2024,Weekday,Commercial & Employment Core,4464,4473,9,3454
7496,2024,Weekend,Commercial & Employment Core,1028,1241,213,1124
7496,2025,Weekday,Commercial & Employment Core,4800,4782,-18,3378
7496,2025,Weekend,Commercial & Employment Core,1135,1334,199,1126
7497,2022,Weekday,Commercial & Employment Core,2415,2293,-122,2348
7497,2022,Weekend,Commercial & Employment Core,884,864,-20,732
7497,2023,Weekday,Commercial & Employment Core,3117,2899,-218,2751
7497,2023,Weekend,Commercial & Employment Core,956,1034,78,874
7497,2024,Weekday,Commercial & Employment Core,3906,3802,-104,3021
7497,2024,Weekend,Commercial & Employment Core,1231,1230,-1,955
7497,2025,Weekday,Commercial & Employment Core,4494,4480,-14,3163
7497,2025,Weekend,Commercial & Employment Core,1574,1610,36,1103
7501,2022,Weekday,Commercial & Employment Core,523,473,-50,786
7501,2022,Weekend,Commercial & Employment Core,184,185,1,277
7501,2023,Weekday,Commercial & Employment Core,544,546,2,829
7501,2023,Weekend,Commercial & Employment Core,288,247,-41,373
7501,2024,Weekday,Commercial & Employment Core,690,706,16,992
7501,2024,Weekend,Commercial & Employment Core,265,256,-9,362
7501,2025,Weekday,Commercial & Employment Core,776,821,45,1128
7501,2025,Weekend,Commercial & Employment Core,257,245,-12,370
7502,2022,Weekday,Commuter-Heavy Transit Hub,13802,14750,948,4108
7502,2022,Weekend,Commuter-Heavy Transit Hub,2345,2147,-198,1433
7502,2023,Weekday,Commuter-Heavy Transit Hub,13157,11990,-1167,4175
7502,2023,Weekend,Commuter-Heavy Transit Hub,2568,2336,-232,1523
7502,2024,Weekday,Commuter-Heavy Transit Hub,13005,12810,-195,4122
7502,2024,Weekend,Commuter-Heavy Transit Hub,2850,2543,-307,1619
7502,2025,Weekday,Commuter-Heavy Transit Hub,13264,13416,152,4093
7502,2025,Weekend,Commuter-Heavy Transit Hub,2764,2726,-38,1572
7503,2022,Weekday,Commercial & Employment Core,467,352,-115,637
7503,2022,Weekend,Commercial & Employment Core,174,114,-60,198
7503,2023,Weekday,Commercial & Employment Core,693,515,-178,966
7503,2023,Weekend,Commercial & Employment Core,239,192,-47,324
7503,2024,Weekday,Commercial & Employment Core,715,550,-165,992
7503,2024,Weekend,Commercial & Employment Core,214,185,-29,307
7503,2025,Weekday,Commercial & Employment Core,519,377,-142,698
7503,2025,Weekend,Commercial & Employment Core,138,182,44,230
7504,2022,Weekday,Commercial & Employment Core,546,560,14,752
7504,2022,Weekend,Commercial & Employment Core,285,277,-8,341
7504,2023,Weekday,Commercial & Employment Core,716,725,9,1041
7504,2023,Weekend,Commercial & Employment Core,387,367,-20,477
7504,2024,Weekday,Commercial & Employment Core,1008,993,-15,1376
7504,2024,Weekend,Commercial & Employment Core,450,444,-6,574
7504,2025,Weekday,Commercial & Employment Core,741,713,-28,1053
7504,2025,Weekend,Commercial & Employment Core,311,341,30,411
7505,2022,Weekday,Commercial & Employment Core,4192,4461,269,3128
7505,2022,Weekend,Commercial & Employment Core,1451,1508,57,1195
7505,2023,Weekday,Commercial & Employment Core,12697,12836,139,4657
7505,2023,Weekend,Commercial & Employment Core,3843,3969,126,1835
7505,2024,Weekday,Commercial & Employment Core,14979,15135,156,4957
7505,2024,Weekend,Commercial & Employment Core,4198,4300,102,1915
7505,2025,Weekday,Commercial & Employment Core,18265,18629,364,4893
7505,2025,Weekend,Commercial & Employment Core,5346,5412,66,1890
7506,2022,Weekday,Commercial & Employment Core,5239,5244,5,3338
7506,2022,Weekend,Commercial & Employment Core,1830,1856,26,1250
7506,2023,Weekday,Commercial & Employment Core,8316,8751,435,4016
7506,2023,Weekend,Commercial & Employment Core,2792,2873,81,1579
7506,2024,Weekday,Commercial & Employment Core,8470,8535,65,4135
7506,2024,Weekend,Commercial & Employment Core,2605,2650,45,1611
7506,2025,Weekday,Commercial & Employment Core,8398,8544,146,3836
7506,2025,Weekend,Commercial & Employment Core,2512,2620,108,1433
7508,2022,Weekday,Residential & Inner-Suburban Feeder,3021,2991,-30,2871
7508,2022,Weekend,Residential & Inner-Suburban Feeder,1140,1092,-48,1096
7508,2023,Weekday,Residential & Inner-Suburban Feeder,3932,3845,-87,3351
7508,2023,Weekend,Residential & Inner-Suburban Feeder,1391,1488,97,1281
7508,2024,Weekday,Residential & Inner-Suburban Feeder,5009,5040,31,3706
7508,2024,Weekend,Residential & Inner-Suburban Feeder,1553,1518,-35,1377
7508,2025,Weekday,Residential & Inner-Suburban Feeder,8236,8140,-96,4000
7508,2025,Weekend,Residential & Inner-Suburban Feeder,2592,2586,-6,1494
7509,2022,Weekday,Commercial & Employment Core,1973,2200,227,1871
7509,2022,Weekend,Commercial & Employment Core,789,980,191,762
7514,2022,Weekday,Leisure & Waterfront,7502,7883,381,2741
7514,2022,Weekend,Leisure & Waterfront,6743,7058,315,1227
7514,2023,Weekday,Leisure & Waterfront,5928,6420,492,2944
7514,2023,Weekend,Leisure & Waterfront,4217,4449,232,1233
7514,2024,Weekday,Leisure & Waterfront,7110,8037,927,3257
7514,2024,Weekend,Leisure & Waterfront,4696,5141,445,1421
7514,2025,Weekday,Leisure & Waterfront,4631,5478,847,2582
7514,2025,Weekend,Leisure & Waterfront,3133,3544,411,1136
7515,2022,Weekday,Leisure & Waterfront,1311,1363,52,1145
7515,2022,Weekend,Leisure & Waterfront,1230,1282,52,671
7515,2023,Weekday,Leisure & Waterfront,917,1097,180,1139
7515,2023,Weekend,Leisure & Waterfront,673,738,65,603
7515,2024,Weekday,Leisure & Waterfront,1062,1145,83,1206
7515,2024,Weekend,Leisure & Waterfront,724,753,29,635
7515,2025,Weekday,Leisure & Waterfront,1113,1205,92,1326
7515,2025,Weekend,Leisure & Waterfront,628,632,4,583
7516,2022,Weekday,Leisure & Waterfront,1174,1223,49,1193
7516,2022,Weekend,Leisure & Waterfront,843,877,34,540
7516,2023,Weekday,Leisure & Waterfront,857,942,85,1123
7516,2023,Weekend,Leisure & Waterfront,492,563,71,501
7516,2024,Weekday,Leisure & Waterfront,831,920,89,1111
7516,2024,Weekend,Leisure & Waterfront,469,506,37,474
7516,2025,Weekday,Leisure & Waterfront,759,837,78,936
7516,2025,Weekend,Leisure & Waterfront,494,537,43,492
7517,2022,Weekday,Leisure & Waterfront,508,708,200,844
7517,2022,Weekend,Leisure & Waterfront,286,360,74,393
7517,2023,Weekday,Leisure & Waterfront,651,966,315,1201
7517,2023,Weekend,Leisure & Waterfront,255,313,58,415
7517,2024,Weekday,Leisure & Waterfront,962,1196,234,1507
7517,2024,Weekend,Leisure & Waterfront,429,522,93,641
7517,2025,Weekday,Leisure & Waterfront,934,1067,133,1424
7517,2025,Weekend,Leisure & Waterfront,385,415,30,531
7518,2022,Weekday,Leisure & Waterfront,5029,5476,447,1966
7518,2022,Weekend,Leisure & Waterfront,5086,5233,147,977
7518,2023,Weekday,Leisure & Waterfront,3346,3748,402,1866
7518,2023,Weekend,Leisure & Waterfront,2944,2976,32,926
7518,2024,Weekday,Leisure & Waterfront,3581,3851,270,1988
7518,2024,Weekend,Leisure & Waterfront,2922,2926,4,983
7518,2025,Weekday,Leisure & Waterfront,3702,3945,243,1838
7518,2025,Weekend,Leisure & Waterfront,3371,3280,-91,1001
7519,2022,Weekday,Residential & Inner-Suburban Feeder,522,403,-119,692
7519,2022,Weekend,Residential & Inner-Suburban Feeder,246,193,-53,298
7519,2023,Weekday,Residential & Inner-Suburban Feeder,694,530,-164,972
7519,2023,Weekend,Residential & Inner-Suburban Feeder,274,201,-73,360
7519,2024,Weekday,Residential & Inner-Suburban Feeder,771,644,-127,1138
7519,2024,Weekend,Residential & Inner-Suburban Feeder,300,258,-42,410
7519,2025,Weekday,Residential & Inner-Suburban Feeder,688,677,-11,1039
7519,2025,Weekend,Residential & Inner-Suburban Feeder,297,306,9,426
7520,2022,Weekday,Residential & Inner-Suburban Feeder,958,920,-38,1328
7520,2022,Weekend,Residential & Inner-Suburban Feeder,370,387,17,470
7520,2023,Weekday,Residential & Inner-Suburban Feeder,1314,1285,-29,1714
7520,2023,Weekend,Residential & Inner-Suburban Feeder,460,478,18,623
7520,2024,Weekday,Residential & Inner-Suburban Feeder,1751,1753,2,2150
7520,2024,Weekend,Residential & Inner-Suburban Feeder,657,686,29,822
7520,2025,Weekday,Residential & Inner-Suburban Feeder,2214,2262,48,2374
7520,2025,Weekend,Residential & Inner-Suburban Feeder,805,859,54,884
7521,2022,Weekday,Commercial & Employment Core,2817,2750,-67,2606
7521,2022,Weekend,Commercial & Employment Core,1365,1268,-97,997
7521,2023,Weekday,Commercial & Employment Core,4107,3700,-407,3064
7521,2023,Weekend,Commercial & Employment Core,1742,1616,-126,1236
7521,2024,Weekday,Commercial & Employment Core,4375,4205,-170,3242
7521,2024,Weekend,Commercial & Employment Core,1928,1879,-49,1363
7521,2025,Weekday,Commercial & Employment Core,5302,5160,-142,3375
7521,2025,Weekend,Commercial & Employment Core,2440,2401,-39,1413
7522,2022,Weekday,Residential & Inner-Suburban Feeder,1424,1302,-122,1704
7522,2022,Weekend,Residential & Inner-Suburban Feeder,579,519,-60,634
7522,2023,Weekday,Residential & Inner-Suburban Feeder,2491,2349,-142,2623
7522,2023,Weekend,Residential & Inner-Suburban Feeder,881,893,12,1022
7522,2024,Weekday,Residential & Inner-Suburban Feeder,2482,2374,-108,2632
7522,2024,Weekend,Residential & Inner-Suburban Feeder,997,1044,47,1099
7522,2025,Weekday,Residential & Inner-Suburban Feeder,2412,2412,0,2569
7522,2025,Weekend,Residential & Inner-Suburban Feeder,988,1050,62,1066
7523,2022,Weekday,Commercial & Employment Core,9949,10268,319,4017
7523,2022,Weekend,Commercial & Employment Core,4344,4410,66,1623
7523,2023,Weekday,Commercial & Employment Core,12967,13608,641,4526
7523,2023,Weekend,Commercial & Employment Core,4967,5014,47,1833
7523,2024,Weekday,Commercial & Employment Core,15005,15154,149,4708
7523,2024,Weekend,Commercial & Employment Core,5339,5398,59,1880
7523,2025,Weekday,Commercial & Employment Core,14947,15180,233,4509
7523,2025,Weekend,Commercial & Employment Core,5175,5348,173,1784
7524,2022,Weekday,Residential & Inner-Suburban Feeder,11057,10882,-175,4354
7524,2022,Weekend,Residential & Inner-Suburban Feeder,4723,4690,-33,1783
7524,2023,Weekday,Residential & Inner-Suburban Feeder,13521,13446,-75,4629
7524,2023,Weekend,Residential & Inner-Suburban Feeder,5178,5211,33,1977
7524,2024,Weekday,Residential & Inner-Suburban Feeder,16360,16622,262,4803
7524,2024,Weekend,Residential & Inner-Suburban Feeder,5884,5735,-149,2012
7524,2025,Weekday,Residential & Inner-Suburban Feeder,17246,17661,415,4800
7524,2025,Weekend,Residential & Inner-Suburban Feeder,6654,6317,-337,1958
7525,2022,Weekday,Leisure & Waterfront,1344,1493,149,1297
7525,2022,Weekend,Leisure & Waterfront,690,776,86,534
7526,2022,Weekday,Leisure & Waterfront,3285,3147,-138,2756
7526,2022,Weekend,Leisure & Waterfront,1641,1643,2,1122
7526,2023,Weekday,Leisure & Waterfront,4983,4922,-61,3672
7526,2023,Weekend,Leisure & Waterfront,2447,2283,-164,1516
7526,2024,Weekday,Leisure & Waterfront,6215,6168,-47,3881
7526,2024,Weekend,Leisure & Waterfront,2837,2749,-88,1586
7526,2025,Weekday,Leisure & Waterfront,6938,7284,346,3685
7526,2025,Weekend,Leisure & Waterfront,3341,3321,-20,1623
7527,2022,Weekday,Leisure & Waterfront,586,445,-141,756
7527,2022,Weekend,Leisure & Waterfront,294,272,-22,382
7527,2023,Weekday,Leisure & Waterfront,866,621,-245,1046
7527,2023,Weekend,Leisure & Waterfront,305,269,-36,391
7527,2024,Weekday,Leisure & Waterfront,875,796,-79,1212
7527,2024,Weekend,Leisure & Waterfront,425,353,-72,516
7527,2025,Weekday,Leisure & Waterfront,720,728,8,969
7527,2025,Weekend,Leisure & Waterfront,399,392,-7,486
7528,2022,Weekday,Leisure & Waterfront,2206,1505,-701,1565
7528,2022,Weekend,Leisure & Waterfront,1138,924,-214,678
7528,2023,Weekday,Leisure & Waterfront,1827,1005,-822,1503
7528,2023,Weekend,Leisure & Waterfront,922,593,-329,680
7528,2024,Weekday,Leisure & Waterfront,1853,1296,-557,1731
7528,2024,Weekend,Leisure & Waterfront,828,650,-178,710
7528,2025,Weekday,Leisure & Waterfront,1894,1552,-342,1697
7528,2025,Weekend,Leisure & Waterfront,789,737,-52,656
7529,2022,Weekday,Residential & Inner-Suburban Feeder,1112,994,-118,1368
7529,2022,Weekend,Residential & Inner-Suburban Feeder,446,408,-38,560
7529,2023,Weekday,Residential & Inner-Suburban Feeder,1229,1042,-187,1561
7529,2023,Weekend,Residential & Inner-Suburban Feeder,528,470,-58,719
7529,2024,Weekday,Residential & Inner-Suburban Feeder,1506,1334,-172,1811
7529,2024,Weekend,Residential & Inner-Suburban Feeder,520,527,7,723
7529,2025,Weekday,Residential & Inner-Suburban Feeder,1515,1580,65,1910
7529,2025,Weekend,Residential & Inner-Suburban Feeder,528,570,42,722
7530,2022,Weekday,Commercial & Employment Core,2914,2439,-475,2466
7530,2022,Weekend,Commercial & Employment Core,1232,1160,-72,913
7530,2023,Weekday,Commercial & Employment Core,3359,2861,-498,2918
7530,2023,Weekend,Commercial & Employment Core,1335,1108,-227,1019
7530,2024,Weekday,Commercial & Employment Core,3437,3184,-253,2910
7530,2024,Weekend,Commercial & Employment Core,1209,1184,-25,1039
7530,2025,Weekday,Commercial & Employment Core,3178,3187,9,2758
7530,2025,Weekend,Commercial & Employment Core,1301,1280,-21,1051
7531,2022,Weekday,Commercial & Employment Core,5537,4908,-629,3473
7531,2022,Weekend,Commercial & Employment Core,2013,1881,-132,1398
7531,2023,Weekday,Commercial & Employment Core,7091,6092,-999,4047
7531,2023,Weekend,Commercial & Employment Core,2368,2227,-141,1655
7531,2024,Weekday,Commercial & Employment Core,9350,8069,-1281,4439
7531,2024,Weekend,Commercial & Employment Core,2759,2660,-99,1767
7531,2025,Weekday,Commercial & Employment Core,6248,6230,-18,3628
7531,2025,Weekend,Commercial & Employment Core,2120,2134,14,1422
7533,2022,Weekday,Residential & Inner-Suburban Feeder,8881,9619,738,4025
7533,2022,Weekend,Residential & Inner-Suburban Feeder,3664,4105,441,1632
7533,2023,Weekday,Residential & Inner-Suburban Feeder,11841,11817,-24,4422
7533,2023,Weekend,Residential & Inner-Suburban Feeder,3964,4091,127,1743
7533,2024,Weekday,Residential & Inner-Suburban Feeder,14752,15141,389,4598
7533,2024,Weekend,Residential & Inner-Suburban Feeder,4401,4795,394,1858
7533,2025,Weekday,Residential & Inner-Suburban Feeder,12926,13112,186,4403
7533,2025,Weekend,Residential & Inner-Suburban Feeder,4451,4572,121,1756
7534,2022,Weekday,Commercial & Employment Core,7862,7955,93,3918
7534,2022,Weekend,Commercial & Employment Core,4195,4275,80,1608
7534,2023,Weekday,Commercial & Employment Core,10075,10087,12,4241
7534,2023,Weekend,Commercial & Employment Core,4638,4568,-70,1737
7534,2024,Weekday,Commercial & Employment Core,10576,10768,192,4491
7534,2024,Weekend,Commercial & Employment Core,4572,4570,-2,1812
7534,2025,Weekday,Commercial & Employment Core,9743,9867,124,4131
7534,2025,Weekend,Commercial & Employment Core,4513,4605,92,1645
7535,2022,Weekday,Commercial & Employment Core,2474,2466,-8,1907
7535,2022,Weekend,Commercial & Employment Core,1009,1013,4,734
7536,2022,Weekday,Commercial & Employment Core,7932,7767,-165,3903
7536,2022,Weekend,Commercial & Employment Core,3631,3644,13,1655
7536,2023,Weekday,Commercial & Employment Core,12134,12180,46,4729
7536,2023,Weekend,Commercial & Employment Core,4696,4614,-82,1925
7536,2024,Weekday,Commercial & Employment Core,15337,15540,203,4967
7536,2024,Weekend,Commercial & Employment Core,6012,5809,-203,2081
7536,2025,Weekday,Commercial & Employment Core,17357,17678,321,4947
7536,2025,Weekend,Commercial & Employment Core,7473,7243,-230,2065
7537,2022,Weekday,Residential & Inner-Suburban Feeder,3303,2992,-311,2760
7537,2022,Weekend,Residential & Inner-Suburban Feeder,1118,1055,-63,1009
7537,2023,Weekday,Residential & Inner-Suburban Feeder,4914,4764,-150,3629
7537,2023,Weekend,Residential & Inner-Suburban Feeder,1592,1540,-52,1347
7537,2024,Weekday,Residential & Inner-Suburban Feeder,4276,4209,-67,3179
7537,2024,Weekend,Residential & Inner-Suburban Feeder,1379,1298,-81,1169
7537,2025,Weekday,Residential & Inner-Suburban Feeder,3850,3896,46,3036
7537,2025,Weekend,Residential & Inner-Suburban Feeder,1270,1310,40,1155
7538,2022,Weekday,Residential & Inner-Suburban Feeder,1533,1164,-369,1701
7538,2022,Weekend,Residential & Inner-Suburban Feeder,584,497,-87,662
7538,2023,Weekday,Residential & Inner-Suburban Feeder,1646,1130,-516,1733
7538,2023,Weekend,Residential & Inner-Suburban Feeder,543,427,-116,659
7538,2024,Weekday,Residential & Inner-Suburban Feeder,1255,1047,-208,1565
7538,2024,Weekend,Residential & Inner-Suburban Feeder,376,331,-45,508
7538,2025,Weekday,Residential & Inner-Suburban Feeder,1091,985,-106,1379
7538,2025,Weekend,Residential & Inner-Suburban Feeder,338,319,-19,455
7539,2022,Weekday,Residential & Inner-Suburban Feeder,1159,625,-534,1157
7539,2022,Weekend,Residential & Inner-Suburban Feeder,462,289,-173,460
7539,2023,Weekday,Residential & Inner-Suburban Feeder,1717,584,-1133,1486
7539,2023,Weekend,Residential & Inner-Suburban Feeder,513,243,-270,504
7539,2024,Weekday,Residential & Inner-Suburban Feeder,1657,1080,-577,1751
7539,2024,Weekend,Residential & Inner-Suburban Feeder,537,342,-195,602
7539,2025,Weekday,Residential & Inner-Suburban Feeder,1319,1118,-201,1514
7539,2025,Weekend,Residential & Inner-Suburban Feeder,507,467,-40,618
7540,2022,Weekday,Commercial & Employment Core,1478,757,-721,1338
7540,2022,Weekend,Commercial & Employment Core,750,346,-404,569
7540,2023,Weekday,Commercial & Employment Core,1988,1464,-524,2076
7540,2023,Weekend,Commercial & Employment Core,683,417,-266,671
7540,2024,Weekday,Commercial & Employment Core,2085,1804,-281,2113
7540,2024,Weekend,Commercial & Employment Core,474,373,-101,560
7540,2025,Weekday,Commercial & Employment Core,2220,1454,-766,1784
7540,2025,Weekend,Commercial & Employment Core,513,358,-155,530
7541,2022,Weekday,Residential & Inner-Suburban Feeder,2263,2234,-29,2274
7541,2022,Weekend,Residential & Inner-Suburban Feeder,932,954,22,889
7541,2023,Weekday,Residential & Inner-Suburban Feeder,3808,3825,17,3000
7541,2023,Weekend,Residential & Inner-Suburban Feeder,1504,1401,-103,1206
7541,2024,Weekday,Residential & Inner-Suburban Feeder,6207,6488,281,3782
7541,2024,Weekend,Residential & Inner-Suburban Feeder,2281,2171,-110,1543
7541,2025,Weekday,Residential & Inner-Suburban Feeder,6090,6238,148,3798
7541,2025,Weekend,Residential & Inner-Suburban Feeder,2432,2117,-315,1499
7542,2022,Weekday,Commercial & Employment Core,16753,18222,1469,4874
7542,2022,Weekend,Commercial & Employment Core,6855,7413,558,1945
7542,2023,Weekday,Commercial & Employment Core,23672,26409,2737,5371
7542,2023,Weekend,Commercial & Employment Core,8781,9390,609,2207
7542,2024,Weekday,Commercial & Employment Core,26716,28022,1306,5545
7542,2024,Weekend,Commercial & Employment Core,8679,9434,755,2160
7542,2025,Weekday,Commercial & Employment Core,27697,29138,1441,5338
7542,2025,Weekend,Commercial & Employment Core,8975,9770,795,2104
7543,2022,Weekday,Commercial & Employment Core,4682,4692,10,3388
7543,2022,Weekend,Commercial & Employment Core,1678,1829,151,1317
7543,2023,Weekday,Commercial & Employment Core,10175,10314,139,4344
7543,2023,Weekend,Commercial & Employment Core,3201,3331,130,1680
7543,2024,Weekday,Commercial & Employment Core,16036,16131,95,5119
7543,2024,Weekend,Commercial & Employment Core,4681,4882,201,1999
7543,2025,Weekday,Commercial & Employment Core,16416,16451,35,4919
7543,2025,Weekend,Commercial & Employment Core,5367,5538,171,1990
7544,2022,Weekday,Commercial & Employment Core,5925,6102,177,3010
7544,2022,Weekend,Commercial & Employment Core,2148,2188,40,1180
7544,2023,Weekday,Commercial & Employment Core,1,0,-1,1
7545,2022,Weekday,Commercial & Employment Core,7276,7417,141,3984
7545,2022,Weekend,Commercial & Employment Core,2804,2853,49,1530
7545,2023,Weekday,Commercial & Employment Core,9188,9515,327,4505
7545,2023,Weekend,Commercial & Employment Core,3524,3619,95,1776
7545,2024,Weekday,Commercial & Employment Core,11742,11836,94,4702
7545,2024,Weekend,Commercial & Employment Core,4042,4314,272,1808
7545,2025,Weekday,Commercial & Employment Core,13459,13604,145,4736
7545,2025,Weekend,Commercial & Employment Core,5382,5640,258,1933
7546,2022,Weekday,Commercial & Employment Core,4443,4103,-340,3165
7546,2022,Weekend,Commercial & Employment Core,1558,1425,-133,1206
7546,2023,Weekday,Commercial & Employment Core,5814,5790,-24,3780
7546,2023,Weekend,Commercial & Employment Core,1706,1732,26,1381
7546,2024,Weekday,Commercial & Employment Core,6221,5861,-360,3777
7546,2024,Weekend,Commercial & Employment Core,1673,1725,52,1401
7546,2025,Weekday,Commercial & Employment Core,4671,4224,-447,3267
7546,2025,Weekend,Commercial & Employment Core,1461,1389,-72,1256
7547,2022,Weekday,Commuter-Heavy Transit Hub,6909,6493,-416,3634
7547,2022,Weekend,Commuter-Heavy Transit Hub,1201,1106,-95,1092
7547,2023,Weekday,Commuter-Heavy Transit Hub,8110,7391,-719,3943
7547,2023,Weekend,Commuter-Heavy Transit Hub,1324,1263,-61,1261
7547,2024,Weekday,Commuter-Heavy Transit Hub,8904,8642,-262,3896
7547,2024,Weekend,Commuter-Heavy Transit Hub,1398,1391,-7,1263
7547,2025,Weekday,Commuter-Heavy Transit Hub,10156,10166,10,4170
7547,2025,Weekend,Commuter-Heavy Transit Hub,1666,1696,30,1370
7548,2022,Weekday,Commercial & Employment Core,10958,8991,-1967,4212
7548,2022,Weekend,Commercial & Employment Core,3979,3211,-768,1678
7548,2023,Weekday,Commercial & Employment Core,12656,10171,-2485,4179
7548,2023,Weekend,Commercial & Employment Core,3801,3172,-629,1634
7548,2024,Weekday,Commercial & Employment Core,14850,12124,-2726,4715
7548,2024,Weekend,Commercial & Employment Core,4554,4152,-402,1903
7548,2025,Weekday,Commercial & Employment Core,8901,7092,-1809,2952
7548,2025,Weekend,Commercial & Employment Core,2925,2688,-237,1210
7549,2022,Weekday,Residential & Inner-Suburban Feeder,6509,5991,-518,3576
7549,2022,Weekend,Residential & Inner-Suburban Feeder,2662,2418,-244,1471
7549,2023,Weekday,Residential & Inner-Suburban Feeder,9130,6703,-2427,4163
7549,2023,Weekend,Residential & Inner-Suburban Feeder,3223,2325,-898,1606
7549,2024,Weekday,Residential & Inner-Suburban Feeder,10805,7100,-3705,4306
7549,2024,Weekend,Residential & Inner-Suburban Feeder,3543,2306,-1237,1700
7549,2025,Weekday,Residential & Inner-Suburban Feeder,10590,6480,-4110,4151
7549,2025,Weekend,Residential & Inner-Suburban Feeder,3242,2087,-1155,1603
7551,2022,Weekday,Commercial & Employment Core,5409,5520,111,3578
7551,2022,Weekend,Commercial & Employment Core,2475,2566,91,1460
7551,2023,Weekday,Commercial & Employment Core,6678,7047,369,3961
7551,2023,Weekend,Commercial & Employment Core,2288,2512,224,1498
7551,2024,Weekday,Commercial & Employment Core,902,925,23,812
7551,2024,Weekend,Commercial & Employment Core,246,299,53,292
7551,2025,Weekday,Commercial & Employment Core,7120,7095,-25,2850
7551,2025,Weekend,Commercial & Employment Core,2445,2454,9,1098
7552,2022,Weekday,Commercial & Employment Core,485,489,4,680
7552,2022,Weekend,Commercial & Employment Core,234,241,7,280
7552,2023,Weekday,Commercial & Employment Core,374,374,0,556
7552,2023,Weekend,Commercial & Employment Core,176,212,36,278
7552,2024,Weekday,Commercial & Employment Core,217,256,39,371
7552,2024,Weekend,Commercial & Employment Core,133,133,0,198
7552,2025,Weekday,Commercial & Employment Core,239,263,24,392
7552,2025,Weekend,Commercial & Employment Core,127,141,14,186
7553,2022,Weekday,Leisure & Waterfront,682,708,26,837
7553,2022,Weekend,Leisure & Waterfront,369,359,-10,364
7553,2023,Weekday,Leisure & Waterfront,547,585,38,787
7553,2023,Weekend,Leisure & Waterfront,236,231,-5,305
7553,2024,Weekday,Leisure & Waterfront,515,597,82,814
7553,2024,Weekend,Leisure & Waterfront,247,256,9,340
7553,2025,Weekday,Leisure & Waterfront,605,579,-26,843
7553,2025,Weekend,Leisure & Waterfront,274,284,10,364
7554,2022,Weekday,Leisure & Waterfront,1042,990,-52,1058
7554,2022,Weekend,Leisure & Waterfront,815,805,-10,492
7554,2023,Weekday,Leisure & Waterfront,711,679,-32,884
7554,2023,Weekend,Leisure & Waterfront,352,400,48,338
7554,2024,Weekday,Leisure & Waterfront,524,514,-10,642
7554,2024,Weekend,Leisure & Waterfront,309,289,-20,311
7554,2025,Weekday,Leisure & Waterfront,534,508,-26,658
7554,2025,Weekend,Leisure & Waterfront,292,304,12,322
7555,2022,Weekday,Commercial & Employment Core,468,470,2,655
7555,2022,Weekend,Commercial & Employment Core,230,236,6,255
7555,2023,Weekday,Commercial & Employment Core,579,525,-54,804
7555,2023,Weekend,Commercial & Employment Core,243,240,-3,311
7555,2024,Weekday,Commercial & Employment Core,764,683,-81,1001
7555,2024,Weekend,Commercial & Employment Core,220,222,2,297
7555,2025,Weekday,Commercial & Employment Core,841,741,-100,1080
7555,2025,Weekend,Commercial & Employment Core,268,274,6,363
7556,2022,Weekday,Commuter-Heavy Transit Hub,563,483,-80,762
7556,2022,Weekend,Commuter-Heavy Transit Hub,209,208,-1,281
7556,2023,Weekday,Commuter-Heavy Transit Hub,2089,1777,-312,1965
7556,2023,Weekend,Commuter-Heavy Transit Hub,436,365,-71,508
7556,2024,Weekday,Commuter-Heavy Transit Hub,2756,2447,-309,2240
7556,2024,Weekend,Commuter-Heavy Transit Hub,537,524,-13,603
7556,2025,Weekday,Commuter-Heavy Transit Hub,3093,2944,-149,2351
7556,2025,Weekend,Commuter-Heavy Transit Hub,510,521,11,574
7557,2022,Weekday,Commercial & Employment Core,796,834,38,1038
7557,2022,Weekend,Commercial & Employment Core,458,444,-14,455
7557,2023,Weekday,Commercial & Employment Core,844,893,49,1223
7557,2023,Weekend,Commercial & Employment Core,349,355,6,463
7557,2024,Weekday,Commercial & Employment Core,866,869,3,1125
7557,2024,Weekend,Commercial & Employment Core,327,321,-6,406
7557,2025,Weekday,Commercial & Employment Core,670,735,65,903
7557,2025,Weekend,Commercial & Employment Core,326,365,39,392
7558,2022,Weekday,Leisure & Waterfront,711,678,-33,852
7558,2022,Weekend,Leisure & Waterfront,436,421,-15,424
7558,2023,Weekday,Leisure & Waterfront,500,517,17,746
7558,2023,Weekend,Leisure & Waterfront,257,257,0,306
7558,2024,Weekday,Leisure & Waterfront,559,633,74,824
7558,2024,Weekend,Leisure & Waterfront,252,269,17,336
7558,2025,Weekday,Leisure & Waterfront,544,590,46,815
7558,2025,Weekend,Leisure & Waterfront,287,293,6,346
7559,2022,Weekday,Residential & Inner-Suburban Feeder,795,711,-84,1039
7559,2022,Weekend,Residential & Inner-Suburban Feeder,350,268,-82,383
7559,2023,Weekday,Residential & Inner-Suburban Feeder,1099,907,-192,1426
7559,2023,Weekend,Residential & Inner-Suburban Feeder,363,315,-48,493
7559,2024,Weekday,Residential & Inner-Suburban Feeder,1216,1123,-93,1618
7559,2024,Weekend,Residential & Inner-Suburban Feeder,412,377,-35,549
7559,2025,Weekday,Residential & Inner-Suburban Feeder,896,907,11,1284
7559,2025,Weekend,Residential & Inner-Suburban Feeder,343,302,-41,472
7560,2022,Weekday,Residential & Inner-Suburban Feeder,124,115,-9,189
7560,2022,Weekend,Residential & Inner-Suburban Feeder,50,47,-3,60
7561,2022,Weekday,Commercial & Employment Core,1104,1011,-93,1410
7561,2022,Weekend,Commercial & Employment Core,476,489,13,564
7561,2023,Weekday,Commercial & Employment Core,1447,1438,-9,1859
7561,2023,Weekend,Commercial & Employment Core,525,480,-45,630
7561,2024,Weekday,Commercial & Employment Core,1825,1903,78,2132
7561,2024,Weekend,Commercial & Employment Core,618,651,33,732
7561,2025,Weekday,Commercial & Employment Core,1521,1662,141,1867
7561,2025,Weekend,Commercial & Employment Core,598,625,27,690
7562,2022,Weekday,Residential & Inner-Suburban Feeder,504,462,-42,765
7562,2022,Weekend,Residential & Inner-Suburban Feeder,196,176,-20,281
7562,2023,Weekday,Residential & Inner-Suburban Feeder,649,583,-66,940
7562,2023,Weekend,Residential & Inner-Suburban Feeder,173,181,8,287
7562,2024,Weekday,Residential & Inner-Suburban Feeder,661,667,6,1048
7562,2024,Weekend,Residential & Inner-Suburban Feeder,207,189,-18,319
7562,2025,Weekday,Residential & Inner-Suburban Feeder,753,845,92,1094
7562,2025,Weekend,Residential & Inner-Suburban Feeder,251,266,15,362
7563,2022,Weekday,Leisure & Waterfront,911,854,-57,1165
7563,2022,Weekend,Leisure & Waterfront,436,431,-5,490
7563,2023,Weekday,Leisure & Waterfront,1158,1168,10,1515
7563,2023,Weekend,Leisure & Waterfront,512,508,-4,633
7563,2024,Weekday,Leisure & Waterfront,1335,1352,17,1779
7563,2024,Weekend,Leisure & Waterfront,580,531,-49,686
7563,2025,Weekday,Leisure & Waterfront,1327,1351,24,1646
7563,2025,Weekend,Leisure & Waterfront,628,682,54,784
7564,2022,Weekday,Commercial & Employment Core,706,703,-3,981
7564,2022,Weekend,Commercial & Employment Core,310,302,-8,398
7564,2023,Weekday,Commercial & Employment Core,1144,978,-166,1459
7564,2023,Weekend,Commercial & Employment Core,327,286,-41,436
7564,2024,Weekday,Commercial & Employment Core,1290,1217,-73,1702
7564,2024,Weekend,Commercial & Employment Core,395,399,4,551
7564,2025,Weekday,Commercial & Employment Core,1460,1607,147,1895
7564,2025,Weekend,Commercial & Employment Core,513,532,19,672
7565,2022,Weekday,Leisure & Waterfront,862,827,-35,1036
7565,2022,Weekend,Leisure & Waterfront,503,490,-13,537
7565,2023,Weekday,Leisure & Waterfront,1175,1064,-111,1368
7565,2023,Weekend,Leisure & Waterfront,568,541,-27,623
7565,2024,Weekday,Leisure & Waterfront,1119,942,-177,1327
7565,2024,Weekend,Leisure & Waterfront,581,466,-115,601
7565,2025,Weekday,Leisure & Waterfront,1074,846,-228,1251
7565,2025,Weekend,Leisure & Waterfront,454,399,-55,489
7566,2022,Weekday,Leisure & Waterfront,928,995,67,1241
7566,2022,Weekend,Leisure & Waterfront,552,529,-23,594
7566,2023,Weekday,Leisure & Waterfront,1236,1236,0,1544
7566,2023,Weekend,Leisure & Waterfront,558,520,-38,650
7566,2024,Weekday,Leisure & Waterfront,879,787,-92,1175
7566,2024,Weekend,Leisure & Waterfront,336,377,41,471
7566,2025,Weekday,Leisure & Waterfront,809,834,25,1044
7566,2025,Weekend,Leisure & Waterfront,440,416,-24,530
7567,2022,Weekday,Leisure & Waterfront,242,228,-14,228
7567,2022,Weekend,Leisure & Waterfront,248,230,-18,195
7567,2023,Weekday,Leisure & Waterfront,205,218,13,282
7567,2023,Weekend,Leisure & Waterfront,143,132,-11,167
7567,2024,Weekday,Leisure & Waterfront,278,283,5,419
7567,2024,Weekend,Leisure & Waterfront,137,157,20,207
7567,2025,Weekday,Leisure & Waterfront,262,272,10,362
7567,2025,Weekend,Leisure & Waterfront,149,130,-19,171
7568,2022,Weekday,Residential & Inner-Suburban Feeder,2457,2463,6,2516
7568,2022,Weekend,Residential & Inner-Suburban Feeder,1033,1128,95,1012
7568,2023,Weekday,Residential & Inner-Suburban Feeder,2167,2411,244,2527
7568,2023,Weekend,Residential & Inner-Suburban Feeder,849,937,88,982
7568,2024,Weekday,Residential & Inner-Suburban Feeder,3697,3804,107,3030
7568,2024,Weekend,Residential & Inner-Suburban Feeder,1318,1421,103,1158
7568,2025,Weekday,Residential & Inner-Suburban Feeder,3793,3899,106,3029
7568,2025,Weekend,Residential & Inner-Suburban Feeder,1453,1509,56,1157
7569,2022,Weekday,Leisure & Waterfront,6304,6744,440,2211
7569,2022,Weekend,Leisure & Waterfront,5723,6160,437,1074
7569,2023,Weekday,Leisure & Waterfront,4568,5289,721,2171
7569,2023,Weekend,Leisure & Waterfront,3769,4375,606,1133
7569,2024,Weekday,Leisure & Waterfront,7649,7686,37,2634
7569,2024,Weekend,Leisure & Waterfront,5667,5558,-109,1261
7569,2025,Weekday,Leisure & Waterfront,8014,7936,-78,2475
7569,2025,Weekend,Leisure & Waterfront,6716,6425,-291,1214
7570,2022,Weekday,Residential & Inner-Suburban Feeder,5886,6372,486,3735
7570,2022,Weekend,Residential & Inner-Suburban Feeder,2087,2229,142,1327
7570,2023,Weekday,Residential & Inner-Suburban Feeder,8467,8659,192,4140
7570,2023,Weekend,Residential & Inner-Suburban Feeder,2579,2714,135,1557
7570,2024,Weekday,Residential & Inner-Suburban Feeder,9813,10320,507,4562
7570,2024,Weekend,Residential & Inner-Suburban Feeder,2917,3170,253,1651
7570,2025,Weekday,Residential & Inner-Suburban Feeder,9111,9316,205,4220
7570,2025,Weekend,Residential & Inner-Suburban Feeder,2781,2877,96,1535
7571,2022,Weekday,Residential & Inner-Suburban Feeder,2118,2447,329,2293
7571,2022,Weekend,Residential & Inner-Suburban Feeder,1024,1140,116,873
7571,2023,Weekday,Residential & Inner-Suburban Feeder,3082,3475,393,2873
7571,2023,Weekend,Residential & Inner-Suburban Feeder,1184,1346,162,1108
7571,2024,Weekday,Residential & Inner-Suburban Feeder,3383,3668,285,3086
7571,2024,Weekend,Residential & Inner-Suburban Feeder,1124,1246,122,1071
7571,2025,Weekday,Residential & Inner-Suburban Feeder,3527,3738,211,2964
7571,2025,Weekend,Residential & Inner-Suburban Feeder,1066,1148,82,1032
7572,2022,Weekday,Residential & Inner-Suburban Feeder,511,419,-92,690
7572,2022,Weekend,Residential & Inner-Suburban Feeder,171,149,-22,194
7572,2023,Weekday,Residential & Inner-Suburban Feeder,666,562,-104,925
7572,2023,Weekend,Residential & Inner-Suburban Feeder,223,190,-33,293
7572,2024,Weekday,Residential & Inner-Suburban Feeder,800,709,-91,1097
7572,2024,Weekend,Residential & Inner-Suburban Feeder,201,184,-17,297
7572,2025,Weekday,Residential & Inner-Suburban Feeder,803,882,79,1188
7572,2025,Weekend,Residential & Inner-Suburban Feeder,297,301,4,423
7575,2022,Weekday,Residential & Inner-Suburban Feeder,5853,5818,-35,3374
7575,2022,Weekend,Residential & Inner-Suburban Feeder,2944,3099,155,1427
7575,2023,Weekday,Residential & Inner-Suburban Feeder,7365,7530,165,3951
7575,2023,Weekend,Residential & Inner-Suburban Feeder,2995,3115,120,1631
7575,2024,Weekday,Residential & Inner-Suburban Feeder,8273,8359,86,4117
7575,2024,Weekend,Residential & Inner-Suburban Feeder,3381,3497,116,1720
7575,2025,Weekday,Residential & Inner-Suburban Feeder,7832,7927,95,3741
7575,2025,Weekend,Residential & Inner-Suburban Feeder,3502,3496,-6,1582
7576,2022,Weekday,Residential & Inner-Suburban Feeder,5301,5356,55,3185
7576,2022,Weekend,Residential & Inner-Suburban Feeder,2660,2740,80,1310
7576,2023,Weekday,Residential & Inner-Suburban Feeder,7679,7759,80,4070
7576,2023,Weekend,Residential & Inner-Suburban Feeder,3142,3168,26,1572
7576,2024,Weekday,Residential & Inner-Suburban Feeder,8742,8777,35,4092
7576,2024,Weekend,Residential & Inner-Suburban Feeder,3493,3602,109,1630
7576,2025,Weekday,Residential & Inner-Suburban Feeder,7997,8012,15,3730
7576,2025,Weekend,Residential & Inner-Suburban Feeder,3275,3402,127,1518
7577,2022,Weekday,Residential & Inner-Suburban Feeder,5430,5114,-316,3346
7577,2022,Weekend,Residential & Inner-Suburban Feeder,1961,2077,116,1356
7577,2023,Weekday,Residential & Inner-Suburban Feeder,7347,6714,-633,4046
7577,2023,Weekend,Residential & Inner-Suburban Feeder,2128,2141,13,1515
7577,2024,Weekday,Residential & Inner-Suburban Feeder,7128,7109,-19,3962
7577,2024,Weekend,Residential & Inner-Suburban Feeder,2173,1975,-198,1499
7577,2025,Weekday,Residential & Inner-Suburban Feeder,7508,7233,-275,3726
7577,2025,Weekend,Residential & Inner-Suburban Feeder,2070,2017,-53,1425
7578,2022,Weekday,Commercial & Employment Core,282,246,-36,355
7578,2022,Weekend,Commercial & Employment Core,94,77,-17,121
7579,2022,Weekday,Leisure & Waterfront,1259,904,-355,1287
7579,2022,Weekend,Leisure & Waterfront,592,417,-175,525
7579,2023,Weekday,Leisure & Waterfront,1223,893,-330,1358
7579,2023,Weekend,Leisure & Waterfront,433,354,-79,487
7579,2024,Weekday,Leisure & Waterfront,1509,1503,-6,1684
7579,2024,Weekend,Leisure & Waterfront,462,471,9,528
7579,2025,Weekday,Leisure & Waterfront,1167,1105,-62,1346
7579,2025,Weekend,Leisure & Waterfront,458,448,-10,503
7580,2022,Weekday,Residential & Inner-Suburban Feeder,2613,2033,-580,2188
7580,2022,Weekend,Residential & Inner-Suburban Feeder,900,816,-84,793
7580,2023,Weekday,Residential & Inner-Suburban Feeder,3054,1773,-1281,2409
7580,2023,Weekend,Residential & Inner-Suburban Feeder,796,695,-101,748
7580,2024,Weekday,Residential & Inner-Suburban Feeder,1913,1227,-686,1846
7580,2024,Weekend,Residential & Inner-Suburban Feeder,603,476,-127,624
7580,2025,Weekday,Residential & Inner-Suburban Feeder,1519,1334,-185,1734
7580,2025,Weekend,Residential & Inner-Suburban Feeder,552,542,-10,646
7581,2022,Weekday,Commercial & Employment Core,2361,2377,16,2349
7581,2022,Weekend,Commercial & Employment Core,1033,1103,70,928
7581,2023,Weekday,Commercial & Employment Core,2256,2265,9,2466
7581,2023,Weekend,Commercial & Employment Core,1037,1052,15,1021
7581,2024,Weekday,Commercial & Employment Core,2630,2698,68,2707
7581,2024,Weekend,Commercial & Employment Core,1228,1235,7,1136
7581,2025,Weekday,Commercial & Employment Core,2145,2201,56,2394
7581,2025,Weekend,Commercial & Employment Core,896,966,70,1021
7582,2022,Weekday,Leisure & Waterfront,426,260,-166,544
7582,2022,Weekend,Leisure & Waterfront,214,142,-72,246
7582,2023,Weekday,Leisure & Waterfront,547,356,-191,745
7582,2023,Weekend,Leisure & Waterfront,201,159,-42,275
7582,2024,Weekday,Leisure & Waterfront,479,426,-53,703
7582,2024,Weekend,Leisure & Waterfront,174,146,-28,262
7582,2025,Weekday,Leisure & Waterfront,258,270,12,460
7582,2025,Weekend,Leisure & Waterfront,133,105,-28,189
7583,2022,Weekday,Leisure & Waterfront,384,363,-21,401
7583,2022,Weekend,Leisure & Waterfront,312,317,5,276
7583,2023,Weekday,Leisure & Waterfront,300,309,9,378
7583,2023,Weekend,Leisure & Waterfront,240,206,-34,239
7583,2024,Weekday,Leisure & Waterfront,381,435,54,505
7583,2024,Weekend,Leisure & Waterfront,258,250,-8,256
7583,2025,Weekday,Leisure & Waterfront,518,562,44,692
7583,2025,Weekend,Leisure & Waterfront,317,369,52,370
7584,2022,Weekday,Commercial & Employment Core,1404,1377,-27,1501
7584,2022,Weekend,Commercial & Employment Core,560,563,3,542
7584,2023,Weekday,Commercial & Employment Core,1161,1152,-9,1423
7584,2023,Weekend,Commercial & Employment Core,446,449,3,511
7584,2024,Weekday,Commercial & Employment Core,639,593,-46,843
7584,2024,Weekend,Commercial & Employment Core,253,234,-19,321
7584,2025,Weekday,Commercial & Employment Core,834,792,-42,951
7584,2025,Weekend,Commercial & Employment Core,354,332,-22,379
7585,2022,Weekday,Commercial & Employment Core,803,824,21,1065
7585,2022,Weekend,Commercial & Employment Core,308,332,24,394
7585,2023,Weekday,Commercial & Employment Core,973,985,12,1413
7585,2023,Weekend,Commercial & Employment Core,320,328,8,469
7585,2024,Weekday,Commercial & Employment Core,973,948,-25,1316
7585,2024,Weekend,Commercial & Employment Core,248,251,3,376
7585,2025,Weekday,Commercial & Employment Core,948,972,24,1107
7585,2025,Weekend,Commercial & Employment Core,331,360,29,407
7586,2022,Weekday,Commercial & Employment Core,585,581,-4,800
7586,2022,Weekend,Commercial & Employment Core,275,264,-11,317
7586,2023,Weekday,Commercial & Employment Core,821,779,-42,1219
7586,2023,Weekend,Commercial & Employment Core,304,261,-43,418
7586,2024,Weekday,Commercial & Employment Core,667,652,-15,1031
7586,2024,Weekend,Commercial & Employment Core,183,180,-3,288
7586,2025,Weekday,Commercial & Employment Core,635,539,-96,826
7586,2025,Weekend,Commercial & Employment Core,201,177,-24,271
7587,2022,Weekday,Leisure & Waterfront,390,410,20,451
7587,2022,Weekend,Leisure & Waterfront,256,257,1,214
7587,2023,Weekday,Leisure & Waterfront,170,177,7,250
7587,2023,Weekend,Leisure & Waterfront,80,77,-3,98
7587,2024,Weekday,Leisure & Waterfront,136,126,-10,191
7587,2024,Weekend,Leisure & Waterfront,45,59,14,68
7587,2025,Weekday,Leisure & Waterfront,155,151,-4,194
7587,2025,Weekend,Leisure & Waterfront,74,87,13,89
7588,2022,Weekday,Leisure & Waterfront,458,465,7,379
7588,2022,Weekend,Leisure & Waterfront,350,331,-19,235
7588,2023,Weekday,Leisure & Waterfront,240,207,-33,304
7588,2023,Weekend,Leisure & Waterfront,138,128,-10,132
7588,2024,Weekday,Leisure & Waterfront,253,226,-27,372
7588,2024,Weekend,Leisure & Waterfront,82,88,6,86
7588,2025,Weekday,Leisure & Waterfront,252,217,-35,317
7588,2025,Weekend,Leisure & Waterfront,99,94,-5,110
7589,2022,Weekday,Leisure & Waterfront,324,344,20,294
7589,2022,Weekend,Leisure & Waterfront,272,311,39,197
7589,2023,Weekday,Leisure & Waterfront,155,189,34,197
7589,2023,Weekend,Leisure & Waterfront,106,105,-1,109
7589,2024,Weekday,Leisure & Waterfront,222,251,29,326
7589,2024,Weekend,Leisure & Waterfront,139,138,-1,160
7589,2025,Weekday,Leisure & Waterfront,423,450,27,617
7589,2025,Weekend,Leisure & Waterfront,239,233,-6,274
7590,2022,Weekday,Leisure & Waterfront,425,450,25,363
7590,2022,Weekend,Leisure & Waterfront,337,342,5,236
7590,2023,Weekday,Leisure & Waterfront,215,241,26,240
7590,2023,Weekend,Leisure & Waterfront,140,145,5,159
7590,2024,Weekday,Leisure & Waterfront,210,245,35,317
7590,2024,Weekend,Leisure & Waterfront,124,121,-3,134
7590,2025,Weekday,Leisure & Waterfront,351,393,42,441
7590,2025,Weekend,Leisure & Waterfront,182,190,8,220
7591,2022,Weekday,Residential & Inner-Suburban Feeder,281,108,-173,325
7591,2022,Weekend,Residential & Inner-Suburban Feeder,114,74,-40,119
7591,2023,Weekday,Residential & Inner-Suburban Feeder,595,327,-268,785
7591,2023,Weekend,Residential & Inner-Suburban Feeder,179,107,-72,230
7591,2024,Weekday,Residential & Inner-Suburban Feeder,614,573,-41,939
7591,2024,Weekend,Residential & Inner-Suburban Feeder,161,143,-18,248
7591,2025,Weekday,Residential & Inner-Suburban Feeder,375,411,36,644
7591,2025,Weekend,Residential & Inner-Suburban Feeder,108,128,20,193
7593,2022,Weekday,Leisure & Waterfront,837,703,-134,965
7593,2022,Weekend,Leisure & Waterfront,329,293,-36,345
7593,2023,Weekday,Leisure & Waterfront,707,594,-113,871
7593,2023,Weekend,Leisure & Waterfront,269,210,-59,302
7593,2024,Weekday,Leisure & Waterfront,742,752,10,995
7593,2024,Weekend,Leisure & Waterfront,281,282,1,389
7593,2025,Weekday,Leisure & Waterfront,917,818,-99,1109
7593,2025,Weekend,Leisure & Waterfront,317,276,-41,369
7594,2022,Weekday,Residential & Inner-Suburban Feeder,1661,1556,-105,1948
7594,2022,Weekend,Residential & Inner-Suburban Feeder,630,615,-15,628
7594,2023,Weekday,Residential & Inner-Suburban Feeder,1192,1260,68,1673
7594,2023,Weekend,Residential & Inner-Suburban Feeder,409,384,-25,481
7594,2024,Weekday,Residential & Inner-Suburban Feeder,1236,1300,64,1580
7594,2024,Weekend,Residential & Inner-Suburban Feeder,526,550,24,609
7594,2025,Weekday,Residential & Inner-Suburban Feeder,1573,1576,3,1832
7594,2025,Weekend,Residential & Inner-Suburban Feeder,683,694,11,733
7595,2022,Weekday,Leisure & Waterfront,863,692,-171,940
7595,2022,Weekend,Leisure & Waterfront,590,512,-78,469
7595,2023,Weekday,Leisure & Waterfront,813,627,-186,1015
7595,2023,Weekend,Leisure & Waterfront,405,327,-78,439
7595,2024,Weekday,Leisure & Waterfront,767,695,-72,1000
7595,2024,Weekend,Leisure & Waterfront,333,329,-4,387
7595,2025,Weekday,Leisure & Waterfront,933,950,17,1235
7595,2025,Weekend,Leisure & Waterfront,453,481,28,534
7596,2022,Weekday,Residential & Inner-Suburban Feeder,2285,1996,-289,2251
7596,2022,Weekend,Residential & Inner-Suburban Feeder,752,714,-38,757
7596,2023,Weekday,Residential & Inner-Suburban Feeder,2714,2426,-288,2568
7596,2023,Weekend,Residential & Inner-Suburban Feeder,828,696,-132,850
7596,2024,Weekday,Residential & Inner-Suburban Feeder,3802,3176,-626,3008
7596,2024,Weekend,Residential & Inner-Suburban Feeder,1367,1039,-328,1125
7596,2025,Weekday,Residential & Inner-Suburban Feeder,4216,3100,-1116,3122
7596,2025,Weekend,Residential & Inner-Suburban Feeder,1355,1017,-338,1079
7597,2022,Weekday,Leisure & Waterfront,259,251,-8,368
7597,2022,Weekend,Leisure & Waterfront,124,104,-20,138
7597,2023,Weekday,Leisure & Waterfront,162,151,-11,261
7597,2023,Weekend,Leisure & Waterfront,80,83,3,138
7597,2024,Weekday,Leisure & Waterfront,261,274,13,424
7597,2024,Weekend,Leisure & Waterfront,115,118,3,182
7597,2025,Weekday,Leisure & Waterfront,223,178,-45,294
7597,2025,Weekend,Leisure & Waterfront,88,83,-5,129
7598,2022,Weekday,Leisure & Waterfront,340,313,-27,491
7598,2022,Weekend,Leisure & Waterfront,195,184,-11,236
7598,2023,Weekday,Leisure & Waterfront,238,185,-53,342
7598,2023,Weekend,Leisure & Waterfront,98,101,3,158
7598,2024,Weekday,Leisure & Waterfront,289,303,14,467
7598,2024,Weekend,Leisure & Waterfront,119,116,-3,179
7598,2025,Weekday,Leisure & Waterfront,381,362,-19,524
7598,2025,Weekend,Leisure & Waterfront,174,174,0,224
7599,2022,Weekday,Commercial & Employment Core,8763,8651,-112,4071
7599,2022,Weekend,Commercial & Employment Core,2692,2665,-27,1505
7599,2023,Weekday,Commercial & Employment Core,9882,9622,-260,4165
7599,2023,Weekend,Commercial & Employment Core,2478,2547,69,1528
7599,2024,Weekday,Commercial & Employment Core,10701,10694,-7,4151
7599,2024,Weekend,Commercial & Employment Core,2894,2982,88,1637
7599,2025,Weekday,Commercial & Employment Core,11479,11584,105,4131
7599,2025,Weekend,Commercial & Employment Core,3260,3350,90,1637
7600,2022,Weekday,Commuter-Heavy Transit Hub,6454,6024,-430,3070
7600,2022,Weekend,Commuter-Heavy Transit Hub,946,733,-213,796
7600,2023,Weekday,Commuter-Heavy Transit Hub,8210,6549,-1661,3513
7600,2023,Weekend,Commuter-Heavy Transit Hub,938,769,-169,888
7600,2024,Weekday,Commuter-Heavy Transit Hub,8811,7882,-929,3744
7600,2024,Weekend,Commuter-Heavy Transit Hub,1223,856,-367,1032
7600,2025,Weekday,Commuter-Heavy Transit Hub,8977,8368,-609,3719
7600,2025,Weekend,Commuter-Heavy Transit Hub,1261,764,-497,966
7601,2022,Weekday,Leisure & Waterfront,1615,1820,205,1230
7601,2022,Weekend,Leisure & Waterfront,2352,2494,142,800
7601,2023,Weekday,Leisure & Waterfront,1683,1966,283,1521
7601,2023,Weekend,Leisure & Waterfront,1998,2130,132,839
7601,2024,Weekday,Leisure & Waterfront,2044,2288,244,1729
7601,2024,Weekend,Leisure & Waterfront,2453,2401,-52,922
7601,2025,Weekday,Leisure & Waterfront,2115,2283,168,1605
7601,2025,Weekend,Leisure & Waterfront,2592,2654,62,915
7602,2022,Weekday,Commercial & Employment Core,436,382,-54,600
7602,2022,Weekend,Commercial & Employment Core,171,160,-11,227
7602,2023,Weekday,Commercial & Employment Core,546,476,-70,767
7602,2023,Weekend,Commercial & Employment Core,197,184,-13,271
7602,2024,Weekday,Commercial & Employment Core,605,577,-28,804
7602,2024,Weekend,Commercial & Employment Core,197,200,3,284
7602,2025,Weekday,Commercial & Employment Core,502,510,8,706
7602,2025,Weekend,Commercial & Employment Core,206,208,2,295
7603,2022,Weekday,Leisure & Waterfront,583,526,-57,890
7603,2022,Weekend,Leisure & Waterfront,250,240,-10,357
7603,2023,Weekday,Leisure & Waterfront,218,180,-38,317
7603,2023,Weekend,Leisure & Waterfront,97,108,11,176
7603,2024,Weekday,Leisure & Waterfront,433,446,13,682
7603,2024,Weekend,Leisure & Waterfront,114,146,32,206
7603,2025,Weekday,Leisure & Waterfront,334,343,9,556
7603,2025,Weekend,Leisure & Waterfront,126,129,3,197
7604,2022,Weekday,Residential & Inner-Suburban Feeder,203,218,15,334
7604,2022,Weekend,Residential & Inner-Suburban Feeder,95,99,4,129
7604,2023,Weekday,Residential & Inner-Suburban Feeder,639,683,44,950
7604,2023,Weekend,Residential & Inner-Suburban Feeder,214,244,30,349
7604,2024,Weekday,Residential & Inner-Suburban Feeder,572,669,97,933
7604,2024,Weekend,Residential & Inner-Suburban Feeder,150,161,11,238
7604,2025,Weekday,Residential & Inner-Suburban Feeder,577,633,56,906
7604,2025,Weekend,Residential & Inner-Suburban Feeder,127,164,37,227
7605,2022,Weekday,Residential & Inner-Suburban Feeder,574,450,-124,793
7605,2022,Weekend,Residential & Inner-Suburban Feeder,228,200,-28,310
7605,2023,Weekday,Residential & Inner-Suburban Feeder,554,459,-95,786
7605,2023,Weekend,Residential & Inner-Suburban Feeder,190,162,-28,275
7605,2024,Weekday,Residential & Inner-Suburban Feeder,734,747,13,1094
7605,2024,Weekend,Residential & Inner-Suburban Feeder,235,216,-19,362
7605,2025,Weekday,Residential & Inner-Suburban Feeder,898,984,86,1302
7605,2025,Weekend,Residential & Inner-Suburban Feeder,302,305,3,454
7606,2022,Weekday,Leisure & Waterfront,538,593,55,653
7606,2022,Weekend,Leisure & Waterfront,341,360,19,301
7606,2023,Weekday,Leisure & Waterfront,316,378,62,489
7606,2023,Weekend,Leisure & Waterfront,175,218,43,240
7606,2024,Weekday,Leisure & Waterfront,584,576,-8,795
7606,2024,Weekend,Leisure & Waterfront,313,369,56,407
7606,2025,Weekday,Leisure & Waterfront,539,605,66,742
7606,2025,Weekend,Leisure & Waterfront,389,386,-3,379
7607,2022,Weekday,Residential & Inner-Suburban Feeder,647,664,17,920
7607,2022,Weekend,Residential & Inner-Suburban Feeder,327,301,-26,412
7607,2023,Weekday,Residential & Inner-Suburban Feeder,1064,1094,30,1511
7607,2023,Weekend,Residential & Inner-Suburban Feeder,369,378,9,507
7607,2024,Weekday,Residential & Inner-Suburban Feeder,1139,1237,98,1615
7607,2024,Weekend,Residential & Inner-Suburban Feeder,358,361,3,487
7607,2025,Weekday,Residential & Inner-Suburban Feeder,1117,1234,117,1572
7607,2025,Weekend,Residential & Inner-Suburban Feeder,376,454,78,557
7608,2022,Weekday,Leisure & Waterfront,547,552,5,474
7608,2022,Weekend,Leisure & Waterfront,516,521,5,358
7608,2023,Weekday,Leisure & Waterfront,413,421,8,467
7608,2023,Weekend,Leisure & Waterfront,357,336,-21,282
7608,2024,Weekday,Leisure & Waterfront,576,585,9,590
7608,2024,Weekend,Leisure & Waterfront,360,338,-22,303
7608,2025,Weekday,Leisure & Waterfront,490,516,26,470
7608,2025,Weekend,Leisure & Waterfront,434,420,-14,329
7609,2022,Weekday,Leisure & Waterfront,710,896,186,813
7609,2022,Weekend,Leisure & Waterfront,407,385,-22,281
7609,2023,Weekday,Leisure & Waterfront,402,437,35,506
7609,2023,Weekend,Leisure & Waterfront,210,224,14,206
7609,2024,Weekday,Leisure & Waterfront,455,500,45,547
7609,2024,Weekend,Leisure & Waterfront,237,219,-18,214
7609,2025,Weekday,Leisure & Waterfront,388,393,5,437
7609,2025,Weekend,Leisure & Waterfront,179,197,18,194
7610,2022,Weekday,Residential & Inner-Suburban Feeder,889,730,-159,1116
7610,2022,Weekend,Residential & Inner-Suburban Feeder,361,294,-67,419
7610,2023,Weekday,Residential & Inner-Suburban Feeder,1598,1500,-98,2052
7610,2023,Weekend,Residential & Inner-Suburban Feeder,435,381,-54,554
7610,2024,Weekday,Residential & Inner-Suburban Feeder,1706,1690,-16,2156
7610,2024,Weekend,Residential & Inner-Suburban Feeder,486,498,12,643
7610,2025,Weekday,Residential & Inner-Suburban Feeder,1513,1464,-49,1883
7610,2025,Weekend,Residential & Inner-Suburban Feeder,443,398,-45,563
7611,2022,Weekday,Commercial & Employment Core,737,700,-37,970
7611,2022,Weekend,Commercial & Employment Core,400,329,-71,441
7611,2023,Weekday,Commercial & Employment Core,1164,1090,-74,1469
7611,2023,Weekend,Commercial & Employment Core,495,492,-3,634
7611,2024,Weekday,Commercial & Employment Core,1457,1342,-115,1749
7611,2024,Weekend,Commercial & Employment Core,664,687,23,794
7611,2025,Weekday,Commercial & Employment Core,1197,1229,32,1502
7611,2025,Weekend,Commercial & Employment Core,636,583,-53,692
7612,2022,Weekday,Residential & Inner-Suburban Feeder,206,207,1,313
7612,2022,Weekend,Residential & Inner-Suburban Feeder,97,84,-13,82
7612,2023,Weekday,Residential & Inner-Suburban Feeder,114,114,0,180
7612,2023,Weekend,Residential & Inner-Suburban Feeder,53,59,6,62
7612,2024,Weekday,Residential & Inner-Suburban Feeder,195,201,6,289
7612,2024,Weekend,Residential & Inner-Suburban Feeder,74,72,-2,79
7612,2025,Weekday,Residential & Inner-Suburban Feeder,189,176,-13,258
7612,2025,Weekend,Residential & Inner-Suburban Feeder,91,95,4,113
7613,2022,Weekday,Leisure & Waterfront,91,83,-8,83
7613,2022,Weekend,Leisure & Waterfront,72,62,-10,61
7613,2023,Weekday,Leisure & Waterfront,43,43,0,58
7613,2023,Weekend,Leisure & Waterfront,54,37,-17,50
7613,2024,Weekday,Leisure & Waterfront,93,96,3,122
7613,2024,Weekend,Leisure & Waterfront,65,67,2,73
7613,2025,Weekday,Leisure & Waterfront,81,81,0,104
7613,2025,Weekend,Leisure & Waterfront,64,57,-7,67
7614,2022,Weekday,Leisure & Waterfront,291,315,24,219
7614,2022,Weekend,Leisure & Waterfront,261,272,11,152
7614,2023,Weekday,Leisure & Waterfront,157,163,6,157
7614,2023,Weekend,Leisure & Waterfront,108,118,10,106
7614,2024,Weekday,Leisure & Waterfront,286,313,27,278
7614,2024,Weekend,Leisure & Waterfront,198,198,0,167
7614,2025,Weekday,Leisure & Waterfront,332,357,25,304
7614,2025,Weekend,Leisure & Waterfront,235,243,8,206
7615,2022,Weekday,Leisure & Waterfront,203,220,17,171
7615,2022,Weekend,Leisure & Waterfront,207,223,16,145
7615,2023,Weekday,Leisure & Waterfront,97,100,3,103
7615,2023,Weekend,Leisure & Waterfront,103,119,16,110
7615,2024,Weekday,Leisure & Waterfront,164,164,0,172
7615,2024,Weekend,Leisure & Waterfront,166,161,-5,144
7615,2025,Weekday,Leisure & Waterfront,198,204,6,194
7615,2025,Weekend,Leisure & Waterfront,209,218,9,185
7616,2022,Weekday,Leisure & Waterfront,505,499,-6,352
7616,2022,Weekend,Leisure & Waterfront,503,513,10,277
7616,2023,Weekday,Leisure & Waterfront,488,475,-13,389
7616,2023,Weekend,Leisure & Waterfront,439,441,2,285
7616,2024,Weekday,Leisure & Waterfront,688,691,3,505
7616,2024,Weekend,Leisure & Waterfront,607,591,-16,393
7616,2025,Weekday,Leisure & Waterfront,645,672,27,470
7616,2025,Weekend,Leisure & Waterfront,685,653,-32,383
7617,2022,Weekday,Leisure & Waterfront,159,202,43,172
7617,2022,Weekend,Leisure & Waterfront,230,204,-26,166
7617,2023,Weekday,Leisure & Waterfront,92,107,15,140
7617,2023,Weekend,Leisure & Waterfront,95,105,10,92
7617,2024,Weekday,Leisure & Waterfront,155,186,31,208
7617,2024,Weekend,Leisure & Waterfront,165,194,29,180
7617,2025,Weekday,Leisure & Waterfront,158,180,22,211
7617,2025,Weekend,Leisure & Waterfront,164,181,17,154
7618,2022,Weekday,Residential & Inner-Suburban Feeder,802,679,-123,994
7618,2022,Weekend,Residential & Inner-Suburban Feeder,326,272,-54,394
7618,2023,Weekday,Residential & Inner-Suburban Feeder,713,482,-231,904
7618,2023,Weekend,Residential & Inner-Suburban Feeder,254,166,-88,322
7618,2024,Weekday,Residential & Inner-Suburban Feeder,655,575,-80,967
7618,2024,Weekend,Residential & Inner-Suburban Feeder,269,197,-72,359
7618,2025,Weekday,Residential & Inner-Suburban Feeder,544,518,-26,825
7618,2025,Weekend,Residential & Inner-Suburban Feeder,213,216,3,316
7619,2022,Weekday,Commercial & Employment Core,675,431,-244,824
7619,2022,Weekend,Commercial & Employment Core,263,183,-80,297
7619,2023,Weekday,Commercial & Employment Core,1177,898,-279,1442
7619,2023,Weekend,Commercial & Employment Core,350,250,-100,427
7619,2024,Weekday,Commercial & Employment Core,895,869,-26,1248
7619,2024,Weekend,Commercial & Employment Core,267,249,-18,388
7619,2025,Weekday,Commercial & Employment Core,1355,1418,63,1804
7619,2025,Weekend,Commercial & Employment Core,403,441,38,558
7620,2022,Weekday,Residential & Inner-Suburban Feeder,2444,2146,-298,2465
7620,2022,Weekend,Residential & Inner-Suburban Feeder,933,822,-111,917
7620,2023,Weekday,Residential & Inner-Suburban Feeder,2358,2316,-42,2486
7620,2023,Weekend,Residential & Inner-Suburban Feeder,683,671,-12,849
7620,2024,Weekday,Residential & Inner-Suburban Feeder,4006,2846,-1160,2882
7620,2024,Weekend,Residential & Inner-Suburban Feeder,1052,852,-200,968
7620,2025,Weekday,Residential & Inner-Suburban Feeder,4656,3080,-1576,2930
7620,2025,Weekend,Residential & Inner-Suburban Feeder,1466,971,-495,1100
7621,2022,Weekday,Leisure & Waterfront,281,260,-21,451
7621,2022,Weekend,Leisure & Waterfront,140,102,-38,139
7621,2023,Weekday,Leisure & Waterfront,31,29,-2,57
7621,2023,Weekend,Leisure & Waterfront,3,5,2,8
7622,2022,Weekday,Leisure & Waterfront,735,756,21,588
7622,2022,Weekend,Leisure & Waterfront,658,666,8,389
7622,2023,Weekday,Leisure & Waterfront,398,423,25,412
7622,2023,Weekend,Leisure & Waterfront,345,357,12,287
7622,2024,Weekday,Leisure & Waterfront,490,533,43,494
7622,2024,Weekend,Leisure & Waterfront,374,415,41,330
7622,2025,Weekday,Leisure & Waterfront,550,598,48,552
7622,2025,Weekend,Leisure & Waterfront,386,398,12,324
7623,2022,Weekday,Leisure & Waterfront,1515,1492,-23,1294
7623,2022,Weekend,Leisure & Waterfront,1221,1200,-21,667
7623,2023,Weekday,Leisure & Waterfront,1116,1167,51,1337
7623,2023,Weekend,Leisure & Waterfront,729,729,0,674
7623,2024,Weekday,Leisure & Waterfront,711,735,24,895
7623,2024,Weekend,Leisure & Waterfront,414,364,-50,400
7623,2025,Weekday,Leisure & Waterfront,756,799,43,930
7623,2025,Weekend,Leisure & Waterfront,494,435,-59,441
7624,2022,Weekday,Commercial & Employment Core,209,206,-3,334
7624,2022,Weekend,Commercial & Employment Core,55,55,0,68
7624,2023,Weekday,Commercial & Employment Core,96,120,24,182
7624,2023,Weekend,Commercial & Employment Core,28,25,-3,33
7624,2024,Weekday,Commercial & Employment Core,159,155,-4,270
7624,2024,Weekend,Commercial & Employment Core,47,49,2,66
7624,2025,Weekday,Commercial & Employment Core,195,181,-14,319
7624,2025,Weekend,Commercial & Employment Core,80,73,-7,107
7625,2022,Weekday,Leisure & Waterfront,865,642,-223,1014
7625,2022,Weekend,Leisure & Waterfront,483,374,-109,480
7625,2023,Weekday,Leisure & Waterfront,817,716,-101,1125
7625,2023,Weekend,Leisure & Waterfront,306,274,-32,416
7625,2024,Weekday,Leisure & Waterfront,871,860,-11,1234
7625,2024,Weekend,Leisure & Waterfront,282,279,-3,398
7625,2025,Weekday,Leisure & Waterfront,1161,1104,-57,1439
7625,2025,Weekend,Leisure & Waterfront,403,400,-3,510
7626,2022,Weekday,Leisure & Waterfront,184,148,-36,152
7626,2022,Weekend,Leisure & Waterfront,127,137,10,112
7626,2023,Weekday,Leisure & Waterfront,150,150,0,204
7626,2023,Weekend,Leisure & Waterfront,110,100,-10,115
7626,2024,Weekday,Leisure & Waterfront,223,206,-17,258
7626,2024,Weekend,Leisure & Waterfront,185,196,11,202
7626,2025,Weekday,Leisure & Waterfront,224,198,-26,255
7626,2025,Weekend,Leisure & Waterfront,177,195,18,185
7627,2022,Weekday,Residential & Inner-Suburban Feeder,4393,4313,-80,3293
7627,2022,Weekend,Residential & Inner-Suburban Feeder,1674,1645,-29,1279
7627,2023,Weekday,Residential & Inner-Suburban Feeder,6121,6144,23,3861
7627,2023,Weekend,Residential & Inner-Suburban Feeder,2129,2107,-22,1531
7627,2024,Weekday,Residential & Inner-Suburban Feeder,6880,7131,251,3969
7627,2024,Weekend,Residential & Inner-Suburban Feeder,2412,2447,35,1576
7627,2025,Weekday,Residential & Inner-Suburban Feeder,6656,7031,375,3796
7627,2025,Weekend,Residential & Inner-Suburban Feeder,2568,2647,79,1596
7629,2022,Weekday,Leisure & Waterfront,495,517,22,521
7629,2022,Weekend,Leisure & Waterfront,522,512,-10,351
7629,2023,Weekday,Leisure & Waterfront,401,452,51,572
7629,2023,Weekend,Leisure & Waterfront,314,344,30,309
7629,2024,Weekday,Leisure & Waterfront,584,651,67,815
7629,2024,Weekend,Leisure & Waterfront,385,383,-2,366
7629,2025,Weekday,Leisure & Waterfront,601,699,98,853
7629,2025,Weekend,Leisure & Waterfront,385,423,38,405
7630,2022,Weekday,Leisure & Waterfront,613,685,72,788
7630,2022,Weekend,Leisure & Waterfront,340,322,-18,293
7630,2023,Weekday,Leisure & Waterfront,450,450,0,674
7630,2023,Weekend,Leisure & Waterfront,232,243,11,269
7630,2024,Weekday,Leisure & Waterfront,398,470,72,660
7630,2024,Weekend,Leisure & Waterfront,174,172,-2,226
7630,2025,Weekday,Leisure & Waterfront,447,516,69,767
7630,2025,Weekend,Leisure & Waterfront,165,166,1,236
7631,2022,Weekday,Residential & Inner-Suburban Feeder,154,201,47,279
7631,2022,Weekend,Residential & Inner-Suburban Feeder,83,99,16,113
7631,2023,Weekday,Residential & Inner-Suburban Feeder,316,512,196,686
7631,2023,Weekend,Residential & Inner-Suburban Feeder,104,117,13,142
7631,2024,Weekday,Residential & Inner-Suburban Feeder,349,508,159,717
7631,2024,Weekend,Residential & Inner-Suburban Feeder,104,114,10,172
7631,2025,Weekday,Residential & Inner-Suburban Feeder,505,641,136,904
7631,2025,Weekend,Residential & Inner-Suburban Feeder,196,230,34,307
7632,2022,Weekday,Leisure & Waterfront,581,463,-118,760
7632,2022,Weekend,Leisure & Waterfront,281,202,-79,300
7632,2023,Weekday,Leisure & Waterfront,705,556,-149,996
7632,2023,Weekend,Leisure & Waterfront,228,186,-42,298
7632,2024,Weekday,Leisure & Waterfront,544,536,-8,832
7632,2024,Weekend,Leisure & Waterfront,211,218,7,324
7632,2025,Weekday,Leisure & Waterfront,728,772,44,1039
7632,2025,Weekend,Leisure & Waterfront,265,276,11,383
7633,2022,Weekday,Commercial & Employment Core,2903,3142,239,2701
7633,2022,Weekend,Commercial & Employment Core,1324,1327,3,1112
7633,2023,Weekday,Commercial & Employment Core,3204,3510,306,3061
7633,2023,Weekend,Commercial & Employment Core,1212,1403,191,1168
7633,2024,Weekday,Commercial & Employment Core,4342,4548,206,3497
7633,2024,Weekend,Commercial & Employment Core,1566,1660,94,1325
7633,2025,Weekday,Commercial & Employment Core,4484,4659,175,3275
7633,2025,Weekend,Commercial & Employment Core,1635,1678,43,1223
7634,2022,Weekday,Commuter-Heavy Transit Hub,7366,6783,-583,3504
7634,2022,Weekend,Commuter-Heavy Transit Hub,992,877,-115,940
7634,2023,Weekday,Commuter-Heavy Transit Hub,9356,5937,-3419,3325
7634,2023,Weekend,Commuter-Heavy Transit Hub,1070,812,-258,903
7635,2022,Weekday,Commercial & Employment Core,1073,1012,-61,1391
7635,2022,Weekend,Commercial & Employment Core,484,441,-43,531
7635,2023,Weekday,Commercial & Employment Core,1623,1631,8,1987
7635,2023,Weekend,Commercial & Employment Core,662,590,-72,738
7635,2024,Weekday,Commercial & Employment Core,1795,1803,8,2097
7635,2024,Weekend,Commercial & Employment Core,700,658,-42,767
7635,2025,Weekday,Commercial & Employment Core,1635,1684,49,1980
7635,2025,Weekend,Commercial & Employment Core,834,872,38,904
7636,2022,Weekday,Leisure & Waterfront,419,351,-68,565
7636,2022,Weekend,Leisure & Waterfront,255,213,-42,282
7636,2023,Weekday,Leisure & Waterfront,369,344,-25,563
7636,2023,Weekend,Leisure & Waterfront,182,163,-19,258
7636,2024,Weekday,Leisure & Waterfront,639,610,-29,852
7636,2024,Weekend,Leisure & Waterfront,266,320,54,375
7636,2025,Weekday,Leisure & Waterfront,474,524,50,711
7636,2025,Weekend,Leisure & Waterfront,260,254,-6,354
7637,2022,Weekday,Commercial & Employment Core,918,884,-34,1238
7637,2022,Weekend,Commercial & Employment Core,338,325,-13,393
7637,2023,Weekday,Commercial & Employment Core,1164,1007,-157,1611
7637,2023,Weekend,Commercial & Employment Core,343,330,-13,455
7637,2024,Weekday,Commercial & Employment Core,1695,1499,-196,1896
7637,2024,Weekend,Commercial & Employment Core,329,403,74,479
7637,2025,Weekday,Commercial & Employment Core,1771,1631,-140,1997
7637,2025,Weekend,Commercial & Employment Core,446,450,4,564
7638,2022,Weekday,Commercial & Employment Core,1,1,0,2
7638,2022,Weekend,Commercial & Employment Core,0,1,1,1
7638,2023,Weekday,Commercial & Employment Core,0,3,3,3
7638,2024,Weekday,Commercial & Employment Core,2,2,0,4
7638,2024,Weekend,Commercial & Employment Core,0,2,2,2
7638,2025,Weekday,Commercial & Employment Core,0,2,2,2
7639,2022,Weekday,Residential & Inner-Suburban Feeder,2530,2379,-151,2371
7639,2022,Weekend,Residential & Inner-Suburban Feeder,890,891,1,840
7639,2023,Weekday,Residential & Inner-Suburban Feeder,2940,3050,110,2750
7639,2023,Weekend,Residential & Inner-Suburban Feeder,996,1130,134,1033
7639,2024,Weekday,Residential & Inner-Suburban Feeder,3540,3639,99,2936
7639,2024,Weekend,Residential & Inner-Suburban Feeder,1089,1090,1,1047
7639,2025,Weekday,Residential & Inner-Suburban Feeder,3473,3442,-31,2781
7639,2025,Weekend,Residential & Inner-Suburban Feeder,1115,1196,81,1067
7640,2022,Weekday,Residential & Inner-Suburban Feeder,1154,826,-328,1243
7640,2022,Weekend,Residential & Inner-Suburban Feeder,452,335,-117,451
7640,2023,Weekday,Residential & Inner-Suburban Feeder,1618,1119,-499,1649
7640,2023,Weekend,Residential & Inner-Suburban Feeder,675,442,-233,665
7640,2024,Weekday,Residential & Inner-Suburban Feeder,1262,922,-340,1321
7640,2024,Weekend,Residential & Inner-Suburban Feeder,564,448,-116,574
7640,2025,Weekday,Residential & Inner-Suburban Feeder,910,865,-45,1058
7640,2025,Weekend,Residential & Inner-Suburban Feeder,518,481,-37,589
7641,2022,Weekday,Commercial & Employment Core,1023,835,-188,1246
7641,2022,Weekend,Commercial & Employment Core,458,395,-63,476
7641,2023,Weekday,Commercial & Employment Core,1921,1635,-286,2119
7641,2023,Weekend,Commercial & Employment Core,670,585,-85,742
7641,2024,Weekday,Commercial & Employment Core,2206,2185,-21,2307
7641,2024,Weekend,Commercial & Employment Core,803,770,-33,911
7641,2025,Weekday,Commercial & Employment Core,2821,2857,36,2553
7641,2025,Weekend,Commercial & Employment Core,1073,1060,-13,1023
7642,2022,Weekday,Residential & Inner-Suburban Feeder,4398,3801,-597,2967
7642,2022,Weekend,Residential & Inner-Suburban Feeder,1797,1588,-209,1249
7642,2023,Weekday,Residential & Inner-Suburban Feeder,7260,5225,-2035,3808
7642,2023,Weekend,Residential & Inner-Suburban Feeder,1778,1463,-315,1249
7642,2024,Weekday,Residential & Inner-Suburban Feeder,8115,6118,-1997,3838
7642,2024,Weekend,Residential & Inner-Suburban Feeder,1964,1677,-287,1335
7642,2025,Weekday,Residential & Inner-Suburban Feeder,6961,5894,-1067,3357
7642,2025,Weekend,Residential & Inner-Suburban Feeder,1742,1454,-288,1165
7643,2022,Weekday,Residential & Inner-Suburban Feeder,1052,757,-295,1156
7643,2022,Weekend,Residential & Inner-Suburban Feeder,414,318,-96,410
7643,2023,Weekday,Residential & Inner-Suburban Feeder,1206,1009,-197,1423
7643,2023,Weekend,Residential & Inner-Suburban Feeder,339,303,-36,428
7643,2024,Weekday,Residential & Inner-Suburban Feeder,828,779,-49,1069
7643,2024,Weekend,Residential & Inner-Suburban Feeder,295,264,-31,368
7643,2025,Weekday,Residential & Inner-Suburban Feeder,807,893,86,1105
7643,2025,Weekend,Residential & Inner-Suburban Feeder,270,269,-1,344
7644,2022,Weekday,Residential & Inner-Suburban Feeder,1397,1315,-82,1689
7644,2022,Weekend,Residential & Inner-Suburban Feeder,578,496,-82,595
7644,2023,Weekday,Residential & Inner-Suburban Feeder,1585,1583,-2,1998
7644,2023,Weekend,Residential & Inner-Suburban Feeder,504,496,-8,638
7644,2024,Weekday,Residential & Inner-Suburban Feeder,2456,2443,-13,2632
7644,2024,Weekend,Residential & Inner-Suburban Feeder,719,715,-4,805
7644,2025,Weekday,Residential & Inner-Suburban Feeder,2238,2243,5,2412
7644,2025,Weekend,Residential & Inner-Suburban Feeder,766,698,-68,841
7645,2022,Weekday,Leisure & Waterfront,164,137,-27,158
7645,2022,Weekend,Leisure & Waterfront,112,116,4,94
7645,2023,Weekday,Leisure & Waterfront,82,73,-9,106
7645,2023,Weekend,Leisure & Waterfront,34,26,-8,37
7645,2024,Weekday,Leisure & Waterfront,121,100,-21,141
7645,2024,Weekend,Leisure & Waterfront,51,44,-7,53
7645,2025,Weekday,Leisure & Waterfront,151,154,3,209
7645,2025,Weekend,Leisure & Waterfront,64,68,4,87
7646,2022,Weekday,Commercial & Employment Core,7542,7457,-85,3557
7646,2022,Weekend,Commercial & Employment Core,2919,2779,-140,1415
7646,2023,Weekday,Commercial & Employment Core,9419,10475,1056,3604
7646,2023,Weekend,Commercial & Employment Core,2658,2934,276,1439
7646,2024,Weekday,Commercial & Employment Core,5795,5880,85,3212
7646,2024,Weekend,Commercial & Employment Core,1508,1527,19,1191
7646,2025,Weekday,Commercial & Employment Core,6965,6997,32,3667
7646,2025,Weekend,Commercial & Employment Core,2173,2206,33,1492
7647,2022,Weekday,Commuter-Heavy Transit Hub,7168,8217,1049,3527
7647,2022,Weekend,Commuter-Heavy Transit Hub,1234,1123,-111,1028
7647,2023,Weekday,Commuter-Heavy Transit Hub,8357,9548,1191,3875
7647,2023,Weekend,Commuter-Heavy Transit Hub,1178,1052,-126,1091
7647,2024,Weekday,Commuter-Heavy Transit Hub,10076,11342,1266,4047
7647,2024,Weekend,Commuter-Heavy Transit Hub,1293,1339,46,1239
7647,2025,Weekday,Commuter-Heavy Transit Hub,9894,11277,1383,3846
7647,2025,Weekend,Commuter-Heavy Transit Hub,1438,1429,-9,1180
7648,2022,Weekday,Commercial & Employment Core,3897,3910,13,2700
7648,2022,Weekend,Commercial & Employment Core,1236,1274,38,953
7648,2023,Weekday,Commercial & Employment Core,4058,4161,103,2719
7648,2023,Weekend,Commercial & Employment Core,1142,1138,-4,844
7650,2022,Weekday,Leisure & Waterfront,1164,752,-412,1187
7650,2022,Weekend,Leisure & Waterfront,547,355,-192,503
7650,2023,Weekday,Leisure & Waterfront,1278,861,-417,1377
7650,2023,Weekend,Leisure & Waterfront,558,358,-200,572
7650,2024,Weekday,Leisure & Waterfront,924,808,-116,1176
7650,2024,Weekend,Leisure & Waterfront,397,305,-92,444
7650,2025,Weekday,Leisure & Waterfront,1072,1093,21,1307
7650,2025,Weekend,Leisure & Waterfront,379,360,-19,471
7653,2022,Weekday,Leisure & Waterfront,1466,1582,116,1590
7653,2022,Weekend,Leisure & Waterfront,884,893,9,737
7654,2022,Weekday,Commercial & Employment Core,1306,1284,-22,1435
7654,2022,Weekend,Commercial & Employment Core,834,876,42,727
7654,2023,Weekday,Commercial & Employment Core,1827,1843,16,1996
7654,2023,Weekend,Commercial & Employment Core,876,940,64,850
7654,2024,Weekday,Commercial & Employment Core,3003,3138,135,2561
7654,2024,Weekend,Commercial & Employment Core,1325,1396,71,1115
7654,2025,Weekday,Commercial & Employment Core,2601,2806,205,2350
7654,2025,Weekend,Commercial & Employment Core,1334,1415,81,1078
7655,2022,Weekday,Residential & Inner-Suburban Feeder,1897,1524,-373,1880
7655,2022,Weekend,Residential & Inner-Suburban Feeder,787,599,-188,715
7655,2023,Weekday,Residential & Inner-Suburban Feeder,1964,1528,-436,1976
7655,2023,Weekend,Residential & Inner-Suburban Feeder,795,669,-126,761
7655,2024,Weekday,Residential & Inner-Suburban Feeder,2068,1770,-298,1989
7655,2024,Weekend,Residential & Inner-Suburban Feeder,859,695,-164,821
7655,2025,Weekday,Residential & Inner-Suburban Feeder,2772,2173,-599,2340
7655,2025,Weekend,Residential & Inner-Suburban Feeder,1139,989,-150,949
7656,2022,Weekday,Commercial & Employment Core,3155,3046,-109,2582
7656,2022,Weekend,Commercial & Employment Core,1632,1527,-105,1086
7656,2023,Weekday,Commercial & Employment Core,3497,3344,-153,2885
7656,2023,Weekend,Commercial & Employment Core,1444,1398,-46,1162
7656,2024,Weekday,Commercial & Employment Core,4110,4139,29,3064
7656,2024,Weekend,Commercial & Employment Core,1994,2045,51,1370
7656,2025,Weekday,Commercial & Employment Core,4715,4848,133,3209
7656,2025,Weekend,Commercial & Employment Core,2183,2249,66,1339
7657,2022,Weekday,Residential & Inner-Suburban Feeder,4090,4168,78,3076
7657,2022,Weekend,Residential & Inner-Suburban Feeder,1774,1942,168,1220
7657,2023,Weekday,Residential & Inner-Suburban Feeder,5103,5462,359,3531
7657,2023,Weekend,Residential & Inner-Suburban Feeder,1936,2230,294,1336
7657,2024,Weekday,Residential & Inner-Suburban Feeder,6264,6365,101,3798
7657,2024,Weekend,Residential & Inner-Suburban Feeder,2301,2542,241,1509
7657,2025,Weekday,Residential & Inner-Suburban Feeder,7105,7073,-32,3843
7657,2025,Weekend,Residential & Inner-Suburban Feeder,2522,2863,341,1483
7658,2022,Weekday,Leisure & Waterfront,939,1019,80,1044
7658,2022,Weekend,Leisure & Waterfront,905,955,50,553
7658,2023,Weekday,Leisure & Waterfront,675,774,99,944
7658,2023,Weekend,Leisure & Waterfront,532,584,52,451
7658,2024,Weekday,Leisure & Waterfront,626,786,160,844
7658,2024,Weekend,Leisure & Waterfront,509,538,29,447
7658,2025,Weekday,Leisure & Waterfront,775,828,53,861
7658,2025,Weekend,Leisure & Waterfront,697,711,14,499
7659,2022,Weekday,Commercial & Employment Core,1302,1094,-208,1488
7659,2022,Weekend,Commercial & Employment Core,622,499,-123,646
7659,2023,Weekday,Commercial & Employment Core,1344,1071,-273,1528
7659,2023,Weekend,Commercial & Employment Core,566,405,-161,589
7659,2024,Weekday,Commercial & Employment Core,1842,1565,-277,1925
7659,2024,Weekend,Commercial & Employment Core,788,597,-191,755
7659,2025,Weekday,Commercial & Employment Core,2115,1803,-312,2157
7659,2025,Weekend,Commercial & Employment Core,854,758,-96,836
7660,2022,Weekday,Commercial & Employment Core,4325,4877,552,3210
7660,2022,Weekend,Commercial & Employment Core,1598,1826,228,1216
7660,2023,Weekday,Commercial & Employment Core,6360,8179,1819,3834
7660,2023,Weekend,Commercial & Employment Core,1982,2928,946,1430
7660,2024,Weekday,Commercial & Employment Core,8140,9816,1676,4223
7660,2024,Weekend,Commercial & Employment Core,2301,3454,1153,1589
7660,2025,Weekday,Commercial & Employment Core,10272,12590,2318,4232
7660,2025,Weekend,Commercial & Employment Core,2887,3868,981,1545
7662,2022,Weekday,Residential & Inner-Suburban Feeder,3169,3026,-143,2734
7662,2022,Weekend,Residential & Inner-Suburban Feeder,1702,1735,33,1246
7662,2023,Weekday,Residential & Inner-Suburban Feeder,3693,3691,-2,3278
7662,2023,Weekend,Residential & Inner-Suburban Feeder,1642,1668,26,1364
7662,2024,Weekday,Residential & Inner-Suburban Feeder,4841,4805,-36,3695
7662,2024,Weekend,Residential & Inner-Suburban Feeder,2172,2232,60,1534
7662,2025,Weekday,Residential & Inner-Suburban Feeder,5958,6103,145,3882
7662,2025,Weekend,Residential & Inner-Suburban Feeder,2611,2602,-9,1542
7663,2022,Weekday,Commuter-Heavy Transit Hub,468,436,-32,646
7663,2022,Weekend,Commuter-Heavy Transit Hub,199,191,-8,225
7663,2023,Weekday,Commuter-Heavy Transit Hub,655,552,-103,916
7663,2023,Weekend,Commuter-Heavy Transit Hub,104,103,-1,159
7663,2024,Weekday,Commuter-Heavy Transit Hub,597,594,-3,907
7663,2024,Weekend,Commuter-Heavy Transit Hub,83,96,13,142
7663,2025,Weekday,Commuter-Heavy Transit Hub,632,516,-116,798
7663,2025,Weekend,Commuter-Heavy Transit Hub,88,98,10,126
7664,2022,Weekday,Commuter-Heavy Transit Hub,374,380,6,558
7664,2022,Weekend,Commuter-Heavy Transit Hub,120,106,-14,143
7664,2023,Weekday,Commuter-Heavy Transit Hub,600,606,6,916
7664,2023,Weekend,Commuter-Heavy Transit Hub,75,69,-6,110
7664,2024,Weekday,Commuter-Heavy Transit Hub,693,563,-130,941
7664,2024,Weekend,Commuter-Heavy Transit Hub,67,44,-23,97
7664,2025,Weekday,Commuter-Heavy Transit Hub,813,653,-160,992
7664,2025,Weekend,Commuter-Heavy Transit Hub,102,81,-21,145
7665,2022,Weekday,Commuter-Heavy Transit Hub,768,712,-56,1050
7665,2022,Weekend,Commuter-Heavy Transit Hub,129,134,5,161
7665,2023,Weekday,Commuter-Heavy Transit Hub,742,763,21,1078
7665,2023,Weekend,Commuter-Heavy Transit Hub,69,83,14,136
7665,2024,Weekday,Commuter-Heavy Transit Hub,1462,1355,-107,1782
7665,2024,Weekend,Commuter-Heavy Transit Hub,177,168,-9,297
7665,2025,Weekday,Commuter-Heavy Transit Hub,1459,1374,-85,1677
7665,2025,Weekend,Commuter-Heavy Transit Hub,207,190,-17,295
7666,2022,Weekday,Commercial & Employment Core,1745,1634,-111,1778
7666,2022,Weekend,Commercial & Employment Core,1000,892,-108,820
7666,2023,Weekday,Commercial & Employment Core,1981,1773,-208,1992
7666,2023,Weekend,Commercial & Employment Core,974,897,-77,885
7666,2024,Weekday,Commercial & Employment Core,2370,2098,-272,2204
7666,2024,Weekend,Commercial & Employment Core,1146,1017,-129,1001
7666,2025,Weekday,Commercial & Employment Core,2673,2163,-510,2253
7666,2025,Weekend,Commercial & Employment Core,1414,1204,-210,1011
7667,2022,Weekday,Commercial & Employment Core,6272,4532,-1740,3498
7667,2022,Weekend,Commercial & Employment Core,2371,1622,-749,1395
7667,2023,Weekday,Commercial & Employment Core,10350,6888,-3462,4269
7667,2023,Weekend,Commercial & Employment Core,3642,2112,-1530,1718
7667,2024,Weekday,Commercial & Employment Core,11033,7161,-3872,4451
7667,2024,Weekend,Commercial & Employment Core,3753,2178,-1575,1749
7667,2025,Weekday,Commercial & Employment Core,9223,6215,-3008,4292
7667,2025,Weekend,Commercial & Employment Core,3438,2229,-1209,1645
7668,2022,Weekday,Commercial & Employment Core,9104,8287,-817,4265
7668,2022,Weekend,Commercial & Employment Core,2956,2552,-404,1623
7668,2023,Weekday,Commercial & Employment Core,12000,11155,-845,4731
7668,2023,Weekend,Commercial & Employment Core,3380,2929,-451,1826
7668,2024,Weekday,Commercial & Employment Core,12314,10840,-1474,4666
7668,2024,Weekend,Commercial & Employment Core,3268,2462,-806,1716
7668,2025,Weekday,Commercial & Employment Core,13452,11316,-2136,4759
7668,2025,Weekend,Commercial & Employment Core,4948,3121,-1827,1791
7670,2022,Weekday,Leisure & Waterfront,480,367,-113,634
7670,2022,Weekend,Leisure & Waterfront,215,156,-59,262
7670,2023,Weekday,Leisure & Waterfront,447,431,-16,740
7670,2023,Weekend,Leisure & Waterfront,134,126,-8,208
7670,2024,Weekday,Leisure & Waterfront,241,229,-12,359
7670,2024,Weekend,Leisure & Waterfront,97,82,-15,137
7671,2022,Weekday,Residential & Inner-Suburban Feeder,1057,760,-297,1207
7671,2022,Weekend,Residential & Inner-Suburban Feeder,413,300,-113,437
7671,2023,Weekday,Residential & Inner-Suburban Feeder,1189,1003,-186,1548
7671,2023,Weekend,Residential & Inner-Suburban Feeder,413,314,-99,476
7671,2024,Weekday,Residential & Inner-Suburban Feeder,1112,1089,-23,1404
7671,2024,Weekend,Residential & Inner-Suburban Feeder,350,341,-9,470
7671,2025,Weekday,Residential & Inner-Suburban Feeder,1164,1104,-60,1423
7671,2025,Weekend,Residential & Inner-Suburban Feeder,450,438,-12,548
7675,2022,Weekday,Commercial & Employment Core,4020,4077,57,3233
7675,2022,Weekend,Commercial & Employment Core,2062,2024,-38,1382
7675,2023,Weekday,Commercial & Employment Core,5012,5180,168,3563
7675,2023,Weekend,Commercial & Employment Core,2331,2323,-8,1529
7675,2024,Weekday,Commercial & Employment Core,6351,6563,212,3848
7675,2024,Weekend,Commercial & Employment Core,2803,2726,-77,1619
7675,2025,Weekday,Commercial & Employment Core,6682,6830,148,3751
7675,2025,Weekend,Commercial & Employment Core,3035,3101,66,1539
7676,2022,Weekday,Leisure & Waterfront,315,285,-30,380
7676,2022,Weekend,Leisure & Waterfront,148,146,-2,154
7676,2023,Weekday,Leisure & Waterfront,342,338,-4,536
7676,2023,Weekend,Leisure & Waterfront,119,126,7,185
7676,2024,Weekday,Leisure & Waterfront,414,463,49,671
7676,2024,Weekend,Leisure & Waterfront,147,142,-5,218
7676,2025,Weekday,Leisure & Waterfront,534,579,45,799
7676,2025,Weekend,Leisure & Waterfront,182,195,13,256
7677,2022,Weekday,Commercial & Employment Core,2914,2632,-282,2553
7677,2022,Weekend,Commercial & Employment Core,930,877,-53,909
7677,2023,Weekday,Commercial & Employment Core,2899,2623,-276,2608
7677,2023,Weekend,Commercial & Employment Core,770,733,-37,833
7677,2024,Weekday,Commercial & Employment Core,3341,3382,41,2739
7677,2024,Weekend,Commercial & Employment Core,886,916,30,922
7677,2025,Weekday,Commercial & Employment Core,3018,3005,-13,2506
7677,2025,Weekend,Commercial & Employment Core,1037,1094,57,953
7678,2022,Weekday,Commercial & Employment Core,524,498,-26,684
7678,2022,Weekend,Commercial & Employment Core,194,179,-15,225
7678,2023,Weekday,Commercial & Employment Core,330,298,-32,486
7678,2023,Weekend,Commercial & Employment Core,107,120,13,156
7678,2024,Weekday,Commercial & Employment Core,215,206,-9,331
7678,2024,Weekend,Commercial & Employment Core,93,91,-2,146
7678,2025,Weekday,Commercial & Employment Core,332,257,-75,447
7678,2025,Weekend,Commercial & Employment Core,135,124,-11,188
7679,2022,Weekday,Commercial & Employment Core,455,393,-62,484
7679,2022,Weekend,Commercial & Employment Core,149,132,-17,146
7679,2023,Weekday,Commercial & Employment Core,298,266,-32,416
7679,2023,Weekend,Commercial & Employment Core,76,68,-8,101
7679,2024,Weekday,Commercial & Employment Core,279,266,-13,414
7679,2024,Weekend,Commercial & Employment Core,56,50,-6,73
7679,2025,Weekday,Commercial & Employment Core,262,208,-54,336
7679,2025,Weekend,Commercial & Employment Core,98,74,-24,117
7680,2022,Weekday,Leisure & Waterfront,1244,1216,-28,925
7680,2022,Weekend,Leisure & Waterfront,1139,1078,-61,551
7680,2023,Weekday,Leisure & Waterfront,2240,2704,464,1686
7680,2023,Weekend,Leisure & Waterfront,1752,1646,-106,835
7680,2024,Weekday,Leisure & Waterfront,1971,2008,37,1547
7680,2024,Weekend,Leisure & Waterfront,1233,1185,-48,717
7680,2025,Weekday,Leisure & Waterfront,2132,2226,94,1434
7680,2025,Weekend,Leisure & Waterfront,1772,1722,-50,706
7681,2022,Weekday,Leisure & Waterfront,2969,3162,193,2242
7681,2022,Weekend,Leisure & Waterfront,1475,1632,157,848
7681,2023,Weekday,Leisure & Waterfront,2595,3006,411,2688
7681,2023,Weekend,Leisure & Waterfront,909,1160,251,918
7681,2024,Weekday,Leisure & Waterfront,3666,4608,942,3239
7681,2024,Weekend,Leisure & Waterfront,1001,1284,283,969
7681,2025,Weekday,Leisure & Waterfront,2047,2714,667,2459
7681,2025,Weekend,Leisure & Waterfront,505,701,196,673
7682,2022,Weekday,Commercial & Employment Core,11114,11195,81,4268
7682,2022,Weekend,Commercial & Employment Core,5456,5582,126,1816
7682,2023,Weekday,Commercial & Employment Core,15926,15747,-179,4753
7682,2023,Weekend,Commercial & Employment Core,7225,7469,244,2065
7682,2024,Weekday,Commercial & Employment Core,21257,21490,233,5117
7682,2024,Weekend,Commercial & Employment Core,8605,8971,366,2122
7682,2025,Weekday,Commercial & Employment Core,22563,22704,141,4923
7682,2025,Weekend,Commercial & Employment Core,9763,10396,633,2047
7683,2022,Weekday,Commercial & Employment Core,4255,4492,237,3121
7683,2022,Weekend,Commercial & Employment Core,2044,2082,38,1332
7683,2023,Weekday,Commercial & Employment Core,1776,1852,76,1398
7683,2023,Weekend,Commercial & Employment Core,699,735,36,604
7684,2022,Weekday,Commercial & Employment Core,4041,4277,236,2797
7684,2022,Weekend,Commercial & Employment Core,2197,2298,101,1212
7684,2023,Weekday,Commercial & Employment Core,7641,8083,442,3993
7684,2023,Weekend,Commercial & Employment Core,2532,2669,137,1516
7684,2024,Weekday,Commercial & Employment Core,9907,10557,650,4417
7684,2024,Weekend,Commercial & Employment Core,2973,3241,268,1671
7684,2025,Weekday,Commercial & Employment Core,9137,9642,505,3954
7684,2025,Weekend,Commercial & Employment Core,3079,3497,418,1524
7685,2022,Weekday,Commercial & Employment Core,6815,7349,534,3546
7685,2022,Weekend,Commercial & Employment Core,3099,2980,-119,1483
7685,2023,Weekday,Commercial & Employment Core,8571,8892,321,4115
7685,2023,Weekend,Commercial & Employment Core,2775,2694,-81,1615
7685,2024,Weekday,Commercial & Employment Core,9788,10390,602,4527
7685,2024,Weekend,Commercial & Employment Core,3039,3255,216,1748
7685,2025,Weekday,Commercial & Employment Core,13060,13450,390,4457
7685,2025,Weekend,Commercial & Employment Core,4547,4794,247,1776
7686,2022,Weekday,Commercial & Employment Core,4828,5014,186,2961
7686,2022,Weekend,Commercial & Employment Core,2818,2947,129,1275
7686,2023,Weekday,Commercial & Employment Core,6907,7254,347,3792
7686,2023,Weekend,Commercial & Employment Core,3497,3700,203,1596
7686,2024,Weekday,Commercial & Employment Core,7553,7967,414,3893
7686,2024,Weekend,Commercial & Employment Core,3784,4179,395,1603
7686,2025,Weekday,Commercial & Employment Core,6018,6174,156,2721
7686,2025,Weekend,Commercial & Employment Core,3114,3282,168,1125
7687,2022,Weekday,Commercial & Employment Core,4056,3793,-263,3096
7687,2022,Weekend,Commercial & Employment Core,1772,1771,-1,1297
7687,2023,Weekday,Commercial & Employment Core,4893,4739,-154,3567
7687,2023,Weekend,Commercial & Employment Core,2075,2052,-23,1495
7687,2024,Weekday,Commercial & Employment Core,5308,5366,58,3676
7687,2024,Weekend,Commercial & Employment Core,2505,2569,64,1646
7687,2025,Weekday,Commercial & Employment Core,5261,5278,17,3559
7687,2025,Weekend,Commercial & Employment Core,2336,2378,42,1444
7688,2022,Weekday,Leisure & Waterfront,2074,2182,108,1624
7688,2022,Weekend,Leisure & Waterfront,1880,1949,69,841
7688,2023,Weekday,Leisure & Waterfront,1867,2126,259,1886
7688,2023,Weekend,Leisure & Waterfront,1385,1478,93,879
7688,2024,Weekday,Leisure & Waterfront,2207,2358,151,2134
7688,2024,Weekend,Leisure & Waterfront,1672,1608,-64,957
7688,2025,Weekday,Leisure & Waterfront,2684,2715,31,2433
7688,2025,Weekend,Leisure & Waterfront,2025,2013,-12,1068
7689,2022,Weekday,Residential & Inner-Suburban Feeder,3759,2301,-1458,2456
7689,2022,Weekend,Residential & Inner-Suburban Feeder,1396,961,-435,914
7689,2023,Weekday,Residential & Inner-Suburban Feeder,4509,2627,-1882,2869
7689,2023,Weekend,Residential & Inner-Suburban Feeder,1473,900,-573,1045
7689,2024,Weekday,Residential & Inner-Suburban Feeder,13,10,-3,13
7690,2022,Weekend,Unassigned,0,1,1,1
7690,2023,Weekday,Unassigned,0,1,1,1
7690,2025,Weekday,Unassigned,0,3,3,3
7691,2022,Weekday,Commercial & Employment Core,3144,2954,-190,2521
7691,2022,Weekend,Commercial & Employment Core,1351,1294,-57,1055
7691,2023,Weekday,Commercial & Employment Core,4155,3972,-183,3238
7691,2023,Weekend,Commercial & Employment Core,1618,1605,-13,1334
7691,2024,Weekday,Commercial & Employment Core,4888,4222,-666,3373
7691,2024,Weekend,Commercial & Employment Core,1771,1706,-65,1366
7691,2025,Weekday,Commercial & Employment Core,5513,4991,-522,3551
7691,2025,Weekend,Commercial & Employment Core,2041,1865,-176,1400
7692,2022,Weekday,Leisure & Waterfront,1287,1463,176,1150
7692,2022,Weekend,Leisure & Waterfront,556,712,156,448
7692,2023,Weekday,Leisure & Waterfront,2122,2646,524,2239
7692,2023,Weekend,Leisure & Waterfront,996,1223,227,873
7692,2024,Weekday,Leisure & Waterfront,2453,2737,284,2402
7692,2024,Weekend,Leisure & Waterfront,1157,1364,207,1010
7692,2025,Weekday,Leisure & Waterfront,2074,2334,260,2139
7692,2025,Weekend,Leisure & Waterfront,1073,1172,99,926
7693,2022,Weekday,Commercial & Employment Core,11038,10701,-337,3855
7693,2022,Weekend,Commercial & Employment Core,4130,4309,179,1549
7693,2023,Weekday,Commercial & Employment Core,13660,13454,-206,5017
7693,2023,Weekend,Commercial & Employment Core,4804,4834,30,2028
7693,2024,Weekday,Commercial & Employment Core,18526,18390,-136,5285
7693,2024,Weekend,Commercial & Employment Core,6068,6065,-3,2129
7693,2025,Weekday,Commercial & Employment Core,18871,18651,-220,5130
7693,2025,Weekend,Commercial & Employment Core,6682,6727,45,2022
7694,2022,Weekday,Residential & Inner-Suburban Feeder,240,208,-32,348
7694,2022,Weekend,Residential & Inner-Suburban Feeder,121,117,-4,159
7694,2023,Weekday,Residential & Inner-Suburban Feeder,427,357,-70,645
7694,2023,Weekend,Residential & Inner-Suburban Feeder,183,182,-1,274
7694,2024,Weekday,Residential & Inner-Suburban Feeder,540,470,-70,835
7694,2024,Weekend,Residential & Inner-Suburban Feeder,203,191,-12,317
7694,2025,Weekday,Residential & Inner-Suburban Feeder,575,598,23,917
7694,2025,Weekend,Residential & Inner-Suburban Feeder,278,295,17,414
7695,2022,Weekday,Leisure & Waterfront,1161,1279,118,1409
7695,2022,Weekend,Leisure & Waterfront,624,680,56,600
7695,2023,Weekday,Leisure & Waterfront,1634,1728,94,1968
7695,2023,Weekend,Leisure & Waterfront,844,888,44,847
7695,2024,Weekday,Leisure & Waterfront,2256,2442,186,2566
7695,2024,Weekend,Leisure & Waterfront,976,1057,81,963
7695,2025,Weekday,Leisure & Waterfront,2323,2796,473,2377
7695,2025,Weekend,Leisure & Waterfront,901,1011,110,815
7696,2022,Weekday,Residential & Inner-Suburban Feeder,554,565,11,766
7696,2022,Weekend,Residential & Inner-Suburban Feeder,157,181,24,234
7696,2023,Weekday,Residential & Inner-Suburban Feeder,668,673,5,1034
7696,2023,Weekend,Residential & Inner-Suburban Feeder,231,258,27,349
7696,2024,Weekday,Residential & Inner-Suburban Feeder,1279,1356,77,1741
7696,2024,Weekend,Residential & Inner-Suburban Feeder,313,298,-15,440
7696,2025,Weekday,Residential & Inner-Suburban Feeder,962,1105,143,1440
7696,2025,Weekend,Residential & Inner-Suburban Feeder,233,291,58,364
7697,2022,Weekday,Leisure & Waterfront,575,526,-49,813
7697,2022,Weekend,Leisure & Waterfront,261,282,21,367
7698,2022,Weekday,Leisure & Waterfront,433,361,-72,570
7698,2022,Weekend,Leisure & Waterfront,238,218,-20,309
7698,2023,Weekday,Leisure & Waterfront,486,314,-172,593
7698,2023,Weekend,Leisure & Waterfront,246,166,-80,281
7698,2024,Weekday,Leisure & Waterfront,408,398,-10,647
7698,2024,Weekend,Leisure & Waterfront,187,184,-3,268
7698,2025,Weekday,Leisure & Waterfront,460,485,25,725
7698,2025,Weekend,Leisure & Waterfront,229,240,11,322
7699,2022,Weekday,Residential & Inner-Suburban Feeder,694,509,-185,864
7699,2022,Weekend,Residential & Inner-Suburban Feeder,270,215,-55,323
7699,2023,Weekday,Residential & Inner-Suburban Feeder,1215,801,-414,1313
7699,2023,Weekend,Residential & Inner-Suburban Feeder,395,279,-116,484
7699,2024,Weekday,Residential & Inner-Suburban Feeder,1117,1055,-62,1381
7699,2024,Weekend,Residential & Inner-Suburban Feeder,387,372,-15,519
7699,2025,Weekday,Residential & Inner-Suburban Feeder,853,957,104,1124
7699,2025,Weekend,Residential & Inner-Suburban Feeder,483,510,27,600
7700,2022,Weekday,Residential & Inner-Suburban Feeder,845,610,-235,987
7700,2022,Weekend,Residential & Inner-Suburban Feeder,335,216,-119,338
7700,2023,Weekday,Residential & Inner-Suburban Feeder,1318,892,-426,1463
7700,2023,Weekend,Residential & Inner-Suburban Feeder,501,335,-166,539
7700,2024,Weekday,Residential & Inner-Suburban Feeder,1362,1241,-121,1686
7700,2024,Weekend,Residential & Inner-Suburban Feeder,519,488,-31,645
7700,2025,Weekday,Residential & Inner-Suburban Feeder,1473,1463,-10,1666
7700,2025,Weekend,Residential & Inner-Suburban Feeder,498,494,-4,597
7701,2022,Weekday,Commercial & Employment Core,2061,2078,17,1925
7701,2022,Weekend,Commercial & Employment Core,945,1022,77,795
7701,2023,Weekday,Commercial & Employment Core,3342,3460,118,3040
7701,2023,Weekend,Commercial & Employment Core,1458,1544,86,1193
7701,2024,Weekday,Commercial & Employment Core,4768,4748,-20,3282
7701,2024,Weekend,Commercial & Employment Core,1905,1977,72,1309
7701,2025,Weekday,Commercial & Employment Core,6030,6162,132,3543
7701,2025,Weekend,Commercial & Employment Core,2524,2645,121,1384
7702,2022,Weekday,Residential & Inner-Suburban Feeder,1985,2682,697,1806
7702,2022,Weekend,Residential & Inner-Suburban Feeder,923,1354,431,804
7702,2023,Weekday,Residential & Inner-Suburban Feeder,5740,5984,244,3439
7702,2023,Weekend,Residential & Inner-Suburban Feeder,2364,2625,261,1444
7702,2024,Weekday,Residential & Inner-Suburban Feeder,6929,6278,-651,3738
7702,2024,Weekend,Residential & Inner-Suburban Feeder,2637,2794,157,1533
7702,2025,Weekday,Residential & Inner-Suburban Feeder,5629,5249,-380,3417
7702,2025,Weekend,Residential & Inner-Suburban Feeder,2257,2280,23,1391
7703,2022,Weekday,Residential & Inner-Suburban Feeder,3414,3278,-136,2478
7703,2022,Weekend,Residential & Inner-Suburban Feeder,1206,1226,20,964
7703,2023,Weekday,Residential & Inner-Suburban Feeder,5089,4710,-379,3609
7703,2023,Weekend,Residential & Inner-Suburban Feeder,1524,1581,57,1354
7703,2024,Weekday,Residential & Inner-Suburban Feeder,6165,6136,-29,3904
7703,2024,Weekend,Residential & Inner-Suburban Feeder,1852,1836,-16,1469
7703,2025,Weekday,Residential & Inner-Suburban Feeder,6782,6767,-15,3931
7703,2025,Weekend,Residential & Inner-Suburban Feeder,1884,1904,20,1409
7704,2022,Weekday,Residential & Inner-Suburban Feeder,598,434,-164,707
7704,2022,Weekend,Residential & Inner-Suburban Feeder,244,202,-42,282
7704,2023,Weekday,Residential & Inner-Suburban Feeder,979,630,-349,1089
7704,2023,Weekend,Residential & Inner-Suburban Feeder,307,259,-48,377
7704,2024,Weekday,Residential & Inner-Suburban Feeder,1104,831,-273,1328
7704,2024,Weekend,Residential & Inner-Suburban Feeder,330,248,-82,416
7704,2025,Weekday,Residential & Inner-Suburban Feeder,1103,766,-337,1294
7704,2025,Weekend,Residential & Inner-Suburban Feeder,426,303,-123,486
7705,2022,Weekday,Residential & Inner-Suburban Feeder,3076,3480,404,2204
7705,2022,Weekend,Residential & Inner-Suburban Feeder,939,1143,204,743
7705,2023,Weekday,Residential & Inner-Suburban Feeder,5581,6338,757,3370
7705,2023,Weekend,Residential & Inner-Suburban Feeder,1339,1674,335,1076
7705,2024,Weekday,Residential & Inner-Suburban Feeder,4837,5519,682,3273
7705,2024,Weekend,Residential & Inner-Suburban Feeder,1348,1651,303,1093
7705,2025,Weekday,Residential & Inner-Suburban Feeder,5453,6250,797,3261
7705,2025,Weekend,Residential & Inner-Suburban Feeder,1541,1910,369,1164
7706,2022,Weekday,Residential & Inner-Suburban Feeder,1407,1381,-26,1467
7706,2022,Weekend,Residential & Inner-Suburban Feeder,575,544,-31,568
7706,2023,Weekday,Residential & Inner-Suburban Feeder,2592,2538,-54,2598
7706,2023,Weekend,Residential & Inner-Suburban Feeder,846,847,1,920
7706,2024,Weekday,Residential & Inner-Suburban Feeder,3183,3094,-89,2932
7706,2024,Weekend,Residential & Inner-Suburban Feeder,1097,1160,63,1127
7706,2025,Weekday,Residential & Inner-Suburban Feeder,3300,3385,85,2966
7706,2025,Weekend,Residential & Inner-Suburban Feeder,1148,1178,30,1068
7707,2022,Weekday,Leisure & Waterfront,8614,8663,49,2371
7707,2022,Weekend,Leisure & Waterfront,6704,6656,-48,973
7707,2023,Weekday,Leisure & Waterfront,8771,8754,-17,3493
7707,2023,Weekend,Leisure & Waterfront,5575,5434,-141,1485
7707,2024,Weekday,Leisure & Waterfront,10391,10523,132,3686
7707,2024,Weekend,Leisure & Waterfront,5633,5706,73,1483
7707,2025,Weekday,Leisure & Waterfront,11905,12044,139,3831
7707,2025,Weekend,Leisure & Waterfront,7004,6866,-138,1546
7708,2022,Weekday,Residential & Inner-Suburban Feeder,1031,443,-588,887
7708,2022,Weekend,Residential & Inner-Suburban Feeder,489,211,-278,361
7708,2023,Weekday,Residential & Inner-Suburban Feeder,1373,867,-506,1434
7708,2023,Weekend,Residential & Inner-Suburban Feeder,508,300,-208,495
7708,2024,Weekday,Residential & Inner-Suburban Feeder,2211,793,-1418,1777
7708,2024,Weekend,Residential & Inner-Suburban Feeder,732,280,-452,601
7708,2025,Weekday,Residential & Inner-Suburban Feeder,2490,1030,-1460,1962
7708,2025,Weekend,Residential & Inner-Suburban Feeder,909,378,-531,712
7709,2022,Weekday,Leisure & Waterfront,664,574,-90,633
7709,2022,Weekend,Leisure & Waterfront,420,388,-32,309
7709,2023,Weekday,Leisure & Waterfront,1242,1073,-169,1318
7709,2023,Weekend,Leisure & Waterfront,576,500,-76,514
7709,2024,Weekday,Leisure & Waterfront,1559,1514,-45,1590
7709,2024,Weekend,Leisure & Waterfront,691,575,-116,625
7709,2025,Weekday,Leisure & Waterfront,1781,1616,-165,1619
7709,2025,Weekend,Leisure & Waterfront,747,626,-121,606
7710,2022,Weekday,Commercial & Employment Core,2795,1918,-877,1714
7710,2022,Weekend,Commercial & Employment Core,1085,758,-327,681
7710,2023,Weekday,Commercial & Employment Core,6130,4604,-1526,3544
7710,2023,Weekend,Commercial & Employment Core,2422,1716,-706,1433
7710,2024,Weekday,Commercial & Employment Core,7421,5187,-2234,3862
7710,2024,Weekend,Commercial & Employment Core,2649,1895,-754,1584
7710,2025,Weekday,Commercial & Employment Core,7666,5254,-2412,3836
7710,2025,Weekend,Commercial & Employment Core,2754,1826,-928,1549
7711,2022,Weekday,Residential & Inner-Suburban Feeder,1101,1029,-72,1142
7711,2022,Weekend,Residential & Inner-Suburban Feeder,398,406,8,425
7711,2023,Weekday,Residential & Inner-Suburban Feeder,2842,2632,-210,2634
7711,2023,Weekend,Residential & Inner-Suburban Feeder,1020,1063,43,1031
7711,2024,Weekday,Residential & Inner-Suburban Feeder,3666,3763,97,3153
7711,2024,Weekend,Residential & Inner-Suburban Feeder,1374,1380,6,1261
7711,2025,Weekday,Residential & Inner-Suburban Feeder,2109,2162,53,1885
7711,2025,Weekend,Residential & Inner-Suburban Feeder,870,837,-33,751
7712,2022,Weekday,Commercial & Employment Core,3189,3246,57,1846
7712,2022,Weekend,Commercial & Employment Core,1582,1499,-83,742
7712,2023,Weekday,Commercial & Employment Core,7581,7998,417,3891
7712,2023,Weekend,Commercial & Employment Core,2904,2949,45,1513
7712,2024,Weekday,Commercial & Employment Core,9086,9430,344,4188
7712,2024,Weekend,Commercial & Employment Core,3227,3314,87,1644
7712,2025,Weekday,Commercial & Employment Core,11480,11723,243,4279
7712,2025,Weekend,Commercial & Employment Core,4273,4419,146,1657
7713,2022,Weekday,Commercial & Employment Core,4772,4718,-54,1860
7713,2022,Weekend,Commercial & Employment Core,1239,1329,90,685
7713,2023,Weekday,Commercial & Employment Core,13262,12848,-414,4713
7713,2023,Weekend,Commercial & Employment Core,3157,3436,279,1767
7713,2024,Weekday,Commercial & Employment Core,14196,14394,198,4942
7713,2024,Weekend,Commercial & Employment Core,3098,3248,150,1774
7713,2025,Weekday,Commercial & Employment Core,11674,11889,215,3895
7713,2025,Weekend,Commercial & Employment Core,2768,2809,41,1442
7714,2022,Weekday,Leisure & Waterfront,281,299,18,72
7714,2022,Weekend,Leisure & Waterfront,144,147,3,26
7715,2022,Weekday,Residential & Inner-Suburban Feeder,424,423,-1,572
7715,2022,Weekend,Residential & Inner-Suburban Feeder,171,166,-5,198
7715,2023,Weekday,Residential & Inner-Suburban Feeder,1108,1106,-2,1517
7715,2023,Weekend,Residential & Inner-Suburban Feeder,390,344,-46,518
7715,2024,Weekday,Residential & Inner-Suburban Feeder,1279,1217,-62,1615
7715,2024,Weekend,Residential & Inner-Suburban Feeder,435,444,9,553
7715,2025,Weekday,Residential & Inner-Suburban Feeder,1759,1753,-6,2062
7715,2025,Weekend,Residential & Inner-Suburban Feeder,613,629,16,748
7716,2022,Weekday,Commercial & Employment Core,2625,3020,395,1589
7716,2022,Weekend,Commercial & Employment Core,1172,1407,235,647
7716,2023,Weekday,Commercial & Employment Core,8538,9139,601,4192
7716,2023,Weekend,Commercial & Employment Core,3557,3845,288,1726
7716,2024,Weekday,Commercial & Employment Core,7235,7924,689,4014
7716,2024,Weekend,Commercial & Employment Core,3018,3632,614,1660
7716,2025,Weekday,Commercial & Employment Core,10642,10852,210,4122
7716,2025,Weekend,Commercial & Employment Core,4249,4510,261,1670
7717,2022,Weekday,Commercial & Employment Core,3213,3533,320,1653
7717,2022,Weekend,Commercial & Employment Core,1137,1281,144,632
7717,2023,Weekday,Commercial & Employment Core,8772,8981,209,4138
7717,2023,Weekend,Commercial & Employment Core,3008,3075,67,1641
7717,2024,Weekday,Commercial & Employment Core,9705,9991,286,4297
7717,2024,Weekend,Commercial & Employment Core,3398,3533,135,1733
7717,2025,Weekday,Commercial & Employment Core,8160,8338,178,3859
7717,2025,Weekend,Commercial & Employment Core,3139,3206,67,1580
7718,2022,Weekday,Commercial & Employment Core,2150,2264,114,1439
7718,2022,Weekend,Commercial & Employment Core,621,647,26,462
7718,2023,Weekday,Commercial & Employment Core,11815,12281,466,4364
7718,2023,Weekend,Commercial & Employment Core,3702,3738,36,1650
7718,2024,Weekday,Commercial & Employment Core,10311,10538,227,4601
7718,2024,Weekend,Commercial & Employment Core,3429,3465,36,1712
7718,2025,Weekday,Commercial & Employment Core,12312,12633,321,4489
7718,2025,Weekend,Commercial & Employment Core,4043,4185,142,1677
7719,2022,Weekday,Commercial & Employment Core,3475,3842,367,1697
7719,2022,Weekend,Commercial & Employment Core,1450,1595,145,681
7719,2023,Weekday,Commercial & Employment Core,8336,10145,1809,4334
7719,2023,Weekend,Commercial & Employment Core,3515,4083,568,1853
7719,2024,Weekday,Commercial & Employment Core,8033,8903,870,4516
7719,2024,Weekend,Commercial & Employment Core,3007,3411,404,1857
7719,2025,Weekday,Commercial & Employment Core,9237,9518,281,4370
7719,2025,Weekend,Commercial & Employment Core,3981,4292,311,1786
7720,2022,Weekday,Commercial & Employment Core,5666,5739,73,1914
7720,2022,Weekend,Commercial & Employment Core,2091,2054,-37,742
7720,2023,Weekday,Commercial & Employment Core,20821,21204,383,5342
7720,2023,Weekend,Commercial & Employment Core,7180,7260,80,2161
7720,2024,Weekday,Commercial & Employment Core,27549,28127,578,5484
7720,2024,Weekend,Commercial & Employment Core,9043,9231,188,2245
7720,2025,Weekday,Commercial & Employment Core,28782,29595,813,5337
7720,2025,Weekend,Commercial & Employment Core,9541,9940,399,2113
7721,2022,Weekday,Commercial & Employment Core,3391,3472,81,1597
7721,2022,Weekend,Commercial & Employment Core,1311,1319,8,637
7721,2023,Weekday,Commercial & Employment Core,16052,16636,584,4953
7721,2023,Weekend,Commercial & Employment Core,5656,5862,206,1974
7721,2024,Weekday,Commercial & Employment Core,15540,16340,800,5065
7721,2024,Weekend,Commercial & Employment Core,5348,5623,275,2031
7721,2025,Weekday,Commercial & Employment Core,17343,18043,700,5107
7721,2025,Weekend,Commercial & Employment Core,5992,6331,339,2006
7722,2022,Weekday,Commercial & Employment Core,98,108,10,61
7722,2022,Weekend,Commercial & Employment Core,48,45,-3,31
7724,2022,Weekday,Commercial & Employment Core,1755,1685,-70,1237
7724,2022,Weekend,Commercial & Employment Core,684,649,-35,497
7724,2023,Weekday,Commercial & Employment Core,7886,7776,-110,4463
7724,2023,Weekend,Commercial & Employment Core,3194,3217,23,1886
7724,2024,Weekday,Commercial & Employment Core,8965,8964,-1,4689
7724,2024,Weekend,Commercial & Employment Core,3342,3420,78,1882
7724,2025,Weekday,Commercial & Employment Core,8047,8437,390,4461
7724,2025,Weekend,Commercial & Employment Core,3109,3243,134,1836
7725,2022,Weekday,Commercial & Employment Core,396,398,2,464
7725,2022,Weekend,Commercial & Employment Core,196,169,-27,195
7725,2023,Weekday,Commercial & Employment Core,2315,1990,-325,2159
7725,2023,Weekend,Commercial & Employment Core,899,806,-93,844
7725,2024,Weekday,Commercial & Employment Core,4098,3596,-502,2998
7725,2024,Weekend,Commercial & Employment Core,1106,1000,-106,973
7725,2025,Weekday,Commercial & Employment Core,40,35,-5,59
7725,2025,Weekend,Commercial & Employment Core,10,10,0,15
7728,2022,Weekday,Commercial & Employment Core,323,355,32,420
7728,2022,Weekend,Commercial & Employment Core,112,123,11,134
7728,2023,Weekday,Commercial & Employment Core,2190,2159,-31,2317
7728,2023,Weekend,Commercial & Employment Core,659,650,-9,758
7728,2024,Weekday,Commercial & Employment Core,2584,2432,-152,2610
7728,2024,Weekend,Commercial & Employment Core,922,805,-117,953
7728,2025,Weekday,Commercial & Employment Core,3149,3163,14,2875
7728,2025,Weekend,Commercial & Employment Core,1140,1117,-23,1037
7729,2022,Weekday,Commercial & Employment Core,242,173,-69,240
7729,2022,Weekend,Commercial & Employment Core,92,68,-24,87
7729,2023,Weekday,Commercial & Employment Core,1983,1202,-781,1861
7729,2023,Weekend,Commercial & Employment Core,594,429,-165,604
7729,2024,Weekday,Commercial & Employment Core,3368,1673,-1695,2358
7729,2024,Weekend,Commercial & Employment Core,998,652,-346,803
7729,2025,Weekday,Commercial & Employment Core,3970,2002,-1968,2611
7729,2025,Weekend,Commercial & Employment Core,1405,815,-590,960
7730,2022,Weekday,Residential & Inner-Suburban Feeder,376,419,43,420
7730,2022,Weekend,Residential & Inner-Suburban Feeder,100,186,86,158
7730,2023,Weekday,Residential & Inner-Suburban Feeder,6509,6647,138,3248
7730,2023,Weekend,Residential & Inner-Suburban Feeder,2761,2939,178,1348
7730,2024,Weekday,Residential & Inner-Suburban Feeder,5615,4333,-1282,2877
7730,2024,Weekend,Residential & Inner-Suburban Feeder,2219,1994,-225,1143
7730,2025,Weekday,Residential & Inner-Suburban Feeder,7712,5695,-2017,3063
7730,2025,Weekend,Residential & Inner-Suburban Feeder,3100,2336,-764,1202
7731,2022,Weekday,Residential & Inner-Suburban Feeder,73,42,-31,94
7731,2022,Weekend,Residential & Inner-Suburban Feeder,25,30,5,32
7731,2023,Weekday,Residential & Inner-Suburban Feeder,779,619,-160,1073
7731,2023,Weekend,Residential & Inner-Suburban Feeder,271,290,19,372
7731,2024,Weekday,Residential & Inner-Suburban Feeder,999,820,-179,1310
7731,2024,Weekend,Residential & Inner-Suburban Feeder,352,380,28,491
7731,2025,Weekday,Residential & Inner-Suburban Feeder,996,922,-74,1295
7731,2025,Weekend,Residential & Inner-Suburban Feeder,373,391,18,497
7732,2022,Weekday,Leisure & Waterfront,22,18,-4,34
7732,2022,Weekend,Leisure & Waterfront,8,12,4,14
7732,2023,Weekday,Leisure & Waterfront,360,353,-7,574
7732,2023,Weekend,Leisure & Waterfront,152,135,-17,216
7732,2024,Weekday,Leisure & Waterfront,381,474,93,630
7732,2024,Weekend,Leisure & Waterfront,195,187,-8,251
7732,2025,Weekday,Leisure & Waterfront,366,438,72,576
7732,2025,Weekend,Leisure & Waterfront,192,180,-12,227
7733,2022,Weekday,Commercial & Employment Core,10,8,-2,16
7733,2022,Weekend,Commercial & Employment Core,9,6,-3,10
7733,2023,Weekday,Commercial & Employment Core,329,375,46,572
7733,2023,Weekend,Commercial & Employment Core,128,102,-26,166
7733,2024,Weekday,Commercial & Employment Core,384,374,-10,639
7733,2024,Weekend,Commercial & Employment Core,153,157,4,255
7733,2025,Weekday,Commercial & Employment Core,292,263,-29,465
7733,2025,Weekend,Commercial & Employment Core,126,130,4,190
7734,2022,Weekday,Residential & Inner-Suburban Feeder,10,7,-3,12
7734,2022,Weekend,Residential & Inner-Suburban Feeder,6,4,-2,8
7734,2023,Weekday,Residential & Inner-Suburban Feeder,223,254,31,351
7734,2023,Weekend,Residential & Inner-Suburban Feeder,103,90,-13,131
7734,2024,Weekday,Residential & Inner-Suburban Feeder,227,264,37,368
7734,2024,Weekend,Residential & Inner-Suburban Feeder,84,85,1,106
7734,2025,Weekday,Residential & Inner-Suburban Feeder,228,257,29,398
7734,2025,Weekend,Residential & Inner-Suburban Feeder,74,94,20,134
7735,2022,Weekday,Residential & Inner-Suburban Feeder,2,1,-1,2
7735,2022,Weekend,Residential & Inner-Suburban Feeder,7,6,-1,9
7735,2023,Weekday,Residential & Inner-Suburban Feeder,67,86,19,129
7735,2023,Weekend,Residential & Inner-Suburban Feeder,60,47,-13,73
7735,2024,Weekday,Residential & Inner-Suburban Feeder,190,207,17,339
7735,2024,Weekend,Residential & Inner-Suburban Feeder,89,84,-5,139
7735,2025,Weekday,Residential & Inner-Suburban Feeder,276,313,37,487
7735,2025,Weekend,Residential & Inner-Suburban Feeder,107,112,5,165
7736,2022,Weekday,Leisure & Waterfront,1,4,3,4
7736,2022,Weekend,Leisure & Waterfront,6,4,-2,5
7736,2023,Weekday,Leisure & Waterfront,136,173,37,242
7736,2023,Weekend,Leisure & Waterfront,82,108,26,115
7736,2024,Weekday,Leisure & Waterfront,227,262,35,407
7736,2024,Weekend,Leisure & Waterfront,80,87,7,127
7736,2025,Weekday,Leisure & Waterfront,211,253,42,339
7736,2025,Weekend,Leisure & Waterfront,88,106,18,131
7737,2022,Weekday,Leisure & Waterfront,12,14,2,15
7737,2022,Weekend,Leisure & Waterfront,7,7,0,7
7737,2023,Weekday,Leisure & Waterfront,267,260,-7,413
7737,2023,Weekend,Leisure & Waterfront,157,195,38,185
7737,2024,Weekday,Leisure & Waterfront,208,198,-10,280
7737,2024,Weekend,Leisure & Waterfront,239,232,-7,227
7737,2025,Weekday,Leisure & Waterfront,282,306,24,332
7737,2025,Weekend,Leisure & Waterfront,166,195,29,184
7738,2022,Weekday,Residential & Inner-Suburban Feeder,11,11,0,17
7738,2022,Weekend,Residential & Inner-Suburban Feeder,6,3,-3,6
7738,2023,Weekday,Residential & Inner-Suburban Feeder,172,164,-8,248
7738,2023,Weekend,Residential & Inner-Suburban Feeder,76,87,11,112
7738,2024,Weekday,Residential & Inner-Suburban Feeder,164,143,-21,229
7738,2024,Weekend,Residential & Inner-Suburban Feeder,60,58,-2,92
7738,2025,Weekday,Residential & Inner-Suburban Feeder,385,433,48,597
7738,2025,Weekend,Residential & Inner-Suburban Feeder,145,186,41,209
7739,2022,Weekday,Residential & Inner-Suburban Feeder,15,13,-2,17
7739,2022,Weekend,Residential & Inner-Suburban Feeder,11,12,1,11
7739,2023,Weekday,Residential & Inner-Suburban Feeder,239,227,-12,352
7739,2023,Weekend,Residential & Inner-Suburban Feeder,131,113,-18,146
7739,2024,Weekday,Residential & Inner-Suburban Feeder,215,226,11,345
7739,2024,Weekend,Residential & Inner-Suburban Feeder,89,106,17,127
7739,2025,Weekday,Residential & Inner-Suburban Feeder,614,600,-14,878
7739,2025,Weekend,Residential & Inner-Suburban Feeder,242,283,41,346
7740,2022,Weekday,Leisure & Waterfront,18,13,-5,25
7740,2022,Weekend,Leisure & Waterfront,11,13,2,18
7740,2023,Weekday,Leisure & Waterfront,179,160,-19,248
7740,2023,Weekend,Leisure & Waterfront,81,68,-13,115
7740,2024,Weekday,Leisure & Waterfront,132,114,-18,202
7740,2024,Weekend,Leisure & Waterfront,43,46,3,68
7740,2025,Weekday,Leisure & Waterfront,152,154,2,238
7740,2025,Weekend,Leisure & Waterfront,54,65,11,85
7741,2022,Weekday,Leisure & Waterfront,20,22,2,34
7741,2022,Weekend,Leisure & Waterfront,24,27,3,25
7741,2023,Weekday,Leisure & Waterfront,654,644,-10,903
7741,2023,Weekend,Leisure & Waterfront,344,415,71,420
7741,2024,Weekday,Leisure & Waterfront,816,866,50,1150
7741,2024,Weekend,Leisure & Waterfront,388,460,72,489
7741,2025,Weekday,Leisure & Waterfront,900,964,64,1185
7741,2025,Weekend,Leisure & Waterfront,477,527,50,545
7742,2022,Weekday,Leisure & Waterfront,15,9,-6,21
7742,2022,Weekend,Leisure & Waterfront,2,3,1,4
7742,2023,Weekday,Leisure & Waterfront,249,161,-88,331
7742,2023,Weekend,Leisure & Waterfront,101,56,-45,117
7742,2024,Weekday,Leisure & Waterfront,206,165,-41,263
7742,2024,Weekend,Leisure & Waterfront,55,38,-17,61
7742,2025,Weekday,Leisure & Waterfront,223,185,-38,271
7742,2025,Weekend,Leisure & Waterfront,70,64,-6,89
7743,2022,Weekday,Residential & Inner-Suburban Feeder,27,9,-18,34
7743,2022,Weekend,Residential & Inner-Suburban Feeder,9,9,0,12
7743,2023,Weekday,Residential & Inner-Suburban Feeder,291,196,-95,405
7743,2023,Weekend,Residential & Inner-Suburban Feeder,100,81,-19,143
7743,2024,Weekday,Residential & Inner-Suburban Feeder,252,153,-99,345
7743,2024,Weekend,Residential & Inner-Suburban Feeder,81,62,-19,104
7743,2025,Weekday,Residential & Inner-Suburban Feeder,252,180,-72,347
7743,2025,Weekend,Residential & Inner-Suburban Feeder,89,91,2,134
7744,2022,Weekday,Leisure & Waterfront,22,9,-13,23
7744,2022,Weekend,Leisure & Waterfront,7,8,1,9
7744,2023,Weekday,Leisure & Waterfront,477,306,-171,598
7744,2023,Weekend,Leisure & Waterfront,172,125,-47,209
7744,2024,Weekday,Leisure & Waterfront,357,342,-15,586
7744,2024,Weekend,Leisure & Waterfront,98,83,-15,140
7744,2025,Weekday,Leisure & Waterfront,380,395,15,604
7744,2025,Weekend,Leisure & Waterfront,111,116,5,182
7745,2022,Weekday,Leisure & Waterfront,26,20,-6,46
7745,2022,Weekend,Leisure & Waterfront,14,10,-4,23
7745,2023,Weekday,Leisure & Waterfront,424,480,56,768
7745,2023,Weekend,Leisure & Waterfront,165,193,28,305
7745,2024,Weekday,Leisure & Waterfront,493,564,71,896
7745,2024,Weekend,Leisure & Waterfront,212,231,19,372
7745,2025,Weekday,Leisure & Waterfront,577,707,130,1070
7745,2025,Weekend,Leisure & Waterfront,269,249,-20,444
7746,2022,Weekday,Residential & Inner-Suburban Feeder,35,14,-21,39
7746,2022,Weekend,Residential & Inner-Suburban Feeder,19,7,-12,18
7746,2023,Weekday,Residential & Inner-Suburban Feeder,680,492,-188,815
7746,2023,Weekend,Residential & Inner-Suburban Feeder,309,269,-40,376
7746,2024,Weekday,Residential & Inner-Suburban Feeder,687,715,28,1007
7746,2024,Weekend,Residential & Inner-Suburban Feeder,258,266,8,360
7746,2025,Weekday,Residential & Inner-Suburban Feeder,798,856,58,1114
7746,2025,Weekend,Residential & Inner-Suburban Feeder,311,373,62,454
7747,2022,Weekday,Leisure & Waterfront,13,12,-1,18
7747,2022,Weekend,Leisure & Waterfront,4,1,-3,5
7747,2023,Weekday,Leisure & Waterfront,407,343,-64,564
7747,2023,Weekend,Leisure & Waterfront,152,113,-39,198
7747,2024,Weekday,Leisure & Waterfront,379,422,43,623
7747,2024,Weekend,Leisure & Waterfront,167,148,-19,247
7747,2025,Weekday,Leisure & Waterfront,284,302,18,453
7747,2025,Weekend,Leisure & Waterfront,83,98,15,142
7748,2022,Weekday,Leisure & Waterfront,24,20,-4,37
7748,2022,Weekend,Leisure & Waterfront,9,8,-1,16
7748,2023,Weekday,Leisure & Waterfront,426,446,20,691
7748,2023,Weekend,Leisure & Waterfront,210,213,3,287
7748,2024,Weekday,Leisure & Waterfront,857,937,80,1282
7748,2024,Weekend,Leisure & Waterfront,321,307,-14,409
7748,2025,Weekday,Leisure & Waterfront,931,884,-47,1345
7748,2025,Weekend,Leisure & Waterfront,322,326,4,423
7749,2022,Weekday,Leisure & Waterfront,5,6,1,10
7749,2022,Weekend,Leisure & Waterfront,2,3,1,3
7749,2023,Weekday,Leisure & Waterfront,270,228,-42,391
7749,2023,Weekend,Leisure & Waterfront,112,106,-6,162
7749,2024,Weekday,Leisure & Waterfront,405,348,-57,602
7749,2024,Weekend,Leisure & Waterfront,161,211,50,262
7749,2025,Weekday,Leisure & Waterfront,582,554,-28,861
7749,2025,Weekend,Leisure & Waterfront,296,306,10,446
7750,2022,Weekday,Commercial & Employment Core,27,42,15,60
7750,2022,Weekend,Commercial & Employment Core,9,11,2,18
7750,2023,Weekday,Commercial & Employment Core,734,687,-47,1102
7750,2023,Weekend,Commercial & Employment Core,287,242,-45,395
7750,2024,Weekday,Commercial & Employment Core,892,922,30,1405
7750,2024,Weekend,Commercial & Employment Core,269,255,-14,388
7750,2025,Weekday,Commercial & Employment Core,613,632,19,995
7750,2025,Weekend,Commercial & Employment Core,184,170,-14,270
7751,2022,Weekday,Leisure & Waterfront,22,21,-1,40
7751,2022,Weekend,Leisure & Waterfront,4,4,0,6
7751,2023,Weekday,Leisure & Waterfront,580,553,-27,857
7751,2023,Weekend,Leisure & Waterfront,217,229,12,316
7751,2024,Weekday,Leisure & Waterfront,912,959,47,1213
7751,2024,Weekend,Leisure & Waterfront,377,349,-28,492
7751,2025,Weekday,Leisure & Waterfront,947,914,-33,1207
7751,2025,Weekend,Leisure & Waterfront,459,441,-18,556
7752,2022,Weekday,Residential & Inner-Suburban Feeder,42,29,-13,67
7752,2022,Weekend,Residential & Inner-Suburban Feeder,11,16,5,21
7752,2023,Weekday,Residential & Inner-Suburban Feeder,1574,1769,195,1946
7752,2023,Weekend,Residential & Inner-Suburban Feeder,703,737,34,754
7752,2024,Weekday,Residential & Inner-Suburban Feeder,1694,1861,167,2047
7752,2024,Weekend,Residential & Inner-Suburban Feeder,817,831,14,858
7752,2025,Weekday,Residential & Inner-Suburban Feeder,1938,2147,209,2100
7752,2025,Weekend,Residential & Inner-Suburban Feeder,923,864,-59,834
7753,2022,Weekday,Residential & Inner-Suburban Feeder,26,27,1,45
7753,2022,Weekend,Residential & Inner-Suburban Feeder,13,12,-1,17
7753,2023,Weekday,Residential & Inner-Suburban Feeder,1808,2044,236,2040
7753,2023,Weekend,Residential & Inner-Suburban Feeder,589,696,107,663
7753,2024,Weekday,Residential & Inner-Suburban Feeder,2117,2227,110,2160
7753,2024,Weekend,Residential & Inner-Suburban Feeder,696,680,-16,725
7753,2025,Weekday,Residential & Inner-Suburban Feeder,2067,2190,123,2067
7753,2025,Weekend,Residential & Inner-Suburban Feeder,665,690,25,704
7754,2022,Weekday,Leisure & Waterfront,12,10,-2,20
7754,2022,Weekend,Leisure & Waterfront,0,1,1,1
7754,2023,Weekday,Leisure & Waterfront,539,489,-50,735
7754,2023,Weekend,Leisure & Waterfront,229,216,-13,292
7754,2024,Weekday,Leisure & Waterfront,425,419,-6,649
7754,2024,Weekend,Leisure & Waterfront,176,165,-11,239
7754,2025,Weekday,Leisure & Waterfront,575,666,91,907
7754,2025,Weekend,Leisure & Waterfront,146,168,22,235
7755,2022,Weekday,Residential & Inner-Suburban Feeder,4,5,1,7
7755,2022,Weekend,Residential & Inner-Suburban Feeder,2,2,0,4
7755,2023,Weekday,Residential & Inner-Suburban Feeder,411,374,-37,616
7755,2023,Weekend,Residential & Inner-Suburban Feeder,167,142,-25,223
7755,2024,Weekday,Residential & Inner-Suburban Feeder,502,456,-46,734
7755,2024,Weekend,Residential & Inner-Suburban Feeder,185,150,-35,247
7755,2025,Weekday,Residential & Inner-Suburban Feeder,399,452,53,655
7755,2025,Weekend,Residential & Inner-Suburban Feeder,204,204,0,296
7756,2023,Weekday,Leisure & Waterfront,128,165,37,209
7756,2023,Weekend,Leisure & Waterfront,73,69,-4,80
7756,2024,Weekday,Leisure & Waterfront,85,92,7,146
7756,2024,Weekend,Leisure & Waterfront,41,32,-9,49
7756,2025,Weekday,Leisure & Waterfront,86,82,-4,113
7756,2025,Weekend,Leisure & Waterfront,38,40,2,48
7757,2022,Weekday,Commercial & Employment Core,209,230,21,219
7757,2022,Weekend,Commercial & Employment Core,40,52,12,56
7757,2023,Weekday,Commercial & Employment Core,6502,6959,457,3541
7757,2023,Weekend,Commercial & Employment Core,1904,2133,229,1287
7757,2024,Weekday,Commercial & Employment Core,17832,18306,474,4928
7757,2024,Weekend,Commercial & Employment Core,5439,5631,192,1916
7757,2025,Weekday,Commercial & Employment Core,11718,12181,463,4208
7757,2025,Weekend,Commercial & Employment Core,3844,4036,192,1685
7758,2022,Weekday,Leisure & Waterfront,1,1,0,2
7758,2022,Weekend,Leisure & Waterfront,1,1,0,2
7758,2023,Weekday,Leisure & Waterfront,132,148,16,188
7758,2023,Weekend,Leisure & Waterfront,39,46,7,59
7758,2024,Weekday,Leisure & Waterfront,76,77,1,110
7758,2024,Weekend,Leisure & Waterfront,30,28,-2,38
7758,2025,Weekday,Leisure & Waterfront,79,89,10,124
7758,2025,Weekend,Leisure & Waterfront,28,19,-9,33
7759,2022,Weekday,Commercial & Employment Core,4,5,1,7
7759,2022,Weekend,Commercial & Employment Core,2,2,0,3
7759,2023,Weekday,Commercial & Employment Core,144,152,8,215
7759,2023,Weekend,Commercial & Employment Core,55,61,6,73
7759,2024,Weekday,Commercial & Employment Core,161,193,32,270
7759,2024,Weekend,Commercial & Employment Core,61,66,5,87
7759,2025,Weekday,Commercial & Employment Core,324,369,45,424
7759,2025,Weekend,Commercial & Employment Core,111,120,9,126
7760,2022,Weekday,Residential & Inner-Suburban Feeder,46,27,-19,57
7760,2022,Weekend,Residential & Inner-Suburban Feeder,18,15,-3,23
7760,2023,Weekday,Residential & Inner-Suburban Feeder,1793,1792,-1,1928
7760,2023,Weekend,Residential & Inner-Suburban Feeder,671,629,-42,661
7760,2024,Weekday,Residential & Inner-Suburban Feeder,1969,1986,17,2069
7760,2024,Weekend,Residential & Inner-Suburban Feeder,661,690,29,736
7760,2025,Weekday,Residential & Inner-Suburban Feeder,2528,2414,-114,2327
7760,2025,Weekend,Residential & Inner-Suburban Feeder,693,768,75,749
7761,2023,Weekday,Commercial & Employment Core,6970,7046,76,3941
7761,2023,Weekend,Commercial & Employment Core,2312,2348,36,1528
7761,2024,Weekday,Commercial & Employment Core,8121,8136,15,4519
7761,2024,Weekend,Commercial & Employment Core,2717,2819,102,1707
7761,2025,Weekday,Commercial & Employment Core,8471,8820,349,4357
7761,2025,Weekend,Commercial & Employment Core,2891,3059,168,1702
7762,2023,Weekday,Commercial & Employment Core,10138,9814,-324,3741
7762,2023,Weekend,Commercial & Employment Core,2371,2433,62,1405
7762,2024,Weekday,Commercial & Employment Core,11727,11578,-149,4074
7762,2024,Weekend,Commercial & Employment Core,2761,2748,-13,1614
7762,2025,Weekday,Commercial & Employment Core,11023,11134,111,4087
7762,2025,Weekend,Commercial & Employment Core,2524,2565,41,1488
7763,2023,Weekday,Unassigned,0,1,1,1
7765,2023,Weekday,Commercial & Employment Core,843,756,-87,1132
7765,2023,Weekend,Commercial & Employment Core,335,328,-7,443
7765,2024,Weekday,Commercial & Employment Core,1009,1034,25,1445
7765,2024,Weekend,Commercial & Employment Core,420,419,-1,574
7765,2025,Weekday,Commercial & Employment Core,1110,1188,78,1582
7765,2025,Weekend,Commercial & Employment Core,499,508,9,630
7766,2023,Weekday,Commercial & Employment Core,9265,8941,-324,3723
7766,2023,Weekend,Commercial & Employment Core,3980,3820,-160,1544
7766,2024,Weekday,Commercial & Employment Core,11347,10732,-615,4558
7766,2024,Weekend,Commercial & Employment Core,4683,4519,-164,1883
7766,2025,Weekday,Commercial & Employment Core,10083,10175,92,4266
7766,2025,Weekend,Commercial & Employment Core,4301,4344,43,1743
7767,2023,Weekday,Commercial & Employment Core,184,176,-8,301
7767,2023,Weekend,Commercial & Employment Core,51,55,4,88
7767,2024,Weekday,Commercial & Employment Core,175,161,-14,297
7767,2024,Weekend,Commercial & Employment Core,50,40,-10,81
7767,2025,Weekday,Commercial & Employment Core,260,234,-26,347
7767,2025,Weekend,Commercial & Employment Core,70,78,8,112
7768,2023,Weekday,Commercial & Employment Core,7089,7099,10,3317
7768,2023,Weekend,Commercial & Employment Core,1993,2051,58,1214
7768,2024,Weekday,Commercial & Employment Core,12667,12604,-63,4382
7768,2024,Weekend,Commercial & Employment Core,3113,3317,204,1655
7768,2025,Weekday,Commercial & Employment Core,15090,15390,300,4535
7768,2025,Weekend,Commercial & Employment Core,3924,4181,257,1733
7769,2023,Weekday,Commercial & Employment Core,302,307,5,488
7769,2023,Weekend,Commercial & Employment Core,101,108,7,155
7769,2024,Weekday,Commercial & Employment Core,539,499,-40,802
7769,2024,Weekend,Commercial & Employment Core,131,143,12,202
7769,2025,Weekday,Commercial & Employment Core,593,639,46,924
7769,2025,Weekend,Commercial & Employment Core,162,167,5,230
7770,2023,Weekday,Commercial & Employment Core,11539,11927,388,3623
7770,2023,Weekend,Commercial & Employment Core,4350,4438,88,1503
7770,2024,Weekday,Commercial & Employment Core,14963,15250,287,4526
7770,2024,Weekend,Commercial & Employment Core,5324,5503,179,1767
7770,2025,Weekday,Commercial & Employment Core,12833,13007,174,4450
7770,2025,Weekend,Commercial & Employment Core,4583,5042,459,1721
7771,2023,Weekday,Residential & Inner-Suburban Feeder,1559,1560,1,1770
7771,2023,Weekend,Residential & Inner-Suburban Feeder,659,652,-7,764
7771,2024,Weekday,Residential & Inner-Suburban Feeder,2304,2301,-3,2457
7771,2024,Weekend,Residential & Inner-Suburban Feeder,859,926,67,1005
7771,2025,Weekday,Residential & Inner-Suburban Feeder,2143,2348,205,2188
7771,2025,Weekend,Residential & Inner-Suburban Feeder,806,877,71,867
7772,2023,Weekday,Commercial & Employment Core,11821,11356,-465,3653
7772,2023,Weekend,Commercial & Employment Core,3590,3630,40,1547
7772,2024,Weekday,Commercial & Employment Core,13711,13803,92,4663
7772,2024,Weekend,Commercial & Employment Core,3799,3899,100,1886
7772,2025,Weekday,Commercial & Employment Core,15209,15251,42,4518
7772,2025,Weekend,Commercial & Employment Core,4132,4204,72,1762
7773,2023,Weekday,Leisure & Waterfront,423,414,-9,607
7773,2023,Weekend,Leisure & Waterfront,182,168,-14,242
7773,2024,Weekday,Leisure & Waterfront,614,582,-32,905
7773,2024,Weekend,Leisure & Waterfront,197,207,10,278
7773,2025,Weekday,Leisure & Waterfront,462,496,34,677
7773,2025,Weekend,Leisure & Waterfront,161,171,10,231
7774,2023,Weekday,Leisure & Waterfront,139,115,-24,178
7774,2023,Weekend,Leisure & Waterfront,63,50,-13,69
7774,2024,Weekday,Leisure & Waterfront,145,134,-11,239
7774,2024,Weekend,Leisure & Waterfront,61,60,-1,85
7774,2025,Weekday,Leisure & Waterfront,103,117,14,172
7774,2025,Weekend,Leisure & Waterfront,32,37,5,52
7775,2023,Weekday,Leisure & Waterfront,131,132,1,189
7775,2023,Weekend,Leisure & Waterfront,58,72,14,89
7775,2024,Weekday,Leisure & Waterfront,252,266,14,400
7775,2024,Weekend,Leisure & Waterfront,114,115,1,175
7775,2025,Weekday,Leisure & Waterfront,189,209,20,339
7775,2025,Weekend,Leisure & Waterfront,109,126,17,193
7776,2023,Weekday,Leisure & Waterfront,380,433,53,522
7776,2023,Weekend,Leisure & Waterfront,120,160,40,162
7776,2024,Weekday,Leisure & Waterfront,637,610,-27,879
7776,2024,Weekend,Leisure & Waterfront,124,125,1,199
7776,2025,Weekday,Leisure & Waterfront,655,667,12,930
7776,2025,Weekend,Leisure & Waterfront,156,183,27,252
7777,2023,Weekday,Residential & Inner-Suburban Feeder,863,882,19,1125
7777,2023,Weekend,Residential & Inner-Suburban Feeder,314,335,21,430
7777,2024,Weekday,Residential & Inner-Suburban Feeder,942,946,4,1326
7777,2024,Weekend,Residential & Inner-Suburban Feeder,324,385,61,534
7777,2025,Weekday,Residential & Inner-Suburban Feeder,1050,1113,63,1366
7777,2025,Weekend,Residential & Inner-Suburban Feeder,421,453,32,585
7778,2023,Weekday,Residential & Inner-Suburban Feeder,397,448,51,600
7778,2023,Weekend,Residential & Inner-Suburban Feeder,178,170,-8,232
7778,2024,Weekday,Residential & Inner-Suburban Feeder,340,379,39,599
7778,2024,Weekend,Residential & Inner-Suburban Feeder,155,147,-8,251
7778,2025,Weekday,Residential & Inner-Suburban Feeder,403,407,4,653
7778,2025,Weekend,Residential & Inner-Suburban Feeder,200,208,8,310
7779,2023,Weekday,Residential & Inner-Suburban Feeder,793,779,-14,1068
7779,2023,Weekend,Residential & Inner-Suburban Feeder,320,360,40,397
7779,2024,Weekday,Residential & Inner-Suburban Feeder,477,493,16,734
7779,2024,Weekend,Residential & Inner-Suburban Feeder,129,144,15,197
7779,2025,Weekday,Residential & Inner-Suburban Feeder,655,676,21,957
7779,2025,Weekend,Residential & Inner-Suburban Feeder,189,202,13,272
7780,2023,Weekday,Residential & Inner-Suburban Feeder,1097,925,-172,1301
7780,2023,Weekend,Residential & Inner-Suburban Feeder,375,362,-13,461
7780,2024,Weekday,Residential & Inner-Suburban Feeder,2477,1753,-724,2143
7780,2024,Weekend,Residential & Inner-Suburban Feeder,608,568,-40,679
7780,2025,Weekday,Residential & Inner-Suburban Feeder,1553,1425,-128,1753
7780,2025,Weekend,Residential & Inner-Suburban Feeder,652,618,-34,720
7781,2023,Weekday,Residential & Inner-Suburban Feeder,1781,1670,-111,1818
7781,2023,Weekend,Residential & Inner-Suburban Feeder,576,567,-9,669
7781,2024,Weekday,Residential & Inner-Suburban Feeder,3570,2594,-976,2758
7781,2024,Weekend,Residential & Inner-Suburban Feeder,908,834,-74,953
7781,2025,Weekday,Residential & Inner-Suburban Feeder,2654,2446,-208,2391
7781,2025,Weekend,Residential & Inner-Suburban Feeder,932,895,-37,932
7782,2023,Weekday,Commercial & Employment Core,660,573,-87,829
7782,2023,Weekend,Commercial & Employment Core,203,209,6,271
7782,2024,Weekday,Commercial & Employment Core,523,477,-46,756
7782,2024,Weekend,Commercial & Employment Core,186,171,-15,256
7782,2025,Weekday,Commercial & Employment Core,564,521,-43,782
7782,2025,Weekend,Commercial & Employment Core,248,200,-48,292
7783,2023,Weekday,Commercial & Employment Core,438,465,27,632
7783,2023,Weekend,Commercial & Employment Core,114,140,26,175
7783,2024,Weekday,Commercial & Employment Core,377,368,-9,581
7783,2024,Weekend,Commercial & Employment Core,104,137,33,188
7783,2025,Weekday,Commercial & Employment Core,584,551,-33,743
7783,2025,Weekend,Commercial & Employment Core,196,221,25,273
7784,2023,Weekday,Leisure & Waterfront,722,801,79,791
7784,2023,Weekend,Leisure & Waterfront,449,449,0,344
7784,2024,Weekday,Leisure & Waterfront,756,795,39,793
7784,2024,Weekend,Leisure & Waterfront,422,434,12,350
7784,2025,Weekday,Leisure & Waterfront,848,887,39,829
7784,2025,Weekend,Leisure & Waterfront,558,548,-10,418
7785,2023,Weekday,Leisure & Waterfront,186,181,-5,249
7785,2023,Weekend,Leisure & Waterfront,89,79,-10,111
7785,2024,Weekday,Leisure & Waterfront,222,231,9,364
7785,2024,Weekend,Leisure & Waterfront,96,90,-6,120
7785,2025,Weekday,Leisure & Waterfront,281,295,14,378
7785,2025,Weekend,Leisure & Waterfront,123,112,-11,135
7787,2023,Weekday,Leisure & Waterfront,3565,3970,405,2128
7787,2023,Weekend,Leisure & Waterfront,2045,2119,74,918
7787,2024,Weekday,Leisure & Waterfront,6138,6681,543,3388
7787,2024,Weekend,Leisure & Waterfront,3077,3216,139,1350
7787,2025,Weekday,Leisure & Waterfront,6640,6904,264,3347
7787,2025,Weekend,Leisure & Waterfront,3597,3657,60,1344
7788,2023,Weekday,Commercial & Employment Core,8693,9304,611,2664
7788,2023,Weekend,Commercial & Employment Core,3658,3987,329,1060
7788,2024,Weekday,Commercial & Employment Core,14866,15533,667,4328
7788,2024,Weekend,Commercial & Employment Core,5644,6252,608,1640
7788,2025,Weekday,Commercial & Employment Core,16550,16867,317,4110
7788,2025,Weekend,Commercial & Employment Core,6496,6838,342,1581
7789,2023,Weekday,Residential & Inner-Suburban Feeder,629,182,-447,466
7789,2023,Weekend,Residential & Inner-Suburban Feeder,266,80,-186,186
7789,2024,Weekday,Residential & Inner-Suburban Feeder,2744,1440,-1304,2201
7789,2024,Weekend,Residential & Inner-Suburban Feeder,988,437,-551,750
7789,2025,Weekday,Residential & Inner-Suburban Feeder,3812,1558,-2254,2355
7789,2025,Weekend,Residential & Inner-Suburban Feeder,1477,577,-900,958
7790,2023,Weekday,Residential & Inner-Suburban Feeder,4931,5248,317,2497
7790,2023,Weekend,Residential & Inner-Suburban Feeder,1920,2023,103,1060
7790,2024,Weekday,Residential & Inner-Suburban Feeder,9542,9498,-44,4289
7790,2024,Weekend,Residential & Inner-Suburban Feeder,3239,3206,-33,1714
7790,2025,Weekday,Residential & Inner-Suburban Feeder,10034,10058,24,4050
7790,2025,Weekend,Residential & Inner-Suburban Feeder,3743,3732,-11,1666
7791,2023,Weekday,Commercial & Employment Core,5574,5725,151,2618
7791,2023,Weekend,Commercial & Employment Core,2642,2615,-27,1067
7791,2024,Weekday,Commercial & Employment Core,10325,10493,168,4292
7791,2024,Weekend,Commercial & Employment Core,4584,4691,107,1755
7791,2025,Weekday,Commercial & Employment Core,12118,12451,333,4202
7791,2025,Weekend,Commercial & Employment Core,6151,6131,-20,1724
7792,2023,Weekday,Commercial & Employment Core,1126,1105,-21,535
7792,2023,Weekend,Commercial & Employment Core,501,495,-6,224
7792,2024,Weekday,Commercial & Employment Core,5564,5762,198,2213
7792,2024,Weekend,Commercial & Employment Core,2168,2191,23,951
7792,2025,Weekday,Commercial & Employment Core,10814,11073,259,4039
7792,2025,Weekend,Commercial & Employment Core,4032,4138,106,1676
7793,2024,Weekend,Leisure & Waterfront,1,5,4,4
7793,2025,Weekend,Leisure & Waterfront,0,1,1,1
7794,2023,Weekday,Commercial & Employment Core,4581,4747,166,2183
7794,2023,Weekend,Commercial & Employment Core,1728,1850,122,909
7794,2024,Weekday,Commercial & Employment Core,8228,8312,84,3947
7794,2024,Weekend,Commercial & Employment Core,2538,2784,246,1485
7794,2025,Weekday,Commercial & Employment Core,8478,8694,216,3982
7794,2025,Weekend,Commercial & Employment Core,2661,2899,238,1440
7795,2023,Weekday,Commercial & Employment Core,3011,2913,-98,2203
7795,2023,Weekend,Commercial & Employment Core,1255,1238,-17,936
7795,2024,Weekday,Commercial & Employment Core,1910,1813,-97,1599
7795,2024,Weekend,Commercial & Employment Core,762,775,13,670
7796,2023,Weekday,Residential & Inner-Suburban Feeder,6504,6834,330,2403
7796,2023,Weekend,Residential & Inner-Suburban Feeder,2525,2535,10,1024
7796,2024,Weekday,Residential & Inner-Suburban Feeder,13917,14440,523,4761
7796,2024,Weekend,Residential & Inner-Suburban Feeder,5240,5272,32,2012
7796,2025,Weekday,Residential & Inner-Suburban Feeder,12911,13151,240,4580
7796,2025,Weekend,Residential & Inner-Suburban Feeder,5158,5205,47,1966
7798,2023,Weekday,Residential & Inner-Suburban Feeder,3503,3600,97,1885
7798,2023,Weekend,Residential & Inner-Suburban Feeder,1328,1340,12,817
7798,2024,Weekday,Residential & Inner-Suburban Feeder,9474,9587,113,3849
7798,2024,Weekend,Residential & Inner-Suburban Feeder,3493,3577,84,1669
7798,2025,Weekday,Residential & Inner-Suburban Feeder,10148,10348,200,4109
7798,2025,Weekend,Residential & Inner-Suburban Feeder,3923,3915,-8,1699
7799,2023,Weekday,Commercial & Employment Core,178,184,6,297
7799,2023,Weekend,Commercial & Employment Core,68,76,8,106
7799,2024,Weekday,Commercial & Employment Core,438,428,-10,694
7799,2024,Weekend,Commercial & Employment Core,170,147,-23,249
7799,2025,Weekday,Commercial & Employment Core,399,470,71,670
7799,2025,Weekend,Commercial & Employment Core,184,183,-1,268
7800,2023,Weekday,Leisure & Waterfront,60,46,-14,63
7800,2023,Weekend,Leisure & Waterfront,29,35,6,42
7800,2024,Weekday,Leisure & Waterfront,113,96,-17,114
7800,2024,Weekend,Leisure & Waterfront,58,59,1,68
7800,2025,Weekday,Leisure & Waterfront,143,157,14,192
7800,2025,Weekend,Leisure & Waterfront,72,66,-6,80
7801,2023,Weekday,Leisure & Waterfront,34,41,7,51
7801,2023,Weekend,Leisure & Waterfront,30,25,-5,38
7801,2024,Weekday,Leisure & Waterfront,49,75,26,99
7801,2024,Weekend,Leisure & Waterfront,34,50,16,61
7801,2025,Weekday,Leisure & Waterfront,47,99,52,119
7801,2025,Weekend,Leisure & Waterfront,32,38,6,51
7802,2023,Weekday,Residential & Inner-Suburban Feeder,1589,1644,55,1507
7802,2023,Weekend,Residential & Inner-Suburban Feeder,714,721,7,656
7802,2024,Weekday,Residential & Inner-Suburban Feeder,5344,5368,24,3699
7802,2024,Weekend,Residential & Inner-Suburban Feeder,2032,2101,69,1510
7802,2025,Weekday,Residential & Inner-Suburban Feeder,4254,4366,112,3246
7802,2025,Weekend,Residential & Inner-Suburban Feeder,1634,1638,4,1289
7803,2023,Weekday,Leisure & Waterfront,88,93,5,160
7803,2023,Weekend,Leisure & Waterfront,30,34,4,46
7803,2024,Weekday,Leisure & Waterfront,180,244,64,380
7803,2024,Weekend,Leisure & Waterfront,57,71,14,115
7803,2025,Weekday,Leisure & Waterfront,175,245,70,348
7803,2025,Weekend,Leisure & Waterfront,70,90,20,125
7804,2023,Weekday,Residential & Inner-Suburban Feeder,859,877,18,1047
7804,2023,Weekend,Residential & Inner-Suburban Feeder,338,348,10,414
7804,2024,Weekday,Residential & Inner-Suburban Feeder,2292,2342,50,2472
7804,2024,Weekend,Residential & Inner-Suburban Feeder,835,836,1,941
7804,2025,Weekday,Residential & Inner-Suburban Feeder,3382,3478,96,3020
7804,2025,Weekend,Residential & Inner-Suburban Feeder,1272,1320,48,1194
7805,2023,Weekday,Commercial & Employment Core,151,144,-7,257
7805,2023,Weekend,Commercial & Employment Core,72,53,-19,97
7805,2024,Weekday,Commercial & Employment Core,255,315,60,436
7805,2024,Weekend,Commercial & Employment Core,133,132,-1,198
7805,2025,Weekday,Commercial & Employment Core,453,505,52,702
7805,2025,Weekend,Commercial & Employment Core,207,189,-18,268
7806,2023,Weekday,Leisure & Waterfront,180,182,2,287
7806,2023,Weekend,Leisure & Waterfront,45,44,-1,67
7806,2024,Weekday,Leisure & Waterfront,248,237,-11,397
7806,2024,Weekend,Leisure & Waterfront,133,116,-17,193
7806,2025,Weekday,Leisure & Waterfront,248,247,-1,406
7806,2025,Weekend,Leisure & Waterfront,98,116,18,160
7807,2023,Weekday,Commercial & Employment Core,77,76,-1,137
7807,2023,Weekend,Commercial & Employment Core,44,40,-4,70
7807,2024,Weekday,Commercial & Employment Core,145,94,-51,211
7807,2024,Weekend,Commercial & Employment Core,65,52,-13,103
7807,2025,Weekday,Commercial & Employment Core,61,71,10,111
7807,2025,Weekend,Commercial & Employment Core,26,38,12,55
7808,2023,Weekday,Leisure & Waterfront,49,31,-18,74
7808,2023,Weekend,Leisure & Waterfront,23,18,-5,34
7808,2024,Weekday,Leisure & Waterfront,119,94,-25,181
7808,2024,Weekend,Leisure & Waterfront,25,43,18,58
7808,2025,Weekday,Leisure & Waterfront,121,134,13,205
7808,2025,Weekend,Leisure & Waterfront,48,56,8,75
7809,2023,Weekday,Residential & Inner-Suburban Feeder,44,40,-4,71
7809,2023,Weekend,Residential & Inner-Suburban Feeder,24,20,-4,32
7809,2024,Weekday,Residential & Inner-Suburban Feeder,126,151,25,230
7809,2024,Weekend,Residential & Inner-Suburban Feeder,52,57,5,103
7809,2025,Weekday,Residential & Inner-Suburban Feeder,74,117,43,176
7809,2025,Weekend,Residential & Inner-Suburban Feeder,31,39,8,61
7810,2023,Weekday,Commercial & Employment Core,4458,4351,-107,1865
7810,2023,Weekend,Commercial & Employment Core,1646,1614,-32,763
7810,2024,Weekday,Commercial & Employment Core,12111,11543,-568,4673
7810,2024,Weekend,Commercial & Employment Core,4190,4074,-116,1791
7810,2025,Weekday,Commercial & Employment Core,13229,13143,-86,4428
7810,2025,Weekend,Commercial & Employment Core,4691,4833,142,1733
7811,2023,Weekday,Residential & Inner-Suburban Feeder,53,39,-14,64
7811,2023,Weekend,Residential & Inner-Suburban Feeder,19,17,-2,31
7811,2024,Weekday,Residential & Inner-Suburban Feeder,149,102,-47,211
7811,2024,Weekend,Residential & Inner-Suburban Feeder,76,86,10,104
7811,2025,Weekday,Residential & Inner-Suburban Feeder,341,320,-21,519
7811,2025,Weekend,Residential & Inner-Suburban Feeder,160,156,-4,236
7812,2023,Weekday,Leisure & Waterfront,32,28,-4,31
7812,2023,Weekend,Leisure & Waterfront,19,15,-4,18
7812,2024,Weekday,Leisure & Waterfront,43,49,6,59
7812,2024,Weekend,Leisure & Waterfront,28,34,6,38
7812,2025,Weekday,Leisure & Waterfront,79,80,1,97
7812,2025,Weekend,Leisure & Waterfront,45,48,3,62
7813,2023,Weekday,Residential & Inner-Suburban Feeder,401,209,-192,422
7813,2023,Weekend,Residential & Inner-Suburban Feeder,159,82,-77,158
7813,2024,Weekday,Residential & Inner-Suburban Feeder,2710,1106,-1604,1822
7813,2024,Weekend,Residential & Inner-Suburban Feeder,613,308,-305,533
7813,2025,Weekday,Residential & Inner-Suburban Feeder,2101,973,-1128,1571
7813,2025,Weekend,Residential & Inner-Suburban Feeder,626,340,-286,547
7814,2023,Weekday,Leisure & Waterfront,21,29,8,35
7814,2023,Weekend,Leisure & Waterfront,12,18,6,21
7814,2024,Weekday,Leisure & Waterfront,59,56,-3,96
7814,2024,Weekend,Leisure & Waterfront,47,47,0,65
7814,2025,Weekday,Leisure & Waterfront,105,164,59,170
7814,2025,Weekend,Leisure & Waterfront,66,57,-9,72
7815,2023,Weekday,Residential & Inner-Suburban Feeder,774,735,-39,891
7815,2023,Weekend,Residential & Inner-Suburban Feeder,283,286,3,341
7815,2024,Weekday,Residential & Inner-Suburban Feeder,2196,2084,-112,2359
7815,2024,Weekend,Residential & Inner-Suburban Feeder,680,686,6,836
7815,2025,Weekday,Residential & Inner-Suburban Feeder,2559,2341,-218,2523
7815,2025,Weekend,Residential & Inner-Suburban Feeder,801,867,66,921
7816,2023,Weekday,Commercial & Employment Core,5290,5728,438,1756
7816,2023,Weekend,Commercial & Employment Core,1800,1988,188,653
7816,2024,Weekday,Commercial & Employment Core,18749,20214,1465,4810
7816,2024,Weekend,Commercial & Employment Core,6257,7175,918,1897
7816,2025,Weekday,Commercial & Employment Core,21314,22184,870,4707
7816,2025,Weekend,Commercial & Employment Core,7140,8084,944,1845
7817,2023,Weekday,Commercial & Employment Core,2584,2738,154,1478
7817,2023,Weekend,Commercial & Employment Core,1006,1092,86,627
7817,2024,Weekday,Commercial & Employment Core,11059,11455,396,4394
7817,2024,Weekend,Commercial & Employment Core,4066,4124,58,1728
7817,2025,Weekday,Commercial & Employment Core,13471,13605,134,4325
7817,2025,Weekend,Commercial & Employment Core,5448,5523,75,1793
7818,2023,Weekday,Residential & Inner-Suburban Feeder,874,783,-91,907
7818,2023,Weekend,Residential & Inner-Suburban Feeder,302,234,-68,297
7818,2024,Weekday,Residential & Inner-Suburban Feeder,4394,3388,-1006,2964
7818,2024,Weekend,Residential & Inner-Suburban Feeder,1111,956,-155,959
7818,2025,Weekday,Residential & Inner-Suburban Feeder,4396,3604,-792,2905
7818,2025,Weekend,Residential & Inner-Suburban Feeder,1446,1302,-144,1114
7819,2023,Weekday,Residential & Inner-Suburban Feeder,173,160,-13,276
7819,2023,Weekend,Residential & Inner-Suburban Feeder,50,59,9,87
7819,2024,Weekday,Residential & Inner-Suburban Feeder,488,451,-37,713
7819,2024,Weekend,Residential & Inner-Suburban Feeder,164,169,5,243
7819,2025,Weekday,Residential & Inner-Suburban Feeder,517,585,68,822
7819,2025,Weekend,Residential & Inner-Suburban Feeder,172,189,17,269
7820,2023,Weekday,Residential & Inner-Suburban Feeder,784,362,-422,688
7820,2023,Weekend,Residential & Inner-Suburban Feeder,178,120,-58,206
7820,2024,Weekday,Residential & Inner-Suburban Feeder,2606,1387,-1219,2110
7820,2024,Weekend,Residential & Inner-Suburban Feeder,803,465,-338,725
7820,2025,Weekday,Residential & Inner-Suburban Feeder,2585,1446,-1139,2128
7820,2025,Weekend,Residential & Inner-Suburban Feeder,865,504,-361,761
7821,2023,Weekday,Residential & Inner-Suburban Feeder,2693,2607,-86,1502
7821,2023,Weekend,Residential & Inner-Suburban Feeder,1017,1085,68,621
7821,2024,Weekday,Residential & Inner-Suburban Feeder,7888,8126,238,4132
7821,2024,Weekend,Residential & Inner-Suburban Feeder,2786,3041,255,1674
7821,2025,Weekday,Residential & Inner-Suburban Feeder,8262,8331,69,4037
7821,2025,Weekend,Residential & Inner-Suburban Feeder,3326,3378,52,1612
7822,2023,Weekday,Leisure & Waterfront,491,563,72,646
7822,2023,Weekend,Leisure & Waterfront,307,348,41,297
7822,2024,Weekday,Leisure & Waterfront,2774,3052,278,2312
7822,2024,Weekend,Leisure & Waterfront,1762,1803,41,917
7822,2025,Weekday,Leisure & Waterfront,2300,2565,265,2061
7822,2025,Weekend,Leisure & Waterfront,1407,1482,75,807
7823,2023,Weekday,Residential & Inner-Suburban Feeder,332,285,-47,475
7823,2023,Weekend,Residential & Inner-Suburban Feeder,108,89,-19,146
7823,2024,Weekday,Residential & Inner-Suburban Feeder,1181,1139,-42,1587
7823,2024,Weekend,Residential & Inner-Suburban Feeder,422,452,30,614
7823,2025,Weekday,Residential & Inner-Suburban Feeder,925,890,-35,1149
7823,2025,Weekend,Residential & Inner-Suburban Feeder,263,280,17,365
7824,2023,Weekday,Commercial & Employment Core,102,99,-3,172
7824,2023,Weekend,Commercial & Employment Core,46,41,-5,72
7824,2024,Weekday,Commercial & Employment Core,334,387,53,606
7824,2024,Weekend,Commercial & Employment Core,163,151,-12,260
7824,2025,Weekday,Commercial & Employment Core,267,286,19,454
7824,2025,Weekend,Commercial & Employment Core,107,107,0,168
7825,2023,Weekday,Leisure & Waterfront,22,17,-5,32
7825,2023,Weekend,Leisure & Waterfront,15,13,-2,13
7825,2024,Weekday,Leisure & Waterfront,82,61,-21,101
7825,2024,Weekend,Leisure & Waterfront,31,30,-1,42
7825,2025,Weekday,Leisure & Waterfront,34,25,-9,54
7825,2025,Weekend,Leisure & Waterfront,19,29,10,32
7826,2023,Weekday,Residential & Inner-Suburban Feeder,563,676,113,749
7826,2023,Weekend,Residential & Inner-Suburban Feeder,272,306,34,301
7826,2024,Weekday,Residential & Inner-Suburban Feeder,2911,3115,204,2704
7826,2024,Weekend,Residential & Inner-Suburban Feeder,1260,1386,126,1102
7826,2025,Weekday,Residential & Inner-Suburban Feeder,3700,3751,51,2935
7826,2025,Weekend,Residential & Inner-Suburban Feeder,1442,1518,76,1096
7827,2023,Weekday,Residential & Inner-Suburban Feeder,154,135,-19,234
7827,2023,Weekend,Residential & Inner-Suburban Feeder,72,41,-31,85
7827,2024,Weekday,Residential & Inner-Suburban Feeder,1219,1051,-168,1536
7827,2024,Weekend,Residential & Inner-Suburban Feeder,429,354,-75,536
7827,2025,Weekday,Residential & Inner-Suburban Feeder,1290,1160,-130,1689
7827,2025,Weekend,Residential & Inner-Suburban Feeder,477,383,-94,575
7828,2023,Weekday,Leisure & Waterfront,39,30,-9,60
7828,2023,Weekend,Leisure & Waterfront,22,18,-4,32
7828,2024,Weekday,Leisure & Waterfront,157,174,17,278
7828,2024,Weekend,Leisure & Waterfront,50,53,3,83
7828,2025,Weekday,Leisure & Waterfront,162,167,5,265
7828,2025,Weekend,Leisure & Waterfront,49,65,16,83
7829,2023,Weekday,Leisure & Waterfront,101,98,-3,172
7829,2023,Weekend,Leisure & Waterfront,31,46,15,64
7829,2024,Weekday,Leisure & Waterfront,218,253,35,405
7829,2024,Weekend,Leisure & Waterfront,93,139,46,196
7829,2025,Weekday,Leisure & Waterfront,249,313,64,446
7829,2025,Weekend,Leisure & Waterfront,88,143,55,174
7830,2023,Weekday,Residential & Inner-Suburban Feeder,26,38,12,55
7830,2023,Weekend,Residential & Inner-Suburban Feeder,18,22,4,32
7830,2024,Weekday,Residential & Inner-Suburban Feeder,338,365,27,595
7830,2024,Weekend,Residential & Inner-Suburban Feeder,98,101,3,172
7830,2025,Weekday,Residential & Inner-Suburban Feeder,131,169,38,264
7830,2025,Weekend,Residential & Inner-Suburban Feeder,63,63,0,102
7831,2023,Weekday,Leisure & Waterfront,21,35,14,44
7831,2023,Weekend,Leisure & Waterfront,12,18,6,23
7831,2024,Weekday,Leisure & Waterfront,176,178,2,299
7831,2024,Weekend,Leisure & Waterfront,80,95,15,147
7831,2025,Weekday,Leisure & Waterfront,157,144,-13,240
7831,2025,Weekend,Leisure & Waterfront,65,71,6,106
7832,2023,Weekday,Leisure & Waterfront,49,54,5,79
7832,2023,Weekend,Leisure & Waterfront,20,21,1,28
7832,2024,Weekday,Leisure & Waterfront,523,500,-23,720
7832,2024,Weekend,Leisure & Waterfront,215,222,7,287
7832,2025,Weekday,Leisure & Waterfront,1101,1102,1,1351
7832,2025,Weekend,Leisure & Waterfront,442,458,16,480
7833,2023,Weekday,Leisure & Waterfront,83,44,-39,115
7833,2023,Weekend,Leisure & Waterfront,18,14,-4,25
7833,2024,Weekday,Leisure & Waterfront,381,348,-33,585
7833,2024,Weekend,Leisure & Waterfront,130,113,-17,180
7833,2025,Weekday,Leisure & Waterfront,340,309,-31,509
7833,2025,Weekend,Leisure & Waterfront,117,131,14,180
7834,2023,Weekday,Leisure & Waterfront,34,43,9,64
7834,2023,Weekend,Leisure & Waterfront,9,7,-2,15
7834,2024,Weekday,Leisure & Waterfront,180,193,13,309
7834,2024,Weekend,Leisure & Waterfront,79,79,0,128
7834,2025,Weekday,Leisure & Waterfront,167,190,23,301
7834,2025,Weekend,Leisure & Waterfront,61,44,-17,80
7835,2023,Weekday,Leisure & Waterfront,13,32,19,42
7835,2023,Weekend,Leisure & Waterfront,4,5,1,8
7835,2024,Weekday,Leisure & Waterfront,98,150,52,203
7835,2024,Weekend,Leisure & Waterfront,32,42,10,57
7835,2025,Weekday,Leisure & Waterfront,245,274,29,447
7835,2025,Weekend,Leisure & Waterfront,48,75,27,106
7836,2023,Weekday,Leisure & Waterfront,70,40,-30,97
7836,2023,Weekend,Leisure & Waterfront,35,23,-12,47
7836,2024,Weekday,Leisure & Waterfront,382,322,-60,598
7836,2024,Weekend,Leisure & Waterfront,171,144,-27,252
7836,2025,Weekday,Leisure & Waterfront,366,364,-2,571
7836,2025,Weekend,Leisure & Waterfront,134,150,16,223
7837,2023,Weekday,Leisure & Waterfront,6,11,5,9
7837,2023,Weekend,Leisure & Waterfront,5,5,0,7
7837,2024,Weekday,Leisure & Waterfront,99,103,4,146
7837,2024,Weekend,Leisure & Waterfront,50,38,-12,55
7837,2025,Weekday,Leisure & Waterfront,83,93,10,129
7837,2025,Weekend,Leisure & Waterfront,45,40,-5,56
7838,2023,Weekday,Leisure & Waterfront,150,169,19,248
7838,2023,Weekend,Leisure & Waterfront,58,62,4,91
7838,2024,Weekday,Leisure & Waterfront,1549,1762,213,1803
7838,2024,Weekend,Leisure & Waterfront,663,692,29,671
7838,2025,Weekday,Leisure & Waterfront,1324,1596,272,1583
7838,2025,Weekend,Leisure & Waterfront,636,689,53,606
7839,2023,Weekday,Leisure & Waterfront,38,39,1,69
7839,2023,Weekend,Leisure & Waterfront,13,12,-1,20
7839,2024,Weekday,Leisure & Waterfront,407,407,0,626
7839,2024,Weekend,Leisure & Waterfront,141,159,18,203
7839,2025,Weekday,Leisure & Waterfront,482,495,13,735
7839,2025,Weekend,Leisure & Waterfront,230,194,-36,300
7840,2023,Weekday,Leisure & Waterfront,15,18,3,19
7840,2023,Weekend,Leisure & Waterfront,5,3,-2,6
7840,2024,Weekday,Leisure & Waterfront,288,283,-5,447
7840,2024,Weekend,Leisure & Waterfront,126,140,14,192
7840,2025,Weekday,Leisure & Waterfront,216,220,4,358
7840,2025,Weekend,Leisure & Waterfront,106,138,32,174
7841,2023,Weekday,Leisure & Waterfront,46,54,8,82
7841,2023,Weekend,Leisure & Waterfront,21,25,4,35
7841,2024,Weekday,Leisure & Waterfront,895,865,-30,1210
7841,2024,Weekend,Leisure & Waterfront,263,296,33,402
7841,2025,Weekday,Leisure & Waterfront,804,790,-14,1134
7841,2025,Weekend,Leisure & Waterfront,306,361,55,451
7842,2023,Weekday,Residential & Inner-Suburban Feeder,19,30,11,46
7842,2023,Weekend,Residential & Inner-Suburban Feeder,7,18,11,21
7842,2024,Weekday,Residential & Inner-Suburban Feeder,422,407,-15,637
7842,2024,Weekend,Residential & Inner-Suburban Feeder,120,146,26,191
7842,2025,Weekday,Residential & Inner-Suburban Feeder,500,562,62,799
7842,2025,Weekend,Residential & Inner-Suburban Feeder,140,160,20,230
7843,2023,Weekday,Leisure & Waterfront,46,44,-2,72
7843,2023,Weekend,Leisure & Waterfront,27,24,-3,41
7843,2024,Weekday,Leisure & Waterfront,776,812,36,1162
7843,2024,Weekend,Leisure & Waterfront,273,292,19,364
7843,2025,Weekday,Leisure & Waterfront,1453,1478,25,1697
7843,2025,Weekend,Leisure & Waterfront,462,538,76,576
7844,2023,Weekday,Leisure & Waterfront,55,71,16,98
7844,2023,Weekend,Leisure & Waterfront,34,34,0,52
7844,2024,Weekday,Leisure & Waterfront,720,802,82,1052
7844,2024,Weekend,Leisure & Waterfront,354,331,-23,430
7844,2025,Weekday,Leisure & Waterfront,720,846,126,1044
7844,2025,Weekend,Leisure & Waterfront,448,441,-7,507
7845,2023,Weekday,Residential & Inner-Suburban Feeder,35,53,18,69
7845,2023,Weekend,Residential & Inner-Suburban Feeder,21,21,0,26
7845,2024,Weekday,Residential & Inner-Suburban Feeder,463,561,98,784
7845,2024,Weekend,Residential & Inner-Suburban Feeder,204,218,14,294
7845,2025,Weekday,Residential & Inner-Suburban Feeder,635,740,105,1002
7845,2025,Weekend,Residential & Inner-Suburban Feeder,178,203,25,277
7846,2023,Weekday,Leisure & Waterfront,26,25,-1,43
7846,2023,Weekend,Leisure & Waterfront,8,8,0,15
7846,2024,Weekday,Leisure & Waterfront,503,514,11,707
7846,2024,Weekend,Leisure & Waterfront,242,242,0,348
7846,2025,Weekday,Leisure & Waterfront,716,669,-47,1017
7846,2025,Weekend,Leisure & Waterfront,269,329,60,403
7848,2023,Weekday,Residential & Inner-Suburban Feeder,223,215,-8,279
7848,2023,Weekend,Residential & Inner-Suburban Feeder,80,74,-6,88
7848,2024,Weekday,Residential & Inner-Suburban Feeder,3464,3358,-106,3125
7848,2024,Weekend,Residential & Inner-Suburban Feeder,1190,1105,-85,1083
7848,2025,Weekday,Residential & Inner-Suburban Feeder,4398,4168,-230,3240
7848,2025,Weekend,Residential & Inner-Suburban Feeder,1374,1245,-129,1148
7849,2023,Weekday,Leisure & Waterfront,26,22,-4,35
7849,2023,Weekend,Leisure & Waterfront,9,8,-1,12
7849,2024,Weekday,Leisure & Waterfront,178,167,-11,247
7849,2024,Weekend,Leisure & Waterfront,43,37,-6,61
7849,2025,Weekday,Leisure & Waterfront,244,254,10,410
7849,2025,Weekend,Leisure & Waterfront,92,100,8,138
7850,2023,Weekday,Commercial & Employment Core,1368,1457,89,806
7850,2023,Weekend,Commercial & Employment Core,546,573,27,344
7850,2024,Weekday,Commercial & Employment Core,14784,15165,381,4640
7850,2024,Weekend,Commercial & Employment Core,4874,5018,144,1914
7850,2025,Weekday,Commercial & Employment Core,19652,19894,242,4728
7850,2025,Weekend,Commercial & Employment Core,7164,7243,79,1958
7851,2023,Weekday,Leisure & Waterfront,16,14,-2,23
7851,2023,Weekend,Leisure & Waterfront,6,4,-2,8
7851,2024,Weekday,Leisure & Waterfront,179,152,-27,243
7851,2024,Weekend,Leisure & Waterfront,69,92,23,115
7851,2025,Weekday,Leisure & Waterfront,227,261,34,404
7851,2025,Weekend,Leisure & Waterfront,89,102,13,149
7852,2023,Weekday,Leisure & Waterfront,10,14,4,20
7852,2023,Weekend,Leisure & Waterfront,3,2,-1,2
7852,2024,Weekday,Leisure & Waterfront,271,332,61,467
7852,2024,Weekend,Leisure & Waterfront,94,112,18,158
7852,2025,Weekday,Leisure & Waterfront,197,189,-8,319
7852,2025,Weekend,Leisure & Waterfront,71,95,24,116
7853,2023,Weekday,Leisure & Waterfront,6,11,5,15
7853,2023,Weekend,Leisure & Waterfront,11,4,-7,13
7853,2024,Weekday,Leisure & Waterfront,60,78,18,110
7853,2024,Weekend,Leisure & Waterfront,23,23,0,37
7853,2025,Weekday,Leisure & Waterfront,65,83,18,127
7853,2025,Weekend,Leisure & Waterfront,30,39,9,54
7854,2023,Weekday,Leisure & Waterfront,35,19,-16,49
7854,2023,Weekend,Leisure & Waterfront,7,7,0,12
7854,2024,Weekday,Leisure & Waterfront,338,345,7,569
7854,2024,Weekend,Leisure & Waterfront,157,173,16,242
7854,2025,Weekday,Leisure & Waterfront,260,291,31,474
7854,2025,Weekend,Leisure & Waterfront,107,113,6,156
7855,2023,Weekday,Residential & Inner-Suburban Feeder,38,30,-8,59
7855,2023,Weekend,Residential & Inner-Suburban Feeder,11,9,-2,15
7855,2024,Weekday,Residential & Inner-Suburban Feeder,210,200,-10,334
7855,2024,Weekend,Residential & Inner-Suburban Feeder,74,84,10,129
7855,2025,Weekday,Residential & Inner-Suburban Feeder,326,388,62,568
7855,2025,Weekend,Residential & Inner-Suburban Feeder,115,113,-2,173
7856,2023,Weekday,Leisure & Waterfront,5,20,15,25
7856,2023,Weekend,Leisure & Waterfront,3,3,0,5
7856,2024,Weekday,Leisure & Waterfront,126,180,54,236
7856,2024,Weekend,Leisure & Waterfront,87,87,0,113
7856,2025,Weekday,Leisure & Waterfront,123,146,23,205
7856,2025,Weekend,Leisure & Waterfront,71,70,-1,98
7857,2023,Weekday,Leisure & Waterfront,8,7,-1,13
7857,2023,Weekend,Leisure & Waterfront,6,4,-2,7
7857,2024,Weekday,Leisure & Waterfront,297,264,-33,444
7857,2024,Weekend,Leisure & Waterfront,98,105,7,161
7857,2025,Weekday,Leisure & Waterfront,303,313,10,516
7857,2025,Weekend,Leisure & Waterfront,79,71,-8,123
7858,2023,Weekday,Leisure & Waterfront,41,33,-8,56
7858,2023,Weekend,Leisure & Waterfront,10,8,-2,14
7858,2024,Weekday,Leisure & Waterfront,393,385,-8,640
7858,2024,Weekend,Leisure & Waterfront,163,176,13,254
7858,2025,Weekday,Leisure & Waterfront,379,406,27,616
7858,2025,Weekend,Leisure & Waterfront,141,170,29,243
7859,2023,Weekday,Leisure & Waterfront,23,9,-14,29
7859,2023,Weekend,Leisure & Waterfront,12,6,-6,14
7859,2024,Weekday,Leisure & Waterfront,144,136,-8,204
7859,2024,Weekend,Leisure & Waterfront,108,104,-4,126
7859,2025,Weekday,Leisure & Waterfront,59,61,2,76
7859,2025,Weekend,Leisure & Waterfront,54,52,-2,77
7860,2023,Weekday,Leisure & Waterfront,3,6,3,8
7860,2023,Weekend,Leisure & Waterfront,6,7,1,6
7860,2024,Weekday,Leisure & Waterfront,155,165,10,180
7860,2024,Weekend,Leisure & Waterfront,74,81,7,84
7860,2025,Weekday,Leisure & Waterfront,82,85,3,114
7860,2025,Weekend,Leisure & Waterfront,78,69,-9,89
7861,2023,Weekday,Leisure & Waterfront,2,4,2,5
7861,2023,Weekend,Leisure & Waterfront,1,2,1,3
7861,2024,Weekday,Leisure & Waterfront,69,83,14,127
7861,2024,Weekend,Leisure & Waterfront,39,41,2,62
7861,2025,Weekday,Leisure & Waterfront,174,209,35,326
7861,2025,Weekend,Leisure & Waterfront,67,78,11,107
7862,2023,Weekday,Leisure & Waterfront,7,5,-2,12
7862,2023,Weekend,Leisure & Waterfront,1,2,1,3
7862,2024,Weekday,Leisure & Waterfront,164,147,-17,267
7862,2024,Weekend,Leisure & Waterfront,53,57,4,88
7862,2025,Weekday,Leisure & Waterfront,150,163,13,257
7862,2025,Weekend,Leisure & Waterfront,47,60,13,89
7863,2023,Weekday,Leisure & Waterfront,1,2,1,2
7863,2023,Weekend,Leisure & Waterfront,1,0,-1,1
7863,2024,Weekday,Leisure & Waterfront,47,51,4,82
7863,2024,Weekend,Leisure & Waterfront,25,29,4,45
7863,2025,Weekday,Leisure & Waterfront,76,80,4,134
7863,2025,Weekend,Leisure & Waterfront,27,32,5,47
7864,2023,Weekday,Commercial & Employment Core,660,537,-123,483
7864,2023,Weekend,Commercial & Employment Core,142,135,-7,148
7864,2024,Weekday,Commercial & Employment Core,8195,7690,-505,3834
7864,2024,Weekend,Commercial & Employment Core,1862,1849,-13,1259
7864,2025,Weekday,Commercial & Employment Core,8454,8407,-47,3693
7864,2025,Weekend,Commercial & Employment Core,1963,2041,78,1317
7865,2023,Weekday,Leisure & Waterfront,9,13,4,18
7865,2023,Weekend,Leisure & Waterfront,4,10,6,12
7865,2024,Weekday,Leisure & Waterfront,284,162,-122,304
7865,2024,Weekend,Leisure & Waterfront,154,79,-75,148
7865,2025,Weekday,Leisure & Waterfront,223,140,-83,277
7865,2025,Weekend,Leisure & Waterfront,94,58,-36,101
7866,2023,Weekday,Commercial & Employment Core,117,100,-17,161
7866,2023,Weekend,Commercial & Employment Core,40,35,-5,57
7866,2024,Weekday,Commercial & Employment Core,6167,3914,-2253,3355
7866,2024,Weekend,Commercial & Employment Core,2194,1518,-676,1291
7866,2025,Weekday,Commercial & Employment Core,6690,4493,-2197,3560
7866,2025,Weekend,Commercial & Employment Core,2682,1715,-967,1386
7867,2023,Weekday,Commercial & Employment Core,26,20,-6,37
7867,2023,Weekend,Commercial & Employment Core,7,4,-3,10
7867,2024,Weekday,Commercial & Employment Core,3359,2015,-1344,2394
7867,2024,Weekend,Commercial & Employment Core,1107,623,-484,830
7867,2025,Weekday,Commercial & Employment Core,4632,2937,-1695,2798
7867,2025,Weekend,Commercial & Employment Core,1480,969,-511,1005
7868,2023,Weekday,Leisure & Waterfront,10,4,-6,13
7868,2023,Weekend,Leisure & Waterfront,8,2,-6,6
7868,2024,Weekday,Leisure & Waterfront,215,185,-30,329
7868,2024,Weekend,Leisure & Waterfront,46,36,-10,64
7868,2025,Weekday,Leisure & Waterfront,287,221,-66,351
7868,2025,Weekend,Leisure & Waterfront,85,78,-7,102
7869,2023,Weekday,Leisure & Waterfront,6,7,1,10
7869,2023,Weekend,Leisure & Waterfront,4,3,-1,4
7869,2024,Weekday,Leisure & Waterfront,68,86,18,112
7869,2024,Weekend,Leisure & Waterfront,44,44,0,60
7869,2025,Weekday,Leisure & Waterfront,5,8,3,12
7869,2025,Weekend,Leisure & Waterfront,1,2,1,3
7870,2023,Weekday,Leisure & Waterfront,15,18,3,31
7870,2023,Weekend,Leisure & Waterfront,4,7,3,11
7870,2024,Weekday,Leisure & Waterfront,170,169,-1,294
7870,2024,Weekend,Leisure & Waterfront,39,53,14,68
7870,2025,Weekday,Leisure & Waterfront,177,182,5,319
7870,2025,Weekend,Leisure & Waterfront,55,74,19,101
7871,2023,Weekday,Leisure & Waterfront,8,4,-4,11
7871,2023,Weekend,Leisure & Waterfront,1,3,2,4
7871,2024,Weekday,Leisure & Waterfront,48,33,-15,70
7871,2024,Weekend,Leisure & Waterfront,28,15,-13,34
7871,2025,Weekday,Leisure & Waterfront,80,100,20,156
7871,2025,Weekend,Leisure & Waterfront,38,26,-12,55
7872,2023,Weekday,Commercial & Employment Core,28,24,-4,40
7872,2023,Weekend,Commercial & Employment Core,15,14,-1,26
7872,2024,Weekday,Commercial & Employment Core,370,393,23,562
7872,2024,Weekend,Commercial & Employment Core,123,142,19,195
7872,2025,Weekday,Commercial & Employment Core,347,372,25,495
7872,2025,Weekend,Commercial & Employment Core,180,192,12,240
7873,2023,Weekday,Commercial & Employment Core,11,5,-6,14
7873,2023,Weekend,Commercial & Employment Core,5,2,-3,7
7873,2024,Weekday,Commercial & Employment Core,238,243,5,384
7873,2024,Weekend,Commercial & Employment Core,113,102,-11,154
7873,2025,Weekday,Commercial & Employment Core,311,358,47,472
7873,2025,Weekend,Commercial & Employment Core,119,124,5,174
7874,2023,Weekday,Commercial & Employment Core,27,34,7,47
7874,2023,Weekend,Commercial & Employment Core,17,17,0,26
7874,2024,Weekday,Commercial & Employment Core,501,486,-15,674
7874,2024,Weekend,Commercial & Employment Core,181,164,-17,259
7874,2025,Weekday,Commercial & Employment Core,506,518,12,692
7874,2025,Weekend,Commercial & Employment Core,220,198,-22,262
7875,2023,Weekday,Leisure & Waterfront,2,1,-1,3
7875,2024,Weekday,Leisure & Waterfront,39,49,10,61
7875,2024,Weekend,Leisure & Waterfront,10,11,1,18
7875,2025,Weekday,Leisure & Waterfront,30,31,1,50
7875,2025,Weekend,Leisure & Waterfront,13,16,3,22
7876,2023,Weekday,Leisure & Waterfront,3,5,2,5
7876,2023,Weekend,Leisure & Waterfront,1,1,0,1
7876,2024,Weekday,Leisure & Waterfront,101,111,10,157
7876,2024,Weekend,Leisure & Waterfront,34,38,4,52
7876,2025,Weekday,Leisure & Waterfront,187,194,7,306
7876,2025,Weekend,Leisure & Waterfront,71,79,8,126
7877,2023,Weekday,Commercial & Employment Core,2,2,0,3
7877,2024,Weekday,Commercial & Employment Core,43,43,0,58
7877,2024,Weekend,Commercial & Employment Core,13,19,6,23
7877,2025,Weekday,Commercial & Employment Core,46,51,5,66
7877,2025,Weekend,Commercial & Employment Core,18,24,6,31
7878,2023,Weekday,Leisure & Waterfront,7,7,0,9
7878,2023,Weekend,Leisure & Waterfront,1,1,0,2
7878,2024,Weekday,Leisure & Waterfront,73,79,6,130
7878,2024,Weekend,Leisure & Waterfront,51,49,-2,74
7878,2025,Weekday,Leisure & Waterfront,75,69,-6,111
7878,2025,Weekend,Leisure & Waterfront,39,47,8,61
7879,2023,Weekday,Leisure & Waterfront,3,2,-1,3
7879,2023,Weekend,Leisure & Waterfront,3,2,-1,3
7879,2024,Weekday,Leisure & Waterfront,79,73,-6,111
7879,2024,Weekend,Leisure & Waterfront,31,37,6,41
7879,2025,Weekday,Leisure & Waterfront,91,117,26,156
7879,2025,Weekend,Leisure & Waterfront,48,53,5,67
7880,2023,Weekday,Leisure & Waterfront,1,1,0,1
7880,2023,Weekend,Leisure & Waterfront,1,2,1,2
7880,2024,Weekday,Leisure & Waterfront,23,18,-5,28
7880,2024,Weekend,Leisure & Waterfront,22,22,0,25
7880,2025,Weekday,Leisure & Waterfront,26,29,3,37
7880,2025,Weekend,Leisure & Waterfront,13,20,7,21
7881,2023,Weekday,Commercial & Employment Core,167,196,29,218
7881,2023,Weekend,Commercial & Employment Core,57,65,8,73
7881,2024,Weekday,Commercial & Employment Core,4818,4913,95,3176
7881,2024,Weekend,Commercial & Employment Core,2079,2050,-29,1175
7881,2025,Weekday,Commercial & Employment Core,6215,6464,249,3331
7881,2025,Weekend,Commercial & Employment Core,2929,2919,-10,1265
7882,2023,Weekday,Leisure & Waterfront,2,1,-1,2
7882,2023,Weekend,Leisure & Waterfront,1,2,1,2
7882,2024,Weekday,Leisure & Waterfront,86,66,-20,104
7882,2024,Weekend,Leisure & Waterfront,28,23,-5,31
7882,2025,Weekday,Leisure & Waterfront,105,72,-33,138
7882,2025,Weekend,Leisure & Waterfront,54,37,-17,60
7883,2023,Weekday,Leisure & Waterfront,3,6,3,6
7883,2024,Weekday,Leisure & Waterfront,198,184,-14,299
7883,2024,Weekend,Leisure & Waterfront,90,87,-3,123
7883,2025,Weekday,Leisure & Waterfront,193,200,7,305
7883,2025,Weekend,Leisure & Waterfront,128,140,12,188
7884,2023,Weekday,Leisure & Waterfront,2,1,-1,3
7884,2024,Weekday,Leisure & Waterfront,268,318,50,492
7884,2024,Weekend,Leisure & Waterfront,66,90,24,120
7884,2025,Weekday,Leisure & Waterfront,169,185,16,289
7884,2025,Weekend,Leisure & Waterfront,47,53,6,74
7885,2023,Weekday,Leisure & Waterfront,0,1,1,1
7885,2023,Weekend,Leisure & Waterfront,2,2,0,4
7885,2024,Weekday,Leisure & Waterfront,120,124,4,172
7885,2024,Weekend,Leisure & Waterfront,80,88,8,115
7885,2025,Weekday,Leisure & Waterfront,202,250,48,318
7885,2025,Weekend,Leisure & Waterfront,124,109,-15,157
7886,2023,Weekday,Leisure & Waterfront,2,0,-2,2
7886,2023,Weekend,Leisure & Waterfront,2,2,0,2
7886,2024,Weekday,Leisure & Waterfront,85,94,9,125
7886,2024,Weekend,Leisure & Waterfront,28,31,3,46
7886,2025,Weekday,Leisure & Waterfront,134,145,11,206
7886,2025,Weekend,Leisure & Waterfront,37,37,0,52
7887,2023,Weekday,Residential & Inner-Suburban Feeder,125,154,29,175
7887,2023,Weekend,Residential & Inner-Suburban Feeder,53,76,23,84
7887,2024,Weekday,Residential & Inner-Suburban Feeder,7386,5296,-2090,3320
7887,2024,Weekend,Residential & Inner-Suburban Feeder,2280,2178,-102,1242
7887,2025,Weekday,Residential & Inner-Suburban Feeder,9884,6651,-3233,3343
7887,2025,Weekend,Residential & Inner-Suburban Feeder,3196,2731,-465,1217
7888,2023,Weekday,Residential & Inner-Suburban Feeder,12,11,-1,21
7888,2023,Weekend,Residential & Inner-Suburban Feeder,1,0,-1,1
7888,2024,Weekday,Residential & Inner-Suburban Feeder,266,344,78,513
7888,2024,Weekend,Residential & Inner-Suburban Feeder,134,102,-32,175
7888,2025,Weekday,Residential & Inner-Suburban Feeder,218,251,33,394
7888,2025,Weekend,Residential & Inner-Suburban Feeder,95,111,16,156
7889,2023,Weekday,Residential & Inner-Suburban Feeder,11,12,1,22
7889,2023,Weekend,Residential & Inner-Suburban Feeder,11,16,5,23
7889,2024,Weekday,Residential & Inner-Suburban Feeder,443,507,64,764
7889,2024,Weekend,Residential & Inner-Suburban Feeder,204,254,50,330
7889,2025,Weekday,Residential & Inner-Suburban Feeder,479,594,115,850
7889,2025,Weekend,Residential & Inner-Suburban Feeder,251,250,-1,361
7890,2023,Weekday,Residential & Inner-Suburban Feeder,29,17,-12,40
7890,2023,Weekend,Residential & Inner-Suburban Feeder,21,12,-9,24
7890,2024,Weekday,Residential & Inner-Suburban Feeder,786,712,-74,1117
7890,2024,Weekend,Residential & Inner-Suburban Feeder,279,208,-71,375
7890,2025,Weekday,Residential & Inner-Suburban Feeder,1588,1404,-184,1780
7890,2025,Weekend,Residential & Inner-Suburban Feeder,552,459,-93,608
7891,2023,Weekday,Leisure & Waterfront,1,2,1,3
7891,2023,Weekend,Leisure & Waterfront,0,1,1,1
7891,2024,Weekday,Leisure & Waterfront,188,176,-12,294
7891,2024,Weekend,Leisure & Waterfront,82,76,-6,120
7891,2025,Weekday,Leisure & Waterfront,370,391,21,587
7891,2025,Weekend,Leisure & Waterfront,126,136,10,169
7892,2023,Weekday,Residential & Inner-Suburban Feeder,28,21,-7,40
7892,2023,Weekend,Residential & Inner-Suburban Feeder,9,12,3,15
7892,2024,Weekday,Residential & Inner-Suburban Feeder,1524,1093,-431,1569
7892,2024,Weekend,Residential & Inner-Suburban Feeder,417,378,-39,557
7892,2025,Weekday,Residential & Inner-Suburban Feeder,7,2,-5,9
7892,2025,Weekend,Residential & Inner-Suburban Feeder,2,4,2,6
7893,2023,Weekday,Leisure & Waterfront,7,15,8,21
7893,2023,Weekend,Leisure & Waterfront,2,2,0,4
7893,2024,Weekday,Leisure & Waterfront,462,491,29,760
7893,2024,Weekend,Leisure & Waterfront,184,205,21,299
7893,2025,Weekday,Leisure & Waterfront,495,518,23,775
7893,2025,Weekend,Leisure & Waterfront,219,218,-1,323
7894,2024,Weekday,Leisure & Waterfront,802,804,2,1013
7894,2024,Weekend,Leisure & Waterfront,328,348,20,425
7894,2025,Weekday,Leisure & Waterfront,1049,1147,98,1373
7894,2025,Weekend,Leisure & Waterfront,418,465,47,563
7895,2023,Weekday,Leisure & Waterfront,23,14,-9,28
7895,2023,Weekend,Leisure & Waterfront,3,5,2,7
7895,2024,Weekday,Leisure & Waterfront,724,738,14,1031
7895,2024,Weekend,Leisure & Waterfront,267,280,13,359
7895,2025,Weekday,Leisure & Waterfront,807,851,44,1152
7895,2025,Weekend,Leisure & Waterfront,254,296,42,357
7896,2023,Weekday,Leisure & Waterfront,33,19,-14,46
7896,2023,Weekend,Leisure & Waterfront,7,5,-2,11
7896,2024,Weekday,Leisure & Waterfront,548,508,-40,850
7896,2024,Weekend,Leisure & Waterfront,237,253,16,358
7896,2025,Weekday,Leisure & Waterfront,430,472,42,682
7896,2025,Weekend,Leisure & Waterfront,187,215,28,285
7897,2023,Weekday,Leisure & Waterfront,14,7,-7,17
7897,2023,Weekend,Leisure & Waterfront,1,4,3,5
7897,2024,Weekday,Leisure & Waterfront,617,676,59,940
7897,2024,Weekend,Leisure & Waterfront,225,294,69,336
7897,2025,Weekday,Leisure & Waterfront,835,867,32,1120
7897,2025,Weekend,Leisure & Waterfront,426,452,26,532
7898,2023,Weekday,Commuter-Heavy Transit Hub,187,179,-8,220
7898,2023,Weekend,Commuter-Heavy Transit Hub,42,33,-9,53
7898,2024,Weekday,Commuter-Heavy Transit Hub,4001,3902,-99,2827
7898,2024,Weekend,Commuter-Heavy Transit Hub,485,479,-6,577
7898,2025,Weekday,Commuter-Heavy Transit Hub,4759,4726,-33,2839
7898,2025,Weekend,Commuter-Heavy Transit Hub,621,643,22,688
7899,2023,Weekday,Commuter-Heavy Transit Hub,405,374,-31,302
7899,2023,Weekend,Commuter-Heavy Transit Hub,75,74,-1,78
7899,2024,Weekday,Commuter-Heavy Transit Hub,11804,11069,-735,3758
7899,2024,Weekend,Commuter-Heavy Transit Hub,2155,1716,-439,1346
7899,2025,Weekday,Commuter-Heavy Transit Hub,13683,13192,-491,3857
7899,2025,Weekend,Commuter-Heavy Transit Hub,2651,1987,-664,1383
7900,2023,Weekday,Commercial & Employment Core,302,306,4,281
7900,2023,Weekend,Commercial & Employment Core,83,84,1,104
7900,2024,Weekday,Commercial & Employment Core,6277,6286,9,3826
7900,2024,Weekend,Commercial & Employment Core,1424,1477,53,1313
7900,2025,Weekday,Commercial & Employment Core,6317,6303,-14,3782
7900,2025,Weekend,Commercial & Employment Core,1644,1652,8,1385
7901,2023,Weekday,Commercial & Employment Core,9,7,-2,13
7901,2023,Weekend,Commercial & Employment Core,2,2,0,4
7901,2024,Weekday,Commercial & Employment Core,392,315,-77,530
7901,2024,Weekend,Commercial & Employment Core,140,138,-2,193
7901,2025,Weekday,Commercial & Employment Core,280,253,-27,411
7901,2025,Weekend,Commercial & Employment Core,118,112,-6,176
7902,2023,Weekday,Leisure & Waterfront,2,0,-2,2
7902,2023,Weekend,Leisure & Waterfront,2,1,-1,3
7902,2024,Weekday,Leisure & Waterfront,219,203,-16,352
7902,2024,Weekend,Leisure & Waterfront,119,110,-9,168
7902,2025,Weekday,Leisure & Waterfront,172,181,9,285
7902,2025,Weekend,Leisure & Waterfront,104,101,-3,152
7903,2023,Weekday,Residential & Inner-Suburban Feeder,14,12,-2,20
7903,2023,Weekend,Residential & Inner-Suburban Feeder,5,7,2,8
7903,2024,Weekday,Residential & Inner-Suburban Feeder,460,463,3,742
7903,2024,Weekend,Residential & Inner-Suburban Feeder,165,183,18,269
7903,2025,Weekday,Residential & Inner-Suburban Feeder,558,570,12,859
7903,2025,Weekend,Residential & Inner-Suburban Feeder,225,222,-3,319
7904,2023,Weekday,Commercial & Employment Core,79,73,-6,95
7904,2023,Weekend,Commercial & Employment Core,35,34,-1,41
7904,2024,Weekday,Commercial & Employment Core,5958,6188,230,3600
7904,2024,Weekend,Commercial & Employment Core,2115,2260,145,1445
7904,2025,Weekday,Commercial & Employment Core,6524,6656,132,3696
7904,2025,Weekend,Commercial & Employment Core,2470,2601,131,1471
7905,2023,Weekday,Commercial & Employment Core,106,108,2,138
7905,2023,Weekend,Commercial & Employment Core,52,46,-6,57
7905,2024,Weekday,Commercial & Employment Core,1500,1485,-15,1345
7905,2024,Weekend,Commercial & Employment Core,502,484,-18,504
7906,2023,Weekday,Commercial & Employment Core,93,99,6,95
7906,2023,Weekend,Commercial & Employment Core,54,55,1,46
7906,2024,Weekday,Commercial & Employment Core,17362,17773,411,4714
7906,2024,Weekend,Commercial & Employment Core,6109,6342,233,1880
7906,2025,Weekday,Commercial & Employment Core,12787,12785,-2,3831
7906,2025,Weekend,Commercial & Employment Core,4269,4269,0,1444
7907,2023,Weekday,Commercial & Employment Core,22,19,-3,30
7907,2023,Weekend,Commercial & Employment Core,17,8,-9,20
7907,2024,Weekday,Commercial & Employment Core,10678,5130,-5548,3943
7907,2024,Weekend,Commercial & Employment Core,3907,2027,-1880,1577
7907,2025,Weekday,Commercial & Employment Core,13674,6836,-6838,3999
7907,2025,Weekend,Commercial & Employment Core,6501,3106,-3395,1690
7909,2023,Weekday,Leisure & Waterfront,2,1,-1,2
7909,2023,Weekend,Leisure & Waterfront,0,1,1,1
7909,2024,Weekday,Leisure & Waterfront,508,618,110,594
7909,2024,Weekend,Leisure & Waterfront,390,390,0,326
7909,2025,Weekday,Leisure & Waterfront,534,633,99,581
7909,2025,Weekend,Leisure & Waterfront,495,532,37,380
7910,2023,Weekday,Residential & Inner-Suburban Feeder,7,10,3,15
7910,2023,Weekend,Residential & Inner-Suburban Feeder,6,5,-1,7
7910,2024,Weekday,Residential & Inner-Suburban Feeder,908,959,51,1356
7910,2024,Weekend,Residential & Inner-Suburban Feeder,307,340,33,449
7910,2025,Weekday,Residential & Inner-Suburban Feeder,1412,1628,216,1727
7910,2025,Weekend,Residential & Inner-Suburban Feeder,531,593,62,656
7911,2023,Weekday,Commuter-Heavy Transit Hub,85,93,8,74
7911,2023,Weekend,Commuter-Heavy Transit Hub,7,10,3,10
7911,2024,Weekday,Commuter-Heavy Transit Hub,6324,6437,113,3301
7911,2024,Weekend,Commuter-Heavy Transit Hub,590,548,-42,682
7911,2025,Weekday,Commuter-Heavy Transit Hub,6656,7009,353,3210
7911,2025,Weekend,Commuter-Heavy Transit Hub,884,917,33,900
7912,2023,Weekday,Residential & Inner-Suburban Feeder,57,73,16,72
7912,2023,Weekend,Residential & Inner-Suburban Feeder,40,34,-6,44
7912,2024,Weekday,Residential & Inner-Suburban Feeder,10530,10728,198,4518
7912,2024,Weekend,Residential & Inner-Suburban Feeder,4201,4267,66,1877
7912,2025,Weekday,Residential & Inner-Suburban Feeder,10442,10800,358,4197
7912,2025,Weekend,Residential & Inner-Suburban Feeder,3862,4026,164,1767
7913,2023,Weekday,Commuter-Heavy Transit Hub,12,1,-11,12
7913,2023,Weekend,Commuter-Heavy Transit Hub,6,5,-1,9
7913,2024,Weekday,Commuter-Heavy Transit Hub,12797,12436,-361,3986
7913,2024,Weekend,Commuter-Heavy Transit Hub,2349,1832,-517,1366
7913,2025,Weekday,Commuter-Heavy Transit Hub,19069,17345,-1724,4380
7913,2025,Weekend,Commuter-Heavy Transit Hub,4301,2377,-1924,1649
7914,2023,Weekday,Commuter-Heavy Transit Hub,13,25,12,27
7914,2023,Weekend,Commuter-Heavy Transit Hub,2,5,3,6
7914,2024,Weekday,Commuter-Heavy Transit Hub,3853,4313,460,2618
7914,2024,Weekend,Commuter-Heavy Transit Hub,347,296,-51,433
7914,2025,Weekday,Commuter-Heavy Transit Hub,4670,4885,215,2573
7914,2025,Weekend,Commuter-Heavy Transit Hub,477,563,86,614
7915,2023,Weekday,Leisure & Waterfront,2,0,-2,2
7915,2024,Weekday,Leisure & Waterfront,450,430,-20,718
7915,2024,Weekend,Leisure & Waterfront,214,226,12,345
7915,2025,Weekday,Leisure & Waterfront,483,495,12,779
7915,2025,Weekend,Leisure & Waterfront,224,258,34,360
7916,2023,Weekday,Commercial & Employment Core,16,29,13,32
7916,2023,Weekend,Commercial & Employment Core,12,19,7,21
7916,2024,Weekday,Commercial & Employment Core,5684,6050,366,3180
7916,2024,Weekend,Commercial & Employment Core,1321,1318,-3,1195
7916,2025,Weekday,Commercial & Employment Core,6691,7531,840,3388
7916,2025,Weekend,Commercial & Employment Core,1730,1709,-21,1233
7917,2023,Weekday,Commuter-Heavy Transit Hub,17,30,13,31
7917,2023,Weekend,Commuter-Heavy Transit Hub,15,14,-1,18
7917,2024,Weekday,Commuter-Heavy Transit Hub,6434,6361,-73,3325
7917,2024,Weekend,Commuter-Heavy Transit Hub,1052,1025,-27,989
7917,2025,Weekday,Commuter-Heavy Transit Hub,9597,9719,122,3449
7917,2025,Weekend,Commuter-Heavy Transit Hub,1197,1202,5,993
7918,2023,Weekday,Leisure & Waterfront,2,2,0,2
7918,2024,Weekday,Leisure & Waterfront,106,109,3,136
7918,2024,Weekend,Leisure & Waterfront,62,65,3,74
7918,2025,Weekday,Leisure & Waterfront,116,102,-14,144
7918,2025,Weekend,Leisure & Waterfront,68,61,-7,83
7919,2024,Weekday,Leisure & Waterfront,130,136,6,182
7919,2024,Weekend,Leisure & Waterfront,69,73,4,87
7919,2025,Weekday,Leisure & Waterfront,227,247,20,327
7919,2025,Weekend,Leisure & Waterfront,107,101,-6,142
7920,2024,Weekday,Leisure & Waterfront,43,46,3,55
7920,2024,Weekend,Leisure & Waterfront,13,20,7,23
7920,2025,Weekday,Leisure & Waterfront,39,42,3,61
7920,2025,Weekend,Leisure & Waterfront,14,14,0,20
7921,2024,Weekday,Leisure & Waterfront,50,52,2,75
7921,2024,Weekend,Leisure & Waterfront,43,35,-8,39
7921,2025,Weekday,Leisure & Waterfront,71,67,-4,79
7921,2025,Weekend,Leisure & Waterfront,48,52,4,57
7922,2024,Weekday,Residential & Inner-Suburban Feeder,3842,1005,-2837,2048
7922,2024,Weekend,Residential & Inner-Suburban Feeder,1169,350,-819,685
7922,2025,Weekday,Residential & Inner-Suburban Feeder,3251,1041,-2210,1968
7922,2025,Weekend,Residential & Inner-Suburban Feeder,1109,389,-720,749
7923,2024,Weekday,Leisure & Waterfront,59,57,-2,102
7923,2024,Weekend,Leisure & Waterfront,41,28,-13,55
7923,2025,Weekday,Leisure & Waterfront,125,154,29,228
7923,2025,Weekend,Leisure & Waterfront,63,80,17,106
7924,2024,Weekday,Commercial & Employment Core,8912,9028,116,3956
7924,2024,Weekend,Commercial & Employment Core,2829,2825,-4,1535
7924,2025,Weekday,Commercial & Employment Core,11287,11433,146,4259
7924,2025,Weekend,Commercial & Employment Core,3812,3706,-106,1660
7925,2024,Weekday,Residential & Inner-Suburban Feeder,9423,9515,92,4208
7925,2024,Weekend,Residential & Inner-Suburban Feeder,3059,3137,78,1635
7925,2025,Weekday,Residential & Inner-Suburban Feeder,10340,10325,-15,4238
7925,2025,Weekend,Residential & Inner-Suburban Feeder,3557,3448,-109,1651
7926,2024,Weekday,Leisure & Waterfront,830,901,71,1187
7926,2024,Weekend,Leisure & Waterfront,313,335,22,400
7926,2025,Weekday,Leisure & Waterfront,1032,1043,11,1412
7926,2025,Weekend,Leisure & Waterfront,406,454,48,541
7927,2024,Weekday,Commercial & Employment Core,19131,19160,29,4254
7927,2024,Weekend,Commercial & Employment Core,7030,7012,-18,1791
7927,2025,Weekday,Commercial & Employment Core,19659,20538,879,4645
7927,2025,Weekend,Commercial & Employment Core,7180,7412,232,1870
7928,2024,Weekday,Commuter-Heavy Transit Hub,4893,5064,171,3020
7928,2024,Weekend,Commuter-Heavy Transit Hub,929,893,-36,914
7928,2025,Weekday,Commuter-Heavy Transit Hub,7496,7630,134,3646
7928,2025,Weekend,Commuter-Heavy Transit Hub,1409,1204,-205,1165
7929,2024,Weekday,Commercial & Employment Core,8444,8735,291,3808
7929,2024,Weekend,Commercial & Employment Core,2942,2989,47,1536
7929,2025,Weekday,Commercial & Employment Core,7848,7878,30,4114
7929,2025,Weekend,Commercial & Employment Core,2548,2676,128,1582
7930,2024,Weekday,Commercial & Employment Core,827,956,129,1189
7930,2024,Weekend,Commercial & Employment Core,340,372,32,472
7930,2025,Weekday,Commercial & Employment Core,1212,1302,90,1563
7930,2025,Weekend,Commercial & Employment Core,508,519,11,627
7931,2024,Weekday,Leisure & Waterfront,101,110,9,189
7931,2024,Weekend,Leisure & Waterfront,117,123,6,158
7931,2025,Weekday,Leisure & Waterfront,184,208,24,343
7931,2025,Weekend,Leisure & Waterfront,120,148,28,190
7932,2024,Weekday,Residential & Inner-Suburban Feeder,1851,2201,350,1906
7932,2024,Weekend,Residential & Inner-Suburban Feeder,711,920,209,698
7932,2025,Weekday,Residential & Inner-Suburban Feeder,2897,3297,400,2489
7932,2025,Weekend,Residential & Inner-Suburban Feeder,1038,1277,239,877
7933,2024,Weekday,Commercial & Employment Core,14369,15133,764,3554
7933,2024,Weekend,Commercial & Employment Core,3320,3261,-59,1411
7933,2025,Weekday,Commercial & Employment Core,18884,20832,1948,4781
7933,2025,Weekend,Commercial & Employment Core,4245,4073,-172,1867
7934,2024,Weekday,Leisure & Waterfront,422,378,-44,513
7934,2024,Weekend,Leisure & Waterfront,184,190,6,224
7934,2025,Weekday,Leisure & Waterfront,536,439,-97,653
7934,2025,Weekend,Leisure & Waterfront,290,222,-68,291
7935,2024,Weekday,Commercial & Employment Core,3231,2914,-317,2078
7935,2024,Weekend,Commercial & Employment Core,1096,994,-102,752
7935,2025,Weekday,Commercial & Employment Core,4456,3920,-536,2930
7935,2025,Weekend,Commercial & Employment Core,1463,1412,-51,1043
7936,2024,Weekday,Commuter-Heavy Transit Hub,2322,2099,-223,1642
7936,2024,Weekend,Commuter-Heavy Transit Hub,282,270,-12,333
7936,2025,Weekday,Commuter-Heavy Transit Hub,3282,2999,-283,2456
7936,2025,Weekend,Commuter-Heavy Transit Hub,487,480,-7,552
7937,2024,Weekday,Commercial & Employment Core,7592,7417,-175,2626
7937,2024,Weekend,Commercial & Employment Core,1862,2033,171,1009
7937,2025,Weekday,Commercial & Employment Core,13149,13151,2,4342
7937,2025,Weekend,Commercial & Employment Core,3491,3716,225,1616
7938,2024,Weekday,Commercial & Employment Core,7106,7268,162,2608
7938,2024,Weekend,Commercial & Employment Core,2262,2390,128,1086
7938,2025,Weekday,Commercial & Employment Core,14677,14732,55,4545
7938,2025,Weekend,Commercial & Employment Core,4617,4792,175,1768
7939,2024,Weekday,Leisure & Waterfront,3119,3384,265,1605
7939,2024,Weekend,Leisure & Waterfront,1952,2052,100,703
7939,2025,Weekday,Leisure & Waterfront,5051,5266,215,2782
7939,2025,Weekend,Leisure & Waterfront,3012,3177,165,1171
7940,2024,Weekday,Residential & Inner-Suburban Feeder,519,511,-8,739
7940,2024,Weekend,Residential & Inner-Suburban Feeder,239,226,-13,308
7940,2025,Weekday,Residential & Inner-Suburban Feeder,1248,921,-327,1403
7940,2025,Weekend,Residential & Inner-Suburban Feeder,531,393,-138,575
7941,2024,Weekday,Commercial & Employment Core,5845,5783,-62,2570
7941,2024,Weekend,Commercial & Employment Core,2117,2083,-34,1015
7941,2025,Weekday,Commercial & Employment Core,8903,9133,230,4383
7941,2025,Weekend,Commercial & Employment Core,3307,3375,68,1656
7942,2024,Weekday,Commercial & Employment Core,680,689,9,906
7942,2024,Weekend,Commercial & Employment Core,221,219,-2,300
7942,2025,Weekday,Commercial & Employment Core,1745,1519,-226,1839
7942,2025,Weekend,Commercial & Employment Core,548,480,-68,624
7943,2024,Weekday,Commercial & Employment Core,5956,5913,-43,2570
7943,2024,Weekend,Commercial & Employment Core,1939,1940,1,1040
7943,2025,Weekday,Commercial & Employment Core,12504,12370,-134,4825
7943,2025,Weekend,Commercial & Employment Core,3887,3965,78,1816
7944,2024,Weekday,Commercial & Employment Core,2804,2886,82,1986
7944,2024,Weekend,Commercial & Employment Core,1290,1120,-170,850
7944,2025,Weekday,Commercial & Employment Core,5507,5467,-40,3411
7944,2025,Weekend,Commercial & Employment Core,2563,2266,-297,1413
7945,2024,Weekday,Commercial & Employment Core,7130,7430,300,2471
7945,2024,Weekend,Commercial & Employment Core,2699,2785,86,960
7945,2025,Weekday,Commercial & Employment Core,16794,17100,306,4578
7945,2025,Weekend,Commercial & Employment Core,5740,6032,292,1816
7946,2024,Weekday,Commercial & Employment Core,8713,8905,192,2585
7946,2024,Weekend,Commercial & Employment Core,3061,3090,29,1056
7946,2025,Weekday,Commercial & Employment Core,18830,19062,232,4977
7946,2025,Weekend,Commercial & Employment Core,6322,6435,113,2013
7947,2024,Weekday,Commercial & Employment Core,3588,3640,52,2094
7947,2024,Weekend,Commercial & Employment Core,1555,1601,46,871
7947,2025,Weekday,Commercial & Employment Core,6359,6487,128,3716
7947,2025,Weekend,Commercial & Employment Core,2777,2870,93,1445
7948,2024,Weekday,Residential & Inner-Suburban Feeder,6861,7117,256,2459
7948,2024,Weekend,Residential & Inner-Suburban Feeder,2592,2611,19,1013
7948,2025,Weekday,Residential & Inner-Suburban Feeder,14092,14185,93,4761
7948,2025,Weekend,Residential & Inner-Suburban Feeder,4949,5103,154,1917
7949,2024,Weekday,Residential & Inner-Suburban Feeder,3901,4170,269,2082
7949,2024,Weekend,Residential & Inner-Suburban Feeder,1165,1299,134,815
7949,2025,Weekday,Residential & Inner-Suburban Feeder,5445,6078,633,2928
7949,2025,Weekend,Residential & Inner-Suburban Feeder,1710,2030,320,1111
7950,2024,Weekday,Commercial & Employment Core,1947,2424,477,1518
7950,2024,Weekend,Commercial & Employment Core,988,1320,332,606
7950,2025,Weekday,Commercial & Employment Core,4420,4871,451,2952
7950,2025,Weekend,Commercial & Employment Core,2140,2805,665,1115
7951,2024,Weekday,Commercial & Employment Core,6710,6709,-1,2349
7951,2024,Weekend,Commercial & Employment Core,2542,2484,-58,978
7951,2025,Weekday,Commercial & Employment Core,13806,13826,20,4478
7951,2025,Weekend,Commercial & Employment Core,5239,5242,3,1879
7952,2024,Weekday,Commuter-Heavy Transit Hub,4540,4325,-215,1906
7952,2024,Weekend,Commuter-Heavy Transit Hub,880,824,-56,671
7952,2025,Weekday,Commuter-Heavy Transit Hub,9558,9474,-84,3918
7952,2025,Weekend,Commuter-Heavy Transit Hub,2040,2134,94,1354
7953,2024,Weekday,Commercial & Employment Core,5482,5835,353,2080
7953,2024,Weekend,Commercial & Employment Core,1891,2153,262,871
7953,2025,Weekday,Commercial & Employment Core,18437,18301,-136,5079
7953,2025,Weekend,Commercial & Employment Core,6157,6304,147,2092
7954,2024,Weekday,Commercial & Employment Core,4706,4632,-74,2100
7954,2024,Weekend,Commercial & Employment Core,1716,1788,72,825
7954,2025,Weekday,Commercial & Employment Core,9741,9790,49,4099
7954,2025,Weekend,Commercial & Employment Core,3308,3344,36,1613
7955,2024,Weekday,Commercial & Employment Core,4524,4034,-490,2199
7955,2024,Weekend,Commercial & Employment Core,1744,1507,-237,904
7955,2025,Weekday,Commercial & Employment Core,9758,8603,-1155,4489
7955,2025,Weekend,Commercial & Employment Core,3663,3354,-309,1795
7956,2024,Weekday,Leisure & Waterfront,56,59,3,70
7956,2024,Weekend,Leisure & Waterfront,18,21,3,25
7956,2025,Weekday,Leisure & Waterfront,63,74,11,97
7956,2025,Weekend,Leisure & Waterfront,66,69,3,71
7957,2024,Weekday,Leisure & Waterfront,148,155,7,171
7957,2024,Weekend,Leisure & Waterfront,57,63,6,71
7957,2025,Weekday,Leisure & Waterfront,371,355,-16,390
7957,2025,Weekend,Leisure & Waterfront,197,186,-11,199
7958,2024,Weekday,Leisure & Waterfront,135,134,-1,210
7958,2024,Weekend,Leisure & Waterfront,31,45,14,56
7958,2025,Weekday,Leisure & Waterfront,276,283,7,432
7958,2025,Weekend,Leisure & Waterfront,110,132,22,173
7959,2024,Weekday,Leisure & Waterfront,40,37,-3,48
7959,2024,Weekend,Leisure & Waterfront,14,13,-1,18
7959,2025,Weekday,Leisure & Waterfront,63,49,-14,76
7959,2025,Weekend,Leisure & Waterfront,41,45,4,47
7960,2024,Weekday,Leisure & Waterfront,104,110,6,116
7960,2024,Weekend,Leisure & Waterfront,32,29,-3,36
7960,2025,Weekday,Leisure & Waterfront,128,107,-21,148
7960,2025,Weekend,Leisure & Waterfront,82,81,-1,91
7961,2024,Weekday,Leisure & Waterfront,104,85,-19,107
7961,2024,Weekend,Leisure & Waterfront,25,21,-4,30
7961,2025,Weekday,Leisure & Waterfront,91,103,12,129
7961,2025,Weekend,Leisure & Waterfront,44,55,11,71
7962,2024,Weekday,Leisure & Waterfront,104,112,8,135
7962,2024,Weekend,Leisure & Waterfront,40,43,3,52
7962,2025,Weekday,Leisure & Waterfront,91,89,-2,131
7962,2025,Weekend,Leisure & Waterfront,34,38,4,46
7963,2024,Weekday,Leisure & Waterfront,44,50,6,67
7963,2024,Weekend,Leisure & Waterfront,18,15,-3,19
7963,2025,Weekday,Leisure & Waterfront,79,75,-4,130
7963,2025,Weekend,Leisure & Waterfront,41,33,-8,56
7964,2024,Weekday,Leisure & Waterfront,47,52,5,61
7964,2024,Weekend,Leisure & Waterfront,24,25,1,27
7964,2025,Weekday,Leisure & Waterfront,153,170,17,207
7964,2025,Weekend,Leisure & Waterfront,83,78,-5,106
7965,2024,Weekday,Leisure & Waterfront,93,94,1,118
7965,2024,Weekend,Leisure & Waterfront,41,29,-12,48
7965,2025,Weekday,Leisure & Waterfront,367,350,-17,486
7965,2025,Weekend,Leisure & Waterfront,154,151,-3,202
7966,2024,Weekday,Commercial & Employment Core,1408,1398,-10,1264
7966,2024,Weekend,Commercial & Employment Core,621,624,3,516
7966,2025,Weekday,Commercial & Employment Core,3502,3367,-135,2894
7966,2025,Weekend,Commercial & Employment Core,1382,1397,15,1103
7967,2024,Weekday,Commercial & Employment Core,58,65,7,87
7967,2024,Weekend,Commercial & Employment Core,28,30,2,39
7967,2025,Weekday,Commercial & Employment Core,335,409,74,572
7967,2025,Weekend,Commercial & Employment Core,139,153,14,210
7968,2024,Weekday,Leisure & Waterfront,95,91,-4,124
7968,2024,Weekend,Leisure & Waterfront,27,42,15,42
7968,2025,Weekday,Leisure & Waterfront,181,170,-11,265
7968,2025,Weekend,Leisure & Waterfront,78,84,6,117
7969,2024,Weekday,Leisure & Waterfront,80,86,6,118
7969,2024,Weekend,Leisure & Waterfront,63,55,-8,83
7969,2025,Weekday,Leisure & Waterfront,283,298,15,382
7969,2025,Weekend,Leisure & Waterfront,175,169,-6,206
7970,2024,Weekday,Commercial & Employment Core,138,147,9,207
7970,2024,Weekend,Commercial & Employment Core,56,58,2,62
7970,2025,Weekday,Commercial & Employment Core,466,424,-42,652
7970,2025,Weekend,Commercial & Employment Core,196,236,40,254
7971,2024,Weekday,Leisure & Waterfront,99,96,-3,138
7971,2024,Weekend,Leisure & Waterfront,73,70,-3,92
7971,2025,Weekday,Leisure & Waterfront,391,403,12,526
7971,2025,Weekend,Leisure & Waterfront,213,186,-27,234
7972,2024,Weekday,Commercial & Employment Core,35,28,-7,42
7972,2024,Weekend,Commercial & Employment Core,11,16,5,19
7972,2025,Weekday,Commercial & Employment Core,176,174,-2,245
7972,2025,Weekend,Commercial & Employment Core,68,77,9,102
7973,2024,Weekday,Leisure & Waterfront,146,145,-1,188
7973,2024,Weekend,Leisure & Waterfront,82,85,3,90
7973,2025,Weekday,Leisure & Waterfront,643,620,-23,723
7973,2025,Weekend,Leisure & Waterfront,414,440,26,402
7974,2024,Weekday,Leisure & Waterfront,179,174,-5,264
7974,2024,Weekend,Leisure & Waterfront,93,80,-13,109
7974,2025,Weekday,Leisure & Waterfront,790,740,-50,991
7974,2025,Weekend,Leisure & Waterfront,370,348,-22,443
7975,2024,Weekday,Leisure & Waterfront,151,132,-19,213
7975,2024,Weekend,Leisure & Waterfront,64,65,1,100
7975,2025,Weekday,Leisure & Waterfront,686,661,-25,932
7975,2025,Weekend,Leisure & Waterfront,258,263,5,340
7976,2024,Weekday,Leisure & Waterfront,253,266,13,354
7976,2024,Weekend,Leisure & Waterfront,111,117,6,160
7976,2025,Weekday,Leisure & Waterfront,1328,1329,1,1561
7976,2025,Weekend,Leisure & Waterfront,531,582,51,617
7977,2024,Weekday,Leisure & Waterfront,58,63,5,89
7977,2024,Weekend,Leisure & Waterfront,19,28,9,31
7977,2025,Weekday,Leisure & Waterfront,176,172,-4,238
7977,2025,Weekend,Leisure & Waterfront,112,127,15,158
7978,2024,Weekday,Leisure & Waterfront,150,153,3,235
7978,2024,Weekend,Leisure & Waterfront,74,73,-1,106
7978,2025,Weekday,Leisure & Waterfront,563,537,-26,726
7978,2025,Weekend,Leisure & Waterfront,257,225,-32,296
7979,2024,Weekday,Leisure & Waterfront,35,29,-6,48
7979,2024,Weekend,Leisure & Waterfront,13,15,2,21
7979,2025,Weekday,Leisure & Waterfront,208,196,-12,285
7979,2025,Weekend,Leisure & Waterfront,103,93,-10,112
7980,2024,Weekday,Leisure & Waterfront,22,44,22,60
7980,2024,Weekend,Leisure & Waterfront,20,21,1,31
7980,2025,Weekday,Leisure & Waterfront,1,2,1,3
7981,2024,Weekday,Leisure & Waterfront,14,18,4,24
7981,2024,Weekend,Leisure & Waterfront,11,11,0,15
7981,2025,Weekday,Leisure & Waterfront,132,134,2,207
7981,2025,Weekend,Leisure & Waterfront,89,86,-3,115
7982,2024,Weekday,Leisure & Waterfront,41,25,-16,55
7982,2024,Weekend,Leisure & Waterfront,7,11,4,12
7982,2025,Weekday,Leisure & Waterfront,175,146,-29,230
7982,2025,Weekend,Leisure & Waterfront,87,89,2,109
7983,2024,Weekday,Leisure & Waterfront,14,25,11,29
7983,2024,Weekend,Leisure & Waterfront,6,16,10,18
7983,2025,Weekday,Leisure & Waterfront,262,285,23,348
7983,2025,Weekend,Leisure & Waterfront,145,168,23,177
7984,2024,Weekday,Residential & Inner-Suburban Feeder,783,1279,496,965
7984,2024,Weekend,Residential & Inner-Suburban Feeder,218,446,228,334
7984,2025,Weekday,Residential & Inner-Suburban Feeder,7816,8108,292,3827
7984,2025,Weekend,Residential & Inner-Suburban Feeder,2154,2336,182,1373
7985,2024,Weekday,Leisure & Waterfront,72,75,3,120
7985,2024,Weekend,Leisure & Waterfront,54,53,-1,66
7985,2025,Weekday,Leisure & Waterfront,438,476,38,645
7985,2025,Weekend,Leisure & Waterfront,263,255,-8,311
7986,2024,Weekday,Leisure & Waterfront,48,53,5,79
7986,2024,Weekend,Leisure & Waterfront,51,49,-2,47
7986,2025,Weekday,Leisure & Waterfront,198,238,40,310
7986,2025,Weekend,Leisure & Waterfront,132,137,5,143
7987,2024,Weekday,Leisure & Waterfront,52,58,6,95
7987,2024,Weekend,Leisure & Waterfront,25,24,-1,26
7987,2025,Weekday,Leisure & Waterfront,143,202,59,255
7987,2025,Weekend,Leisure & Waterfront,80,87,7,96
7988,2024,Weekday,Leisure & Waterfront,50,47,-3,77
7988,2024,Weekend,Leisure & Waterfront,23,25,2,36
7988,2025,Weekday,Leisure & Waterfront,165,151,-14,248
7988,2025,Weekend,Leisure & Waterfront,78,70,-8,110
7989,2024,Weekday,Leisure & Waterfront,49,43,-6,76
7989,2024,Weekend,Leisure & Waterfront,31,28,-3,44
7989,2025,Weekday,Leisure & Waterfront,311,322,11,487
7989,2025,Weekend,Leisure & Waterfront,145,153,8,197
7990,2024,Weekday,Commercial & Employment Core,50,55,5,80
7990,2024,Weekend,Commercial & Employment Core,19,23,4,30
7990,2025,Weekday,Commercial & Employment Core,202,174,-28,265
7990,2025,Weekend,Commercial & Employment Core,99,85,-14,118
7991,2024,Weekday,Leisure & Waterfront,9,10,1,15
7991,2024,Weekend,Leisure & Waterfront,6,7,1,10
7991,2025,Weekday,Leisure & Waterfront,60,56,-4,73
7991,2025,Weekend,Leisure & Waterfront,17,20,3,26
7992,2024,Weekday,Leisure & Waterfront,14,12,-2,19
7992,2024,Weekend,Leisure & Waterfront,4,6,2,7
7992,2025,Weekday,Leisure & Waterfront,88,92,4,133
7992,2025,Weekend,Leisure & Waterfront,78,87,9,88
7993,2024,Weekday,Residential & Inner-Suburban Feeder,937,799,-138,829
7993,2024,Weekend,Residential & Inner-Suburban Feeder,353,336,-17,337
7993,2025,Weekday,Residential & Inner-Suburban Feeder,4383,3446,-937,3235
7993,2025,Weekend,Residential & Inner-Suburban Feeder,1549,1503,-46,1284
7994,2024,Weekday,Leisure & Waterfront,8,11,3,16
7994,2024,Weekend,Leisure & Waterfront,6,5,-1,10
7994,2025,Weekday,Leisure & Waterfront,215,205,-10,319
7994,2025,Weekend,Leisure & Waterfront,103,95,-8,138
7995,2024,Weekday,Leisure & Waterfront,18,10,-8,25
7995,2024,Weekend,Leisure & Waterfront,2,3,1,4
7995,2025,Weekday,Leisure & Waterfront,373,328,-45,517
7995,2025,Weekend,Leisure & Waterfront,154,142,-12,218
7996,2024,Weekday,Commercial & Employment Core,28,19,-9,46
7996,2024,Weekend,Commercial & Employment Core,6,3,-3,7
7996,2025,Weekday,Commercial & Employment Core,1193,897,-296,1370
7996,2025,Weekend,Commercial & Employment Core,474,329,-145,529
7997,2024,Weekday,Leisure & Waterfront,3,2,-1,5
7997,2024,Weekend,Leisure & Waterfront,0,1,1,1
7997,2025,Weekday,Leisure & Waterfront,680,421,-259,676
7997,2025,Weekend,Leisure & Waterfront,454,293,-161,375
7998,2024,Weekday,Commercial & Employment Core,26,12,-14,31
7998,2024,Weekend,Commercial & Employment Core,10,7,-3,15
7998,2025,Weekday,Commercial & Employment Core,1306,1173,-133,1450
7998,2025,Weekend,Commercial & Employment Core,339,291,-48,404
7999,2024,Weekday,Leisure & Waterfront,10,10,0,17
7999,2024,Weekend,Leisure & Waterfront,8,2,-6,9
7999,2025,Weekday,Leisure & Waterfront,542,521,-21,815
7999,2025,Weekend,Leisure & Waterfront,216,187,-29,293
8000,2024,Weekday,Leisure & Waterfront,2,1,-1,3
8000,2025,Weekday,Leisure & Waterfront,594,431,-163,726
8000,2025,Weekend,Leisure & Waterfront,344,248,-96,344
8001,2024,Weekday,Commercial & Employment Core,214,254,40,239
8001,2024,Weekend,Commercial & Employment Core,103,94,-9,110
8001,2025,Weekday,Commercial & Employment Core,8291,8507,216,4067
8001,2025,Weekend,Commercial & Employment Core,2470,2272,-198,1554
8002,2024,Weekday,Leisure & Waterfront,1,0,-1,1
8002,2024,Weekend,Leisure & Waterfront,0,1,1,1
8002,2025,Weekday,Leisure & Waterfront,228,251,23,339
8002,2025,Weekend,Leisure & Waterfront,99,112,13,136
8003,2024,Weekday,Commercial & Employment Core,62,58,-4,75
8003,2024,Weekend,Commercial & Employment Core,20,26,6,31
8003,2025,Weekday,Commercial & Employment Core,7448,7459,11,3622
8003,2025,Weekend,Commercial & Employment Core,2612,2602,-10,1432
8004,2025,Weekday,Leisure & Waterfront,712,101,-611,448
8004,2025,Weekend,Leisure & Waterfront,322,54,-268,240
8005,2025,Weekday,Residential & Inner-Suburban Feeder,1866,911,-955,1444
8005,2025,Weekend,Residential & Inner-Suburban Feeder,748,315,-433,577
8006,2025,Weekday,Residential & Inner-Suburban Feeder,5723,5140,-583,2692
8006,2025,Weekend,Residential & Inner-Suburban Feeder,1860,2007,147,1056
8007,2025,Weekday,Commercial & Employment Core,3707,2092,-1615,2179
8007,2025,Weekend,Commercial & Employment Core,1647,811,-836,865
8008,2024,Weekday,Leisure & Waterfront,1,2,1,2
8008,2025,Weekday,Leisure & Waterfront,585,481,-104,775
8008,2025,Weekend,Leisure & Waterfront,234,207,-27,305
8009,2025,Weekday,Residential & Inner-Suburban Feeder,1221,454,-767,1116
8009,2025,Weekend,Residential & Inner-Suburban Feeder,448,163,-285,391
8010,2025,Weekday,Leisure & Waterfront,116,130,14,199
8010,2025,Weekend,Leisure & Waterfront,87,88,1,124
8011,2025,Weekday,Commercial & Employment Core,6499,3929,-2570,2825
8011,2025,Weekend,Commercial & Employment Core,2847,1236,-1611,1146
8012,2025,Weekday,Leisure & Waterfront,6363,6085,-278,2473
8012,2025,Weekend,Leisure & Waterfront,4184,3825,-359,1297
8013,2025,Weekday,Residential & Inner-Suburban Feeder,3421,3833,412,2596
8013,2025,Weekend,Residential & Inner-Suburban Feeder,1132,1278,146,968
8014,2025,Weekday,Commercial & Employment Core,18561,18920,359,4257
8014,2025,Weekend,Commercial & Employment Core,6162,6387,225,1706
8015,2025,Weekday,Commercial & Employment Core,12057,12244,187,4081
8015,2025,Weekend,Commercial & Employment Core,5702,5763,61,1735
8016,2025,Weekday,Commercial & Employment Core,15229,16540,1311,4129
8016,2025,Weekend,Commercial & Employment Core,6008,6730,722,1575
8017,2025,Weekday,Leisure & Waterfront,465,426,-39,635
8017,2025,Weekend,Leisure & Waterfront,237,240,3,309
8018,2025,Weekday,Commercial & Employment Core,3413,3940,527,2659
8018,2025,Weekend,Commercial & Employment Core,1357,1646,289,1020
8019,2025,Weekday,Leisure & Waterfront,1835,1720,-115,1484
8019,2025,Weekend,Leisure & Waterfront,750,722,-28,576
8020,2025,Weekday,Commercial & Employment Core,9502,9654,152,3790
8020,2025,Weekend,Commercial & Employment Core,4342,4411,69,1626
8021,2025,Weekday,Leisure & Waterfront,192,209,17,304
8021,2025,Weekend,Leisure & Waterfront,68,92,24,124
8022,2025,Weekday,Commercial & Employment Core,189,204,15,329
8022,2025,Weekend,Commercial & Employment Core,64,66,2,112
8023,2025,Weekday,Commercial & Employment Core,8027,8768,741,3357
8023,2025,Weekend,Commercial & Employment Core,3880,4064,184,1380
8024,2025,Weekday,Commercial & Employment Core,2774,2841,67,1889
8024,2025,Weekend,Commercial & Employment Core,1409,1370,-39,837
8025,2025,Weekday,Commercial & Employment Core,2691,2799,108,1758
8025,2025,Weekend,Commercial & Employment Core,1116,1201,85,742
8026,2025,Weekday,Leisure & Waterfront,5727,5875,148,2182
8026,2025,Weekend,Leisure & Waterfront,3127,2949,-178,921
8027,2025,Weekday,Leisure & Waterfront,8582,8842,260,1277
8027,2025,Weekend,Leisure & Waterfront,7822,7600,-222,611
8028,2025,Weekday,Leisure & Waterfront,7382,8819,1437,1277
8028,2025,Weekend,Leisure & Waterfront,6575,8060,1485,646
8029,2025,Weekday,Leisure & Waterfront,7824,7590,-234,1166
8029,2025,Weekend,Leisure & Waterfront,6337,6570,233,564
8030,2025,Weekday,Leisure & Waterfront,14273,13376,-897,1412
8030,2025,Weekend,Leisure & Waterfront,10076,8435,-1641,657
8031,2025,Weekday,Commercial & Employment Core,81,90,9,119
8031,2025,Weekend,Commercial & Employment Core,34,30,-4,45
8032,2025,Weekday,Leisure & Waterfront,83,100,17,133
8032,2025,Weekend,Leisure & Waterfront,56,62,6,88
8033,2025,Weekday,Leisure & Waterfront,29,43,14,59
8033,2025,Weekend,Leisure & Waterfront,16,30,14,37
8034,2025,Weekday,Leisure & Waterfront,76,104,28,144
8034,2025,Weekend,Leisure & Waterfront,44,41,-3,56
8035,2025,Weekday,Leisure & Waterfront,190,190,0,271
8035,2025,Weekend,Leisure & Waterfront,64,91,27,107
8036,2025,Weekday,Commercial & Employment Core,25,49,24,64
8036,2025,Weekend,Commercial & Employment Core,6,11,5,14
8037,2025,Weekday,Residential & Inner-Suburban Feeder,295,323,28,469
8037,2025,Weekend,Residential & Inner-Suburban Feeder,148,138,-10,201
8038,2025,Weekday,Leisure & Waterfront,158,158,0,176
8038,2025,Weekend,Leisure & Waterfront,101,113,12,114
8039,2025,Weekday,Leisure & Waterfront,194,188,-6,245
8039,2025,Weekend,Leisure & Waterfront,142,122,-20,141
8040,2025,Weekday,Leisure & Waterfront,242,257,15,299
8040,2025,Weekend,Leisure & Waterfront,119,109,-10,145
8041,2025,Weekday,Leisure & Waterfront,101,114,13,129
8041,2025,Weekend,Leisure & Waterfront,43,36,-7,59
8042,2025,Weekday,Residential & Inner-Suburban Feeder,150,149,-1,240
8042,2025,Weekend,Residential & Inner-Suburban Feeder,57,55,-2,90
8043,2025,Weekday,Leisure & Waterfront,72,77,5,104
8043,2025,Weekend,Leisure & Waterfront,71,82,11,86
8044,2025,Weekday,Leisure & Waterfront,16,16,0,25
8044,2025,Weekend,Leisure & Waterfront,5,6,1,9
8045,2025,Weekday,Leisure & Waterfront,69,67,-2,91
8045,2025,Weekend,Leisure & Waterfront,34,34,0,41
8046,2025,Weekday,Leisure & Waterfront,53,62,9,85
8046,2025,Weekend,Leisure & Waterfront,31,28,-3,42
8047,2025,Weekday,Leisure & Waterfront,46,56,10,78
8047,2025,Weekend,Leisure & Waterfront,36,36,0,45
8048,2025,Weekday,Leisure & Waterfront,75,70,-5,116
8048,2025,Weekend,Leisure & Waterfront,36,32,-4,36
8049,2025,Weekday,Leisure & Waterfront,56,59,3,93
8049,2025,Weekend,Leisure & Waterfront,37,41,4,45
8050,2025,Weekday,Leisure & Waterfront,323,320,-3,448
8050,2025,Weekend,Leisure & Waterfront,143,129,-14,183
8051,2025,Weekday,Commercial & Employment Core,5723,5853,130,2582
8051,2025,Weekend,Commercial & Employment Core,1971,2117,146,1111
8052,2025,Weekday,Leisure & Waterfront,94,93,-1,117
8052,2025,Weekend,Leisure & Waterfront,70,65,-5,76
8053,2025,Weekday,Leisure & Waterfront,33,32,-1,50
8053,2025,Weekend,Leisure & Waterfront,14,20,6,20
8054,2025,Weekday,Leisure & Waterfront,196,194,-2,280
8054,2025,Weekend,Leisure & Waterfront,100,105,5,129
8055,2025,Weekday,Commercial & Employment Core,261,318,57,414
8055,2025,Weekend,Commercial & Employment Core,143,144,1,173
8056,2025,Weekday,Leisure & Waterfront,254,250,-4,349
8056,2025,Weekend,Leisure & Waterfront,106,105,-1,142
8057,2025,Weekday,Leisure & Waterfront,193,179,-14,231
8057,2025,Weekend,Leisure & Waterfront,101,104,3,123
8058,2025,Weekday,Leisure & Waterfront,138,128,-10,173
8058,2025,Weekend,Leisure & Waterfront,90,76,-14,90
8059,2025,Weekday,Leisure & Waterfront,218,234,16,318
8059,2025,Weekend,Leisure & Waterfront,84,90,6,132
8060,2025,Weekday,Commercial & Employment Core,123,126,3,195
8060,2025,Weekend,Commercial & Employment Core,47,59,12,87
8061,2025,Weekday,Residential & Inner-Suburban Feeder,70,81,11,125
8061,2025,Weekend,Residential & Inner-Suburban Feeder,33,27,-6,45
8062,2025,Weekday,Commuter-Heavy Transit Hub,3689,3494,-195,1875
8062,2025,Weekend,Commuter-Heavy Transit Hub,597,667,70,573
8063,2025,Weekday,Leisure & Waterfront,65,80,15,101
8063,2025,Weekend,Leisure & Waterfront,40,45,5,54
8064,2025,Weekday,Leisure & Waterfront,22,19,-3,28
8064,2025,Weekend,Leisure & Waterfront,10,8,-2,13
8065,2025,Weekday,Leisure & Waterfront,75,69,-6,112
8065,2025,Weekend,Leisure & Waterfront,34,39,5,55
8066,2025,Weekday,Commercial & Employment Core,79,93,14,141
8066,2025,Weekend,Commercial & Employment Core,39,25,-14,52
8067,2025,Weekday,Leisure & Waterfront,121,41,-80,59
8067,2025,Weekend,Leisure & Waterfront,43,16,-27,23
8070,2025,Weekday,Leisure & Waterfront,7144,7101,-43,890
8070,2025,Weekend,Leisure & Waterfront,6193,6183,-10,430
8071,2025,Weekday,Leisure & Waterfront,5449,4986,-463,903
8071,2025,Weekend,Leisure & Waterfront,4905,5127,222,428
8072,2025,Weekday,Leisure & Waterfront,58,73,15,16
8072,2025,Weekend,Leisure & Waterfront,185,187,2,39
8073,2025,Weekday,Leisure & Waterfront,55,58,3,93
8073,2025,Weekend,Leisure & Waterfront,22,20,-2,33
8074,2025,Weekday,Leisure & Waterfront,52,52,0,69
8074,2025,Weekend,Leisure & Waterfront,25,18,-7,28
8075,2025,Weekday,Leisure & Waterfront,2347,2727,380,1288
8075,2025,Weekend,Leisure & Waterfront,1944,1968,24,615
8076,2025,Weekday,Leisure & Waterfront,75,68,-7,100
8076,2025,Weekend,Leisure & Waterfront,53,40,-13,53
8077,2025,Weekday,Residential & Inner-Suburban Feeder,87,99,12,139
8077,2025,Weekend,Residential & Inner-Suburban Feeder,36,35,-1,48
8078,2025,Weekday,Leisure & Waterfront,73,59,-14,101
8078,2025,Weekend,Leisure & Waterfront,35,41,6,49
8079,2025,Weekday,Leisure & Waterfront,81,86,5,129
8079,2025,Weekend,Leisure & Waterfront,48,51,3,60
8080,2025,Weekday,Leisure & Waterfront,87,96,9,130
8080,2025,Weekend,Leisure & Waterfront,39,33,-6,46
8081,2025,Weekday,Residential & Inner-Suburban Feeder,81,88,7,125
8081,2025,Weekend,Residential & Inner-Suburban Feeder,31,36,5,43
8082,2025,Weekday,Leisure & Waterfront,74,77,3,89
8082,2025,Weekend,Leisure & Waterfront,45,47,2,53
8083,2025,Weekday,Leisure & Waterfront,39,33,-6,53
8083,2025,Weekend,Leisure & Waterfront,14,12,-2,21
8084,2025,Weekday,Commercial & Employment Core,9642,9695,53,2521
8084,2025,Weekend,Commercial & Employment Core,3373,3473,100,978
8085,2025,Weekday,Leisure & Waterfront,150,162,12,242
8085,2025,Weekend,Leisure & Waterfront,64,57,-7,85
8086,2025,Weekday,Leisure & Waterfront,258,257,-1,403
8086,2025,Weekend,Leisure & Waterfront,110,121,11,180
8087,2025,Weekday,Commercial & Employment Core,8826,9106,280,2235
8087,2025,Weekend,Commercial & Employment Core,2929,2969,40,874
8088,2025,Weekday,Leisure & Waterfront,17,34,17,40
8088,2025,Weekend,Leisure & Waterfront,7,10,3,13
8089,2025,Weekday,Leisure & Waterfront,24,25,1,42
8089,2025,Weekend,Leisure & Waterfront,21,12,-9,25
8090,2025,Weekday,Leisure & Waterfront,36,42,6,63
8090,2025,Weekend,Leisure & Waterfront,10,12,2,16
8091,2025,Weekday,Leisure & Waterfront,134,129,-5,211
8091,2025,Weekend,Leisure & Waterfront,33,43,10,58
8092,2025,Weekday,Residential & Inner-Suburban Feeder,182,180,-2,304
8092,2025,Weekend,Residential & Inner-Suburban Feeder,60,69,9,107
8093,2025,Weekday,Commercial & Employment Core,15,26,11,31
8093,2025,Weekend,Commercial & Employment Core,8,12,4,15
8094,2025,Weekday,Leisure & Waterfront,101,102,1,165
8094,2025,Weekend,Leisure & Waterfront,55,51,-4,72
8095,2025,Weekday,Leisure & Waterfront,7,5,-2,8
8095,2025,Weekend,Leisure & Waterfront,3,2,-1,4
8096,2025,Weekday,Leisure & Waterfront,1168,1269,101,1015
8096,2025,Weekend,Leisure & Waterfront,607,656,49,349
8097,2025,Weekday,Leisure & Waterfront,26,25,-1,35
8097,2025,Weekend,Leisure & Waterfront,21,19,-2,25
8098,2025,Weekday,Residential & Inner-Suburban Feeder,55,63,8,88
8098,2025,Weekend,Residential & Inner-Suburban Feeder,21,27,6,30
8099,2025,Weekday,Leisure & Waterfront,28,32,4,45
8099,2025,Weekend,Leisure & Waterfront,13,21,8,22
8100,2025,Weekday,Leisure & Waterfront,31,35,4,54
8100,2025,Weekend,Leisure & Waterfront,12,12,0,18
8101,2025,Weekday,Leisure & Waterfront,363,385,22,497
8101,2025,Weekend,Leisure & Waterfront,121,103,-18,153
8102,2025,Weekday,Residential & Inner-Suburban Feeder,34,36,2,61
8102,2025,Weekend,Residential & Inner-Suburban Feeder,8,6,-2,10
8103,2025,Weekday,Commercial & Employment Core,41,26,-15,56
8103,2025,Weekend,Commercial & Employment Core,20,11,-9,26
8104,2025,Weekday,Commercial & Employment Core,100,99,-1,151
8104,2025,Weekend,Commercial & Employment Core,22,27,5,37
8105,2025,Weekday,Leisure & Waterfront,31,27,-4,43
8105,2025,Weekend,Leisure & Waterfront,19,13,-6,20
8106,2025,Weekday,Commercial & Employment Core,215,230,15,354
8106,2025,Weekend,Commercial & Employment Core,83,103,20,152
8107,2025,Weekday,Leisure & Waterfront,15,15,0,23
8107,2025,Weekend,Leisure & Waterfront,17,16,-1,22
8108,2025,Weekday,Leisure & Waterfront,35,41,6,60
8108,2025,Weekend,Leisure & Waterfront,19,20,1,24
8109,2025,Weekday,Leisure & Waterfront,31,26,-5,40
8109,2025,Weekend,Leisure & Waterfront,17,19,2,25
8110,2025,Weekday,Leisure & Waterfront,118,116,-2,116
8110,2025,Weekend,Leisure & Waterfront,75,73,-2,57
8111,2025,Weekday,Leisure & Waterfront,34,26,-8,46
8111,2025,Weekend,Leisure & Waterfront,21,21,0,26
8112,2025,Weekday,Leisure & Waterfront,74,82,8,129
8112,2025,Weekend,Leisure & Waterfront,22,30,8,41
8113,2025,Weekday,Leisure & Waterfront,204,341,137,284
8113,2025,Weekend,Leisure & Waterfront,230,282,52,198
8114,2025,Weekday,Leisure & Waterfront,28,27,-1,44
8114,2025,Weekend,Leisure & Waterfront,16,22,6,27
8115,2025,Weekday,Residential & Inner-Suburban Feeder,27,23,-4,43
8115,2025,Weekend,Residential & Inner-Suburban Feeder,12,8,-4,18
8116,2025,Weekday,Commercial & Employment Core,1,1,0,1
8117,2025,Weekday,Commercial & Employment Core,17,17,0,30
8117,2025,Weekend,Commercial & Employment Core,5,7,2,10
8118,2025,Weekday,Commercial & Employment Core,4933,4711,-222,1678
8118,2025,Weekend,Commercial & Employment Core,1492,1533,41,694
8119,2025,Weekday,Leisure & Waterfront,15,18,3,31
8119,2025,Weekend,Leisure & Waterfront,10,6,-4,14
8120,2025,Weekday,Leisure & Waterfront,22,17,-5,24
8120,2025,Weekend,Leisure & Waterfront,11,7,-4,13
8121,2025,Weekday,Commercial & Employment Core,32,30,-2,51
8121,2025,Weekend,Commercial & Employment Core,15,11,-4,22
8122,2025,Weekday,Leisure & Waterfront,37,38,1,42
8122,2025,Weekend,Leisure & Waterfront,12,15,3,16
8123,2025,Weekday,Commercial & Employment Core,43,43,0,59
8123,2025,Weekend,Commercial & Employment Core,13,19,6,25
8124,2025,Weekday,Residential & Inner-Suburban Feeder,3,4,1,6
8124,2025,Weekend,Residential & Inner-Suburban Feeder,13,9,-4,12
8125,2025,Weekday,Leisure & Waterfront,18,15,-3,23
8125,2025,Weekend,Leisure & Waterfront,14,11,-3,13
8126,2025,Weekday,Commercial & Employment Core,26,30,4,43
8126,2025,Weekend,Commercial & Employment Core,9,6,-3,11
8127,2025,Weekday,Leisure & Waterfront,61,47,-14,80
8127,2025,Weekend,Leisure & Waterfront,17,16,-1,21
8128,2025,Weekday,Commuter-Heavy Transit Hub,50,46,-4,75
8128,2025,Weekend,Commuter-Heavy Transit Hub,10,12,2,18
8129,2025,Weekday,Leisure & Waterfront,121,136,15,189
8129,2025,Weekend,Leisure & Waterfront,62,64,2,81
8130,2025,Weekday,Leisure & Waterfront,198,218,20,302
8130,2025,Weekend,Leisure & Waterfront,73,82,9,104
8131,2025,Weekday,Leisure & Waterfront,94,102,8,154
8131,2025,Weekend,Leisure & Waterfront,47,57,10,80
8132,2025,Weekday,Leisure & Waterfront,2,4,2,5
8132,2025,Weekend,Leisure & Waterfront,3,3,0,5
8133,2025,Weekday,Leisure & Waterfront,56,59,3,93
8133,2025,Weekend,Leisure & Waterfront,26,22,-4,33
8134,2025,Weekday,Leisure & Waterfront,59,73,14,92
8134,2025,Weekend,Leisure & Waterfront,36,34,-2,43
8135,2025,Weekday,Leisure & Waterfront,3,3,0,5
8135,2025,Weekend,Leisure & Waterfront,4,3,-1,5
8136,2025,Weekday,Commuter-Heavy Transit Hub,4,6,2,7
8136,2025,Weekend,Commuter-Heavy Transit Hub,0,2,2,2
8137,2025,Weekday,Leisure & Waterfront,0,2,2,2
8137,2025,Weekend,Leisure & Waterfront,2,1,-1,2
8139,2025,Weekday,Commercial & Employment Core,39,46,7,73
8139,2025,Weekend,Commercial & Employment Core,17,14,-3,21
8140,2025,Weekday,Unassigned,0,1,1,1
8141,2025,Weekday,Leisure & Waterfront,25,31,6,39
8141,2025,Weekend,Leisure & Waterfront,15,19,4,27
8142,2025,Weekday,Residential & Inner-Suburban Feeder,2,5,3,6
8142,2025,Weekend,Residential & Inner-Suburban Feeder,2,1,-1,3
8144,2025,Weekday,Leisure & Waterfront,22,32,10,30
8144,2025,Weekend,Leisure & Waterfront,42,38,-4,33
8146,2025,Weekday,Commercial & Employment Core,1659,1658,-1,919
8146,2025,Weekend,Commercial & Employment Core,780,776,-4,372
8147,2025,Weekday,Commercial & Employment Core,1936,1750,-186,1026
8147,2025,Weekend,Commercial & Employment Core,668,576,-92,400
8148,2025,Weekday,Commuter-Heavy Transit Hub,598,598,0,562
8148,2025,Weekend,Commuter-Heavy Transit Hub,91,98,7,129
8149,2025,Weekday,Commercial & Employment Core,32,30,-2,55
8149,2025,Weekend,Commercial & Employment Core,14,25,11,33
8150,2025,Weekday,Leisure & Waterfront,79,56,-23,109
8150,2025,Weekend,Leisure & Waterfront,32,24,-8,45
8151,2025,Weekday,Leisure & Waterfront,44,37,-7,57
8151,2025,Weekend,Leisure & Waterfront,34,40,6,53
8152,2025,Weekday,Commuter-Heavy Transit Hub,2397,2444,47,1012
8152,2025,Weekend,Commuter-Heavy Transit Hub,234,250,16,261
8153,2025,Weekday,Leisure & Waterfront,1,1,0,1
8153,2025,Weekend,Leisure & Waterfront,2,2,0,2
8154,2025,Weekday,Leisure & Waterfront,1,1,0,2
8155,2025,Weekday,Leisure & Waterfront,3,3,0,4
8156,2025,Weekday,Commercial & Employment Core,2,3,1,5
8156,2025,Weekend,Commercial & Employment Core,0,1,1,1
8157,2025,Weekday,Leisure & Waterfront,5,5,0,9
8157,2025,Weekend,Leisure & Waterfront,1,2,1,2
8159,2025,Weekday,Leisure & Waterfront,0,1,1,1
8159,2025,Weekend,Leisure & Waterfront,1,1,0,2
8160,2025,Weekday,Leisure & Waterfront,2,4,2,6
8160,2025,Weekend,Leisure & Waterfront,0,2,2,2
8161,2025,Weekday,Residential & Inner-Suburban Feeder,5,3,-2,7
8161,2025,Weekend,Residential & Inner-Suburban Feeder,6,7,1,4
8162,2025,Weekday,Residential & Inner-Suburban Feeder,840,851,11,651
8162,2025,Weekend,Residential & Inner-Suburban Feeder,344,374,30,301
8163,2025,Weekday,Residential & Inner-Suburban Feeder,1804,1799,-5,867
8163,2025,Weekend,Residential & Inner-Suburban Feeder,597,632,35,371
8164,2025,Weekday,Residential & Inner-Suburban Feeder,13,23,10,32
8164,2025,Weekend,Residential & Inner-Suburban Feeder,8,6,-2,13
8165,2025,Weekday,Leisure & Waterfront,45,53,8,68
8165,2025,Weekend,Leisure & Waterfront,19,20,1,32
8166,2025,Weekday,Commercial & Employment Core,3,7,4,7
8166,2025,Weekend,Commercial & Employment Core,2,3,1,4
8167,2025,Weekday,Residential & Inner-Suburban Feeder,19,32,13,49
8167,2025,Weekend,Residential & Inner-Suburban Feeder,3,9,6,10
8168,2025,Weekday,Residential & Inner-Suburban Feeder,601,612,11,566
8168,2025,Weekend,Residential & Inner-Suburban Feeder,225,223,-2,211
8169,2025,Weekday,Commercial & Employment Core,4,5,1,9
8169,2025,Weekend,Commercial & Employment Core,2,2,0,3
8170,2025,Weekday,Leisure & Waterfront,121,119,-2,153
8170,2025,Weekend,Leisure & Waterfront,73,83,10,64
8171,2025,Weekday,Commercial & Employment Core,407,384,-23,467
8171,2025,Weekend,Commercial & Employment Core,183,225,42,208
8172,2025,Weekday,Residential & Inner-Suburban Feeder,106,55,-51,134
8172,2025,Weekend,Residential & Inner-Suburban Feeder,58,45,-13,85
8173,2025,Weekday,Residential & Inner-Suburban Feeder,165,88,-77,187
8173,2025,Weekend,Residential & Inner-Suburban Feeder,52,25,-27,57
8174,2025,Weekday,Commercial & Employment Core,45,135,90,120
8174,2025,Weekend,Commercial & Employment Core,24,186,162,87
8175,2025,Weekday,Commuter-Heavy Transit Hub,98,188,90,171
8175,2025,Weekend,Commuter-Heavy Transit Hub,20,98,78,65
8176,2025,Weekday,Leisure & Waterfront,26,27,1,48
8176,2025,Weekend,Leisure & Waterfront,13,13,0,23
8177,2025,Weekday,Commuter-Heavy Transit Hub,7,9,2,14
8178,2025,Weekday,Commuter-Heavy Transit Hub,33,20,-13,47
8178,2025,Weekend,Commuter-Heavy Transit Hub,3,3,0,5
8179,2025,Weekend,Commercial & Employment Core,1,1,0,1
8180,2025,Weekday,Residential & Inner-Suburban Feeder,257,263,6,287
8180,2025,Weekend,Residential & Inner-Suburban Feeder,86,92,6,91
8181,2025,Weekday,Commercial & Employment Core,90,93,3,124
8181,2025,Weekend,Commercial & Employment Core,44,44,0,54
8182,2025,Weekday,Leisure & Waterfront,23,22,-1,31
8182,2025,Weekend,Leisure & Waterfront,16,18,2,19
8183,2025,Weekday,Residential & Inner-Suburban Feeder,288,293,5,306
8183,2025,Weekend,Residential & Inner-Suburban Feeder,109,107,-2,115
8184,2025,Weekday,Leisure & Waterfront,1,3,2,4
8184,2025,Weekend,Leisure & Waterfront,1,1,0,2
8185,2025,Weekday,Residential & Inner-Suburban Feeder,19,18,-1,34
8185,2025,Weekend,Residential & Inner-Suburban Feeder,4,8,4,12
8189,2025,Weekday,Commercial & Employment Core,46,42,-4,69
8189,2025,Weekend,Commercial & Employment Core,17,20,3,27
8190,2025,Weekday,Residential & Inner-Suburban Feeder,2,3,1,4
