station_id,trip_count,avg_duration_sec,am_pm_ratio,weekday_weekend_ratio,cluster,cluster_name
7000,112055,726.5637231716568,0.9421097770154374,2.7488541701515508,2,Residential & Inner-Suburban Feeder
7001,93182,621.0796183812324,0.6206551865146077,2.7343806355949183,0,Commercial & Employment Core
7002,112051,611.7603769712006,0.4720569556788555,3.642374777312839,0,Commercial & Employment Core
7003,34112,696.3311444652908,0.5129659643435981,2.70040134504827,0,Commercial & Employment Core
7004,14289,602.7808803975086,0.2531242899341059,4.462920489296636,0,Commercial & Employment Core
7005,36271,706.9456314962366,0.0914520992809093,5.952846463484762,3,Commuter-Heavy Transit Hub
7006,165149,636.1610424525732,0.442514791640063,3.691256675377798,0,Commercial & Employment Core
7007,115853,613.5829111028631,0.4038575472319136,3.1793225352620755,0,Commercial & Employment Core
7008,41061,652.7017607949149,0.1713830788159513,3.742233514262617,0,Commercial & Employment Core
7009,55232,717.1657372537659,0.2455571565802113,2.113177770262653,0,Commercial & Employment Core
7010,33988,707.1110391903024,0.3113480123542891,2.402061855670103,0,Commercial & Employment Core
7011,5541,700.2719725681285,0.7071977638015374,2.6299934512115257,0,Commercial & Employment Core
7012,64037,661.4737573590268,0.3011475847344542,3.4049387811253267,0,Commercial & Employment Core
7013,40094,705.2905671671572,0.547631352282515,2.7205159135195323,0,Commercial & Employment Core
7014,67246,685.8673973173126,0.7697893030794165,2.645668437601648,0,Commercial & Employment Core
7015,94075,748.9201700770661,0.0466168693091979,13.336635172203597,3,Commuter-Heavy Transit Hub
7016,116345,896.0362542438437,0.223060767615223,2.1145465253239104,1,Leisure & Waterfront
7017,88094,654.7092310486526,0.5410529809567274,2.9693610885825,0,Commercial & Employment Core
7018,68183,886.8841940073039,0.228858402743753,2.212333930085744,1,Leisure & Waterfront
7019,67503,766.6779698680059,0.0409254498714653,10.148637489677952,3,Commuter-Heavy Transit Hub
7020,47316,715.0579507988841,0.2881025355252159,3.014763278465977,0,Commercial & Employment Core
7021,71844,736.7485663381772,0.1060135321734327,3.3803194732349717,0,Commercial & Employment Core
7022,99881,694.2891340695428,0.3622717373094321,2.922210005497526,0,Commercial & Employment Core
7023,59799,704.8107493436345,0.6340969863409699,2.5086247359774703,0,Commercial & Employment Core
7024,58107,668.5385753867864,0.8119089051978513,2.8765176784523017,0,Commercial & Employment Core
7025,53094,738.1332918973895,0.8317797528723173,3.3195574357305566,0,Commercial & Employment Core
7026,69642,600.1397576175297,0.4858406089097828,2.9708079137921204,0,Commercial & Employment Core
7027,95835,663.104596441801,0.3045435470949529,2.403302556818182,0,Commercial & Employment Core
7028,83326,583.9823824496556,0.5573599240265907,3.278276942034194,0,Commercial & Employment Core
7029,67058,766.1305287959676,0.245143590424355,2.5738648475804733,0,Commercial & Employment Core
7030,140093,609.3368904941717,0.7430872483221477,2.953130731679788,0,Commercial & Employment Core
7031,41231,665.3865538066018,0.9137061285821616,3.0452271166486806,0,Commercial & Employment Core
7032,59708,718.5285221410866,0.2872658956143956,2.173531756577199,0,Commercial & Employment Core
7033,131743,699.5604700059965,0.6223322332233223,3.5495199944747564,0,Commercial & Employment Core
7034,62054,694.9529280948851,0.6343539497856705,3.718369829683698,0,Commercial & Employment Core
7035,55711,833.4961856724884,0.4815186246418338,2.57799755956586,0,Commercial & Employment Core
7036,27659,881.1308434867493,0.4596893990546927,2.187852944566094,1,Leisure & Waterfront
7037,67896,677.9363143631437,0.665975349608912,3.170126520083528,0,Commercial & Employment Core
7038,120219,741.6321380147897,0.1057588275794236,2.65546703964972,0,Commercial & Employment Core
7039,27550,610.222613430127,0.6326738991703893,3.6477732793522266,0,Commercial & Employment Core
7040,41167,766.5908616124566,0.4742268041237113,2.437912317327766,0,Commercial & Employment Core
7041,81747,682.4190734828189,0.4172891276809505,2.973992513732925,0,Commercial & Employment Core
7042,83884,653.4635806590053,0.9057614281850148,2.916795069337442,0,Commercial & Employment Core
7043,83702,860.9059759623426,0.4229871397648657,1.9076003890509932,1,Leisure & Waterfront
7044,86577,637.9462328332005,0.7485889878339396,2.6193720998286025,0,Commercial & Employment Core
7045,73239,683.2976146588567,0.4299716929316828,4.52428722280887,0,Commercial & Employment Core
7046,62847,719.2127388737728,0.8489656944622896,3.126116071428572,0,Commercial & Employment Core
7047,90868,701.382488884976,0.1854066172973707,8.681440443213296,3,Commuter-Heavy Transit Hub
7048,46397,731.5001616483825,0.2950277704311029,3.122157071783937,0,Commercial & Employment Core
7049,67555,678.0002812523129,0.3798076923076923,2.42668019274664,0,Commercial & Employment Core
7050,28345,688.1032986417357,0.6887460650577125,3.2716998191681737,0,Commercial & Employment Core
7052,60065,707.4019645384167,0.1053913162768365,6.567972785687288,3,Commuter-Heavy Transit Hub
7053,41081,743.6033689540177,0.2664647076643441,5.151991614255765,3,Commuter-Heavy Transit Hub
7054,53591,673.1157470470788,0.6736605470213564,2.7134839246119733,0,Commercial & Employment Core
7055,62275,656.0222400642313,0.7862316135294557,2.427651494303484,0,Commercial & Employment Core
7056,12245,697.9536137198857,0.4224852071005917,2.640606420927467,0,Commercial & Employment Core
7057,44866,714.0316720902242,0.187434554973822,4.702592780884596,3,Commuter-Heavy Transit Hub
7058,61894,589.8975344944582,0.2377622377622377,4.213611859838275,0,Commercial & Employment Core
7059,69852,640.5847506155873,0.719890363841565,3.734259573026093,0,Commercial & Employment Core
7060,12523,681.797492613591,0.5665880966411314,2.472414749098974,0,Commercial & Employment Core
7061,58281,717.5292633963041,0.352270342125516,2.4017977003443645,0,Commercial & Employment Core
7062,19448,627.1469559851913,0.1892154144718602,5.153116102499209,3,Commuter-Heavy Transit Hub
7063,72627,751.0821595274484,0.2404820713738182,2.936744538999404,0,Commercial & Employment Core
7064,18011,738.0562989284326,0.514995034756703,2.619248543299176,0,Commercial & Employment Core
7065,66939,598.6323518427225,0.5712245830477496,2.570567527202902,0,Commercial & Employment Core
7066,44172,579.3151317576745,0.1129011957205789,5.953250432866362,3,Commuter-Heavy Transit Hub
7067,16413,760.8266008651678,0.4158288770053476,2.09600150886458,0,Commercial & Employment Core
7068,3012,947.5146082337318,0.7653061224489796,2.28680479825518,2,Residential & Inner-Suburban Feeder
7069,46571,757.5215906894849,0.2458874458874458,2.35564521939621,0,Commercial & Employment Core
7070,26558,757.8538293546201,0.2426525198938992,3.5231607629427795,0,Commercial & Employment Core
7071,25490,654.7294625343272,1.369807497467072,3.2184345523746485,2,Residential & Inner-Suburban Feeder
7072,48543,811.7951094905548,0.7595419847328244,2.5290055248618786,0,Commercial & Employment Core
7073,60151,733.8908081328656,0.9419101924447612,2.623456418288055,2,Residential & Inner-Suburban Feeder
7074,38030,714.9661582960821,0.2400130975769482,2.5224599425766416,0,Commercial & Employment Core
7075,48648,913.2842254563394,0.5730161214587572,1.9474130619168788,1,Leisure & Waterfront
7076,165216,874.0850765059074,0.2978275849562978,2.2903431382311354,1,Leisure & Waterfront
7077,75123,698.3807089706215,0.287734371504005,2.74875249500998,0,Commercial & Employment Core
7078,131602,703.9395905837297,0.3837544610992148,2.4856446657484903,0,Commercial & Employment Core
7079,74617,635.9763860782396,0.6478988645674821,2.943504914913857,0,Commercial & Employment Core
7083,12825,686.9809746588694,0.4973322100533558,2.875226586102719,0,Commercial & Employment Core
7084,11908,998.0345146120256,0.0773221343873517,1.188131545103803,1,Leisure & Waterfront
7085,9255,785.0844948676391,0.5396101202820407,2.621674491392801,0,Commercial & Employment Core
7086,12985,1042.1872930304198,0.213402571711177,1.3315978456014363,1,Leisure & Waterfront
7087,7519,838.8279026466286,0.915273132664437,2.8828084667010843,2,Residential & Inner-Suburban Feeder
7088,18880,796.8193855932203,0.5427531837477259,2.7613545816733067,0,Commercial & Employment Core
7089,101235,617.8692843384205,0.6707134612918394,2.85547261786884,0,Commercial & Employment Core
7090,20840,764.5728406909789,0.6161410018552875,2.8137236962488563,0,Commercial & Employment Core
7091,12937,816.2252454201129,0.84774499830451,3.115458015267176,2,Residential & Inner-Suburban Feeder
7092,1502,864.3069241011984,0.5324675324675324,2.094650205761317,0,Commercial & Employment Core
7093,28825,718.3379705117086,0.601274591299529,3.0261173184357544,0,Commercial & Employment Core
7094,25426,823.4691260914025,0.527917282127031,2.7110332749562174,0,Commercial & Employment Core
7095,24327,822.5819459859415,0.3642967542503864,2.2863703903822774,0,Commercial & Employment Core
7096,6848,1184.4783878504672,0.1377118644067796,1.0763867838739012,1,Leisure & Waterfront
7097,30328,884.4478040094962,0.905084745762712,2.3129437465865648,2,Residential & Inner-Suburban Feeder
7098,24536,876.5367215520052,0.7336595595945473,2.3204330175913395,2,Residential & Inner-Suburban Feeder
7099,34662,789.72860769719,0.7122631235025049,2.548004094165813,0,Commercial & Employment Core
7100,114169,722.2916816298645,0.9062588202088624,3.004313973063973,2,Residential & Inner-Suburban Feeder
7101,53246,722.658603463171,0.9434298096269929,2.6980345857351207,2,Residential & Inner-Suburban Feeder
7102,105505,705.1742002748684,0.4164401945982218,2.9078114004222377,0,Commercial & Employment Core
7103,36650,837.9336152796726,0.7103684661525278,2.406003159557662,0,Commercial & Employment Core
7104,66643,750.7387572588269,0.7398662169115545,2.743680485338726,0,Commercial & Employment Core
7105,18341,723.8681096995801,1.0299884659746252,3.218721251149954,2,Residential & Inner-Suburban Feeder
7106,25810,866.9922510654785,0.7461124401913876,2.207655026718032,2,Residential & Inner-Suburban Feeder
7107,39361,841.4569243667589,0.6230169905191026,2.2354923557455204,0,Commercial & Employment Core
7108,44800,677.62140625,0.7814181398923905,3.173840134153158,0,Commercial & Employment Core
7109,27097,629.4189762704358,0.9603403982016698,2.791130386121992,0,Commercial & Employment Core
7110,30320,661.124142480211,0.7249630723781388,2.6370397025308865,0,Commercial & Employment Core
7111,46647,720.8288207173023,0.7714040427690627,2.737301714468835,0,Commercial & Employment Core
7112,33463,845.2125332456743,0.2113248217542696,4.258485229415462,0,Commercial & Employment Core
7113,27368,683.495140309851,0.852338495229157,2.6546935505407934,0,Commercial & Employment Core
7114,72125,665.3797435008665,0.6423466021552672,2.802161307327359,0,Commercial & Employment Core
7115,49129,701.7898186407214,0.8856005538248529,2.781925948733739,0,Commercial & Employment Core
7116,17484,744.1914893617021,0.6894986589643078,2.597942386831276,0,Commercial & Employment Core
7117,16442,855.9109597372583,0.8640990371389271,2.5919615552643074,2,Residential & Inner-Suburban Feeder
7118,43873,700.7760353748318,0.1492196816508529,5.556335923490735,3,Commuter-Heavy Transit Hub
7119,32918,753.8039978127468,0.9809573496804488,2.614008123833571,2,Residential & Inner-Suburban Feeder
7120,21858,783.625720559978,0.929295106704031,2.677658142664872,2,Residential & Inner-Suburban Feeder
7121,94182,625.5874264721497,0.9205703645629164,2.84644286531079,0,Commercial & Employment Core
7122,26854,662.6725627467044,0.9738317757009346,2.4426355595436484,2,Residential & Inner-Suburban Feeder
7123,59982,652.6893568070421,0.657915947035118,3.2971559567304247,0,Commercial & Employment Core
7124,35748,772.0267427548395,0.8426545660805446,2.7651395471300684,2,Residential & Inner-Suburban Feeder
7126,72607,734.5377718401807,0.4642702936096718,3.1566865124799635,0,Commercial & Employment Core
7127,23453,759.1078753251184,0.5910342717258262,3.3989122280570143,0,Commercial & Employment Core
7128,18949,834.4438228930287,0.3163522012578616,3.0347030019161165,0,Commercial & Employment Core
7129,35392,761.6719032549729,0.6209176925424763,3.088955637707948,0,Commercial & Employment Core
7130,33775,719.6543301258328,0.6705074230002216,3.724055944055944,0,Commercial & Employment Core
7131,39579,683.7287955734101,0.6291691336096309,3.051279426816786,0,Commercial & Employment Core
7132,18349,682.1392446454847,0.8500707213578501,2.9011479591836733,0,Commercial & Employment Core
7133,21113,868.8362620186615,0.5753219526804433,3.7247706422018343,0,Commercial & Employment Core
7134,1326,913.6093514328808,0.4241758241758241,2.805157593123209,1,Leisure & Waterfront
7135,44061,836.5921563287261,0.4033524981779901,2.7606042502347017,0,Commercial & Employment Core
7136,8998,865.5851300288953,0.7222753346080306,2.256150506512301,2,Residential & Inner-Suburban Feeder
7137,9654,893.0271390097369,0.7826251896813353,3.069110830172777,2,Residential & Inner-Suburban Feeder
7138,16727,902.1121540025108,0.917298937784522,2.750896860986547,2,Residential & Inner-Suburban Feeder
7139,14341,830.7365595146782,0.7079047103410937,2.699509930358525,0,Commercial & Employment Core
7140,26479,812.624192756524,0.51236800231448,2.687647959894165,0,Commercial & Employment Core
7141,18411,865.2793981858672,1.0278840896664845,4.937762012254112,2,Residential & Inner-Suburban Feeder
7142,12686,824.2227652530348,0.7290455011974,2.8436837322023627,0,Commercial & Employment Core
7143,30348,711.6571108475023,0.9971197366616376,2.879585836635562,2,Residential & Inner-Suburban Feeder
7144,22725,822.3332453245324,0.9513059701492538,2.8286725067385445,2,Residential & Inner-Suburban Feeder
7146,16558,880.7680275395579,0.9841616602949208,2.2844109480364936,2,Residential & Inner-Suburban Feeder
7147,12530,794.2529130087789,0.6343081097377148,2.8702903026559605,0,Commercial & Employment Core
7148,56351,811.1697396674416,0.5505946313285763,2.6938253801782905,0,Commercial & Employment Core
7149,16812,747.2635022602902,1.072270630445925,3.0761212121212123,2,Residential & Inner-Suburban Feeder
7150,38145,857.6175645562984,0.3686691312384473,2.098359324236517,1,Leisure & Waterfront
7151,23724,741.3168521328612,0.8393871578584955,2.473283560240082,0,Commercial & Employment Core
7152,22538,724.5013754547874,0.499421072944809,2.1849653808110783,0,Commercial & Employment Core
7153,60594,764.8831072383405,0.4651132347165859,2.178223014790727,0,Commercial & Employment Core
7154,34504,719.2075991189428,0.7445969997457411,2.594375,0,Commercial & Employment Core
7155,44657,712.4425509998432,0.6954098360655737,2.83075999313776,0,Commercial & Employment Core
7156,31521,800.9691951397481,0.4251949016210865,2.3077649527806927,0,Commercial & Employment Core
7157,13843,835.419201040237,0.6958568738229756,1.9451180599872369,0,Commercial & Employment Core
7158,37641,689.7659732738238,0.9748883928571428,3.069953508487404,2,Residential & Inner-Suburban Feeder
7160,83252,662.2786599721328,0.6543422607325718,2.719685461531588,0,Commercial & Employment Core
7161,52785,573.8575352846452,0.2924243321684535,3.992150557972385,0,Commercial & Employment Core
7162,43422,647.8211735986366,0.6412019156496215,4.406374501992032,0,Commercial & Employment Core
7163,55622,635.0552299449859,0.6775532581453634,2.919115056718101,0,Commercial & Employment Core
7164,65319,690.6993830279092,0.126428607710672,2.7618636258926514,0,Commercial & Employment Core
7167,7779,709.6928911171102,0.5111976630963972,2.614026939154668,0,Commercial & Employment Core
7168,101882,856.7070336271373,0.2903404033272967,1.9142187008380769,1,Leisure & Waterfront
7169,40050,723.0730586766542,0.2441394305904736,3.541043083900227,0,Commercial & Employment Core
7170,43845,630.1360246322272,0.4149200102660621,3.8952774366417326,0,Commercial & Employment Core
7171,61288,1091.4020036548754,0.2165354330708661,1.395076201641266,1,Leisure & Waterfront
7172,26677,998.4027814221988,0.1758704453441295,1.2441958277254377,1,Leisure & Waterfront
7173,9494,875.9706130187487,0.8803630363036303,2.766759222530742,2,Residential & Inner-Suburban Feeder
7174,33850,782.0895125553915,0.3823470810918509,2.862619808306709,0,Commercial & Employment Core
7175,73548,974.870207211617,0.2255439669124258,1.5555941626129255,1,Leisure & Waterfront
7176,55718,676.1606662119962,1.0306911362748927,2.750168259523489,2,Residential & Inner-Suburban Feeder
7177,1019,785.9430814524043,0.6,2.56993006993007,0,Commercial & Employment Core
7178,24377,766.1192927759773,0.5279962252280591,2.803869558433453,0,Commercial & Employment Core
7179,2820,762.0957446808511,0.3056057866184448,3.444094488188977,0,Commercial & Employment Core
7180,22322,789.2184840068094,0.4018946692357097,2.567273889421541,0,Commercial & Employment Core
7181,10286,892.5910946918141,0.8032634032634033,2.575947167188043,2,Residential & Inner-Suburban Feeder
7182,7453,791.3293975580303,0.5792864222001982,2.0666392431098317,0,Commercial & Employment Core
7183,17413,828.2912192040429,0.8973518284993695,2.2691946686690443,2,Residential & Inner-Suburban Feeder
7184,34672,746.8234886940471,0.7150985840942172,2.31491395793499,0,Commercial & Employment Core
7188,30334,712.0787894771544,0.5023775295808913,2.7244935543278084,0,Commercial & Employment Core
7189,54758,747.5673143650243,0.2643225965084829,2.0878538400812,0,Commercial & Employment Core
7190,75349,584.8341849261437,0.176268271711092,3.7921012465021615,0,Commercial & Employment Core
7191,51193,707.4558826402047,0.567179205564708,2.329106515801795,0,Commercial & Employment Core
7192,31321,712.5420963570767,1.0342548076923077,2.5397220024861564,2,Residential & Inner-Suburban Feeder
7193,27827,824.4408308477379,0.741144018583043,2.5802135597581373,0,Commercial & Employment Core
7194,11585,950.0910660336642,0.7346331791143423,4.605708756652153,2,Residential & Inner-Suburban Feeder
7195,32157,654.8681158068227,0.7958639092728486,2.617028455741761,0,Commercial & Employment Core
7196,19103,761.1447940114118,1.0845341018251682,2.6135804804236806,2,Residential & Inner-Suburban Feeder
7197,43665,817.9538532005039,0.7274346793349169,2.305852070557953,0,Commercial & Employment Core
7198,26477,829.6428598406164,0.5540607054963085,2.2819781854238967,0,Commercial & Employment Core
7199,115415,709.201715548239,0.5498183342649525,2.6159340831479683,0,Commercial & Employment Core
7202,50198,782.9678871668194,0.1344010388486094,2.392350317610488,0,Commercial & Employment Core
7203,85818,905.3903726490946,0.4569902292028125,1.85248953001396,1,Leisure & Waterfront
7204,75932,752.1920797555708,0.6502972205858727,2.252687941743414,0,Commercial & Employment Core
7205,40341,810.4845442601819,0.7538363171355499,2.488068476569255,0,Commercial & Employment Core
7206,51204,718.6669791422545,0.7302383939774153,2.278862777742204,0,Commercial & Employment Core
7207,101210,782.7991008793598,0.6703950499762018,2.0656368317431477,0,Commercial & Employment Core
7208,53205,744.4317451367352,0.6550368139223561,2.2566409597257926,0,Commercial & Employment Core
7209,32441,825.9524983816775,0.8710164627699744,2.023860564824308,2,Residential & Inner-Suburban Feeder
7210,18020,880.1459489456159,0.9407389040416564,2.9836427939876216,2,Residential & Inner-Suburban Feeder
7211,50304,754.6588342875318,0.8212303422756707,2.249111929212685,0,Commercial & Employment Core
7216,57395,697.800906002265,1.0295069904341427,2.450375713856327,2,Residential & Inner-Suburban Feeder
7217,103762,684.0727337560957,0.3750659344069006,2.885855521851477,0,Commercial & Employment Core
7220,25961,1139.7135703555332,0.1972211975900651,1.1515703986077732,1,Leisure & Waterfront
7221,12208,764.559633027523,0.5868625756266206,2.6028326940100324,0,Commercial & Employment Core
7222,34077,1128.6588608152126,0.1482805255023184,1.3149921880307045,1,Leisure & Waterfront
7223,16656,972.3436599423632,0.3951349141455437,1.8840027700831024,1,Leisure & Waterfront
7224,13411,972.3614942957274,0.4203056768558952,1.5646271510516252,1,Leisure & Waterfront
7225,16318,1170.1435837725212,0.3674176776429809,1.4260442990932063,1,Leisure & Waterfront
7226,33199,1136.7820115063707,0.1696256271709764,1.2060465116279069,1,Leisure & Waterfront
7227,31670,1072.2542784970003,0.1761461937716263,1.1871417719770734,1,Leisure & Waterfront
7228,9208,932.5726542137272,0.5371498172959805,2.4060650887573964,1,Leisure & Waterfront
7229,12014,850.5188946229399,0.5410598078710877,2.363000279876854,0,Commercial & Employment Core
7230,21968,877.0985524399126,0.691415313225058,2.518014411529224,0,Commercial & Employment Core
7231,17592,929.7822874033652,1.2780972294824882,2.949270482603816,2,Residential & Inner-Suburban Feeder
7232,16829,906.7604135718104,0.7052023121387283,2.416768168899716,2,Residential & Inner-Suburban Feeder
7233,22756,795.5841096853577,1.0481807277089163,2.654729404207484,2,Residential & Inner-Suburban Feeder
7234,21973,830.1631092704683,0.5233822260569456,2.1719110854503465,0,Commercial & Employment Core
7235,61971,615.3026092849882,0.7720853858784893,4.276543209876543,0,Commercial & Employment Core
7236,36229,834.7334455822684,0.7314591419280394,2.8133880644142724,0,Commercial & Employment Core
7237,24732,850.409226912502,0.7679661813057773,2.990642142626654,2,Residential & Inner-Suburban Feeder
7238,16316,847.7464452071587,0.8165342601787487,2.645665773011617,2,Residential & Inner-Suburban Feeder
7239,79752,740.7616611495637,0.4282099622941059,2.334197324414716,0,Commercial & Employment Core
7240,74036,776.6640418174942,0.5986266799694818,2.2198834478559624,0,Commercial & Employment Core
7241,15577,644.0059703408872,0.5741714886901631,2.4037579200349573,0,Commercial & Employment Core
7242,54588,1116.111526342786,0.1594183475172552,1.1694551524063108,1,Leisure & Waterfront
7243,15686,842.3208593650389,0.3222126560482135,1.89126428308146,1,Leisure & Waterfront
7244,14864,969.7937298170076,0.4833284154617881,1.849530381445275,1,Leisure & Waterfront
7245,55176,719.654940553864,0.4487755102040816,2.336235564423484,0,Commercial & Employment Core
7246,94737,715.2766500944721,0.5952410980787826,3.1892107008622594,0,Commercial & Employment Core
7247,15821,841.4317679034195,0.5773983374522579,2.468434896975011,0,Commercial & Employment Core
7248,105140,704.9358664637626,0.2345141769225538,2.2333476843594315,0,Commercial & Employment Core
7249,23938,845.1132091235693,1.405343159834178,2.2434629454003523,2,Residential & Inner-Suburban Feeder
7250,71519,562.8574644500063,0.0904736358062538,5.3529046011725,3,Commuter-Heavy Transit Hub
7251,28787,755.6753048250947,0.3501059322033898,2.422372800760818,0,Commercial & Employment Core
7252,85420,614.211542964177,0.4085963248905142,2.8066844919786096,0,Commercial & Employment Core
7253,107106,682.0524340373088,0.6747614917606245,3.042268936105974,0,Commercial & Employment Core
7255,5346,725.3015338570895,0.5824267782426779,2.369880277252678,0,Commercial & Employment Core
7256,54411,761.3212585690394,0.4593854128100703,2.406987665143072,0,Commercial & Employment Core
7257,78236,626.0204765069789,0.4617717331372909,3.235720859726057,0,Commercial & Employment Core
7258,17659,888.6748400249164,0.8639405204460967,2.344252982389699,2,Residential & Inner-Suburban Feeder
7259,47604,795.8599907570792,0.5382846631409519,2.218143716622727,0,Commercial & Employment Core
7260,101237,717.9365646947263,0.4438264039470789,3.285067298738677,0,Commercial & Employment Core
7261,91395,768.0389080365446,0.5325485799701046,2.4415408366908915,0,Commercial & Employment Core
7262,8991,910.1431431431432,0.9506001846722067,2.472200772200772,2,Residential & Inner-Suburban Feeder
7263,40500,663.674074074074,0.3649819494584838,4.473982970671712,0,Commercial & Employment Core
7264,61126,665.1297647482249,0.6002700443644313,2.7677514792899407,0,Commercial & Employment Core
7265,11644,809.6205771212642,0.7821416582745888,2.711281070745698,2,Residential & Inner-Suburban Feeder
7266,3827,703.3600731643585,0.2261029411764706,2.7576054955839058,0,Commercial & Employment Core
7267,25743,614.6071164976887,1.2161354581673307,2.698462864530958,2,Residential & Inner-Suburban Feeder
7268,18939,649.9284017107556,0.2508226691042047,3.672175629008387,0,Commercial & Employment Core
7269,74960,763.3707977588047,0.1229932181309628,2.5292843691148774,0,Commercial & Employment Core
7270,39679,635.8665540966255,0.6661475136277673,3.1712393566698203,0,Commercial & Employment Core
7271,88327,624.853748004574,0.5649773970973114,2.8051522853573427,0,Commercial & Employment Core
7272,65026,641.3958724202627,0.4381066431362662,2.816869167106885,0,Commercial & Employment Core
7273,64651,633.0617623857327,0.7656158974690919,3.1622996201635227,0,Commercial & Employment Core
7274,32736,643.1333699902249,0.3914214093398941,4.961034231609614,3,Commuter-Heavy Transit Hub
7275,13606,760.7987652506247,0.0776640577965081,2.254723750298972,0,Commercial & Employment Core
7276,40515,733.9967913118599,0.3713184018377225,2.8477682811016143,0,Commercial & Employment Core
7277,9384,980.2641730605286,0.6148705096073517,1.8598415600243756,1,Leisure & Waterfront
7278,17567,940.4616041441338,1.6792564178223666,3.41765149610259,2,Residential & Inner-Suburban Feeder
7279,5098,1046.2795213809336,0.4479101684341859,2.1135531135531136,1,Leisure & Waterfront
7280,40583,656.248503067787,0.857397681101972,3.2784102888467217,0,Commercial & Employment Core
7281,95833,653.7323364603008,0.5641979754331212,3.33250452079566,0,Commercial & Employment Core
7282,34072,742.3385477811693,0.0699453551912568,6.381715771230502,3,Commuter-Heavy Transit Hub
7283,54895,673.4167774842882,0.5600610687022901,3.898019271948608,0,Commercial & Employment Core
7284,48844,708.8109286708706,0.2078704389473164,4.868797308662741,3,Commuter-Heavy Transit Hub
7285,109578,625.4421781744511,0.5388703310051625,3.2634814411329858,0,Commercial & Employment Core
7286,39980,778.6088544272136,0.661981871881047,2.667400476976701,0,Commercial & Employment Core
7287,19367,904.7419321526309,1.0385066917116694,2.6497079329187865,2,Residential & Inner-Suburban Feeder
7288,32351,1116.639980216995,0.3849252623767624,1.4375047088073534,1,Leisure & Waterfront
7289,33881,1145.271892801275,0.2189049791707994,1.174775353016688,1,Leisure & Waterfront
7291,38599,732.1881395891086,0.7177450600542425,3.0856265876375955,0,Commercial & Employment Core
7292,77929,624.0718731152716,0.6820856047930048,2.8214583435492573,0,Commercial & Employment Core
7293,2631,571.9737742303307,0.0700197238658777,4.957013574660634,3,Commuter-Heavy Transit Hub
7296,22851,847.3630038072732,1.052708030711766,2.608558345176062,2,Residential & Inner-Suburban Feeder
7297,15256,860.0231384373361,0.9684365781710914,2.501950883635529,2,Residential & Inner-Suburban Feeder
7298,94065,696.7656726731516,0.7534057596137265,2.71835718238596,0,Commercial & Employment Core
7299,73232,799.9554293205156,0.6161894846434149,2.387639929688223,0,Commercial & Employment Core
7301,3908,1024.2489764585466,1.1611675126903551,2.266499582289056,2,Residential & Inner-Suburban Feeder
7302,14494,900.439423209604,1.131375080697224,2.4318181818181817,2,Residential & Inner-Suburban Feeder
7303,13780,988.8666908563137,0.7840616966580977,2.049789776499225,2,Residential & Inner-Suburban Feeder
7309,12610,979.6199841395718,0.8196531791907514,2.1404382470119523,2,Residential & Inner-Suburban Feeder
7311,77099,659.6183089274829,0.6732104773883086,2.8293930664547533,0,Commercial & Employment Core
7312,17796,764.6722859069454,1.2029654837141468,3.053290822136188,2,Residential & Inner-Suburban Feeder
7313,11131,1127.1754559338783,0.1696551724137931,1.1744140625,1,Leisure & Waterfront
7314,9806,925.7002855394657,0.4447103877453326,1.5899128597834695,1,Leisure & Waterfront
7315,3206,970.0077978789768,0.4952038369304556,2.026415094339623,1,Leisure & Waterfront
7316,5175,997.2247342995169,0.9181523500810372,2.1,2,Residential & Inner-Suburban Feeder
7317,7609,1085.4708897358391,0.322177599286033,1.3375307125307123,1,Leisure & Waterfront
7318,7493,1120.7657813959695,0.2996005326231691,1.3606299212598425,1,Leisure & Waterfront
7319,5282,983.3727754638396,0.3537200504413619,1.576304241833252,1,Leisure & Waterfront
7320,37664,696.5468617247238,0.4939320388349514,4.334371901996884,0,Commercial & Employment Core
7321,70028,673.0600331296052,0.8789219425375032,4.679643146796432,0,Commercial & Employment Core
7322,99819,719.6554764123063,0.7374960178400765,2.46396224450845,0,Commercial & Employment Core
7323,36130,686.0284251314697,0.3864685250138453,2.9385219097449315,0,Commercial & Employment Core
7324,111400,645.839461400359,0.7064547745729488,2.917226344104926,0,Commercial & Employment Core
7326,9972,949.380966706779,0.6753524134985049,2.272309711286089,1,Leisure & Waterfront
7327,7766,968.7517383466392,1.1503046716316858,2.723873441994247,2,Residential & Inner-Suburban Feeder
7328,9182,847.4826835112176,0.4166011014948859,2.682437850842021,0,Commercial & Employment Core
7329,35141,781.1797899889018,0.482725527831094,2.262439658373561,0,Commercial & Employment Core
7330,1081,1028.59111933395,0.1705685618729097,1.2147239263803682,1,Leisure & Waterfront
7331,3907,912.898387509598,0.5644490644490644,2.9887755102040816,0,Commercial & Employment Core
7332,22077,772.0706617746977,0.7096039256922537,3.3903360509047524,0,Commercial & Employment Core
7333,72632,654.0591887873114,0.3262672438205429,3.6349307638312807,0,Commercial & Employment Core
7334,27978,703.2564872399743,0.1915695381649285,4.231862378459237,0,Commercial & Employment Core
7335,42115,678.6364953104595,0.5583080552746882,3.3152663934426227,0,Commercial & Employment Core
7336,18422,923.8909456085116,1.002304737516005,2.484773973898241,2,Residential & Inner-Suburban Feeder
7337,37803,818.1187736423035,0.4886157135221806,2.473766424699072,0,Commercial & Employment Core
7338,16303,872.1519965650493,1.3351992097464602,2.974890297415895,2,Residential & Inner-Suburban Feeder
7339,15974,857.6657693752347,1.2760942760942762,2.2564207093355075,2,Residential & Inner-Suburban Feeder
7340,12163,957.1040039463948,1.523076923076923,3.4108049311094994,2,Residential & Inner-Suburban Feeder
7341,5237,982.3356883712048,1.141390205371248,3.373121869782972,2,Residential & Inner-Suburban Feeder
7342,11959,925.9554310561084,0.6502478314745973,3.0628396739130435,0,Commercial & Employment Core
7343,15292,984.851294794664,1.6705572289156627,2.3956483126110126,2,Residential & Inner-Suburban Feeder
7344,39861,1152.740924713379,0.1721029715071423,1.044046764434417,1,Leisure & Waterfront
7345,13946,1133.651369568335,0.1789275127997844,1.2753670473083198,1,Leisure & Waterfront
7346,32064,830.9748627744511,1.2837621747347,2.9407644094875263,2,Residential & Inner-Suburban Feeder
7347,5475,1021.7919634703196,1.236413043478261,2.3829524397776405,2,Residential & Inner-Suburban Feeder
7348,11972,826.6221182759773,1.0872210953346857,2.6595354523227384,2,Residential & Inner-Suburban Feeder
7349,13400,880.9707462686567,1.0145466847090665,2.701187517260425,2,Residential & Inner-Suburban Feeder
7350,13715,860.9168793292016,0.9426871280927028,2.5674902470741223,2,Residential & Inner-Suburban Feeder
7351,16594,826.9793298782693,1.3006186726659168,3.027177869449163,2,Residential & Inner-Suburban Feeder
7352,10430,842.6441994247364,1.1767909509844994,2.828256880733945,2,Residential & Inner-Suburban Feeder
7353,8731,874.4486313137098,0.8787878787878788,2.6662468513853903,2,Residential & Inner-Suburban Feeder
7354,35315,1213.787795554297,0.1560745971392359,0.9775463351811412,1,Leisure & Waterfront
7355,6477,1079.7810714837117,0.7188478396994364,2.457310565635005,1,Leisure & Waterfront
7356,48979,679.7065272872047,0.2906794814483683,3.711976911976912,0,Commercial & Employment Core
7357,26397,927.1400537939918,0.2285528031290743,1.4152790484903934,1,Leisure & Waterfront
7358,27942,583.622217450433,0.0565969062784349,5.464029609067777,3,Commuter-Heavy Transit Hub
7359,6685,965.4070306656694,0.812962962962963,2.175213675213675,2,Residential & Inner-Suburban Feeder
7360,28131,775.0050478120223,1.1149331594391914,2.629596181137918,2,Residential & Inner-Suburban Feeder
7361,9885,918.0023267577136,0.8819561551433389,2.428224687933426,2,Residential & Inner-Suburban Feeder
7362,16275,901.6769892473118,0.8596636338571823,2.6593974820143886,2,Residential & Inner-Suburban Feeder
7363,8634,855.4455640491082,0.6165086887835703,2.89009009009009,0,Commercial & Employment Core
7364,5115,1090.721212121212,0.3904889484259879,1.4839805825242718,1,Leisure & Waterfront
7365,9860,1200.6889452332657,0.5396767083027186,1.423691324649791,1,Leisure & Waterfront
7366,49508,680.0354084188414,1.2154479147185338,2.928118057759441,2,Residential & Inner-Suburban Feeder
7367,27385,863.0826364798247,1.176536134988857,2.9213917525773194,2,Residential & Inner-Suburban Feeder
7368,38853,777.3640130749234,0.510999177631579,2.1905895877812447,0,Commercial & Employment Core
7369,4486,848.082255907267,0.9155509783728116,2.559080095162569,2,Residential & Inner-Suburban Feeder
7371,4188,988.468481375358,0.6047326906222612,3.3828451882845187,1,Leisure & Waterfront
7372,7996,741.1613306653327,0.4892569382273948,2.529567519858782,0,Commercial & Employment Core
7373,37236,686.6399720700398,0.5426710730948678,3.3079592781119853,0,Commercial & Employment Core
7374,18532,709.7476796891863,0.3970679330993186,2.450754049525228,0,Commercial & Employment Core
7375,51023,756.1957548556534,0.3176996805111821,2.549812160845972,0,Commercial & Employment Core
7376,9886,892.2997167711916,0.8482731858750485,2.6568047337278107,2,Residential & Inner-Suburban Feeder
7377,11188,972.9427958526992,0.9667289719626168,2.8480055020632737,2,Residential & Inner-Suburban Feeder
7378,11918,855.451501929854,0.7902990517870168,2.994638069705094,2,Residential & Inner-Suburban Feeder
7379,17550,884.8811965811966,1.2670469276639875,3.489002557544757,2,Residential & Inner-Suburban Feeder
7380,6201,932.080793420416,0.9389600602863604,2.782317073170732,2,Residential & Inner-Suburban Feeder
7381,28487,940.9473092989784,0.708611150517804,2.997895032276172,2,Residential & Inner-Suburban Feeder
7382,16650,707.132012012012,0.4220314735336195,2.8061714285714285,0,Commercial & Employment Core
7383,41571,740.1702629236728,0.5882819383259912,2.495879582912883,0,Commercial & Employment Core
7384,44947,708.317373795804,0.5111182726393813,2.9232783451165227,0,Commercial & Employment Core
7385,58688,665.2355166303163,0.9252381333546786,2.8795610787942887,0,Commercial & Employment Core
7386,42299,614.5407929265467,0.4528942298871663,2.8434490278030164,0,Commercial & Employment Core
7387,8561,808.6503913094265,0.8757367387033399,3.452938117524701,2,Residential & Inner-Suburban Feeder
7388,34877,801.2328181896379,0.5463501483679525,2.666841883936081,0,Commercial & Employment Core
7389,95247,661.3818178000357,0.5820318854725882,2.995511556692814,0,Commercial & Employment Core
7391,91251,680.3998860286463,0.2098353599483482,2.74678710737015,0,Commercial & Employment Core
7392,563,909.3250444049734,0.792,2.0706521739130435,2,Residential & Inner-Suburban Feeder
7395,3463,808.2740398498412,1.1534653465346534,2.6627906976744184,2,Residential & Inner-Suburban Feeder
7398,71689,758.5054750380114,0.463575175690389,2.7505100706251637,0,Commercial & Employment Core
7399,99778,752.9041071178016,0.4254775356470271,2.595805254243396,0,Commercial & Employment Core
7400,35706,1106.5553968520696,0.1052208835341365,2.502844810672945,1,Leisure & Waterfront
7403,10600,953.010566037736,0.6632302405498282,3.3665568369028005,2,Residential & Inner-Suburban Feeder
7404,8170,962.6395348837208,1.132863021751911,3.1587786259541986,2,Residential & Inner-Suburban Feeder
7406,29082,688.6819682277697,0.2957830132647001,3.46415963161934,0,Commercial & Employment Core
7407,32193,687.4852607709751,0.2257494105759515,3.0410443077695493,0,Commercial & Employment Core
7408,11923,713.174872095949,0.1918811002661934,3.658203125,0,Commercial & Employment Core
7409,70890,622.4933417971505,0.8283723875870804,3.1032586675927534,0,Commercial & Employment Core
7410,25724,722.6021614056912,1.0505085934759733,2.8558153477218227,2,Residential & Inner-Suburban Feeder
7411,47305,847.5304090476694,0.849138666211837,2.232677326773268,2,Residential & Inner-Suburban Feeder
7412,36166,724.1119006801969,1.372018654230513,2.813178703215604,2,Residential & Inner-Suburban Feeder
7413,1557,859.9743095696853,1.1,2.55125284738041,2,Residential & Inner-Suburban Feeder
7414,11203,886.8928858341516,0.4756554307116105,2.245944380069525,1,Leisure & Waterfront
7415,10008,887.3052557953637,0.5542398777692895,2.9362957137239483,0,Commercial & Employment Core
7416,54828,667.905303859342,1.1951799049558725,2.943185904350953,2,Residential & Inner-Suburban Feeder
7417,41006,686.2008730429693,0.2644507617173263,3.4051992695241164,0,Commercial & Employment Core
7418,120990,656.1901396809653,0.4717757245918238,3.061633488871731,0,Commercial & Employment Core
7419,36627,666.175362437546,0.6278666170819388,2.824284819377741,0,Commercial & Employment Core
7420,26278,760.3303904406728,1.0422271411544357,3.0325303053552246,2,Residential & Inner-Suburban Feeder
7422,25172,832.6660575242332,0.9193186072631973,2.5491329479768785,2,Residential & Inner-Suburban Feeder
7423,540,1041.8685185185186,0.410958904109589,1.5687203791469195,1,Leisure & Waterfront
7424,7254,1012.5678246484698,0.7907692307692308,2.696383087111564,2,Residential & Inner-Suburban Feeder
7425,4862,1021.911559029206,0.7375762859633828,2.516992046276211,1,Leisure & Waterfront
7426,6077,929.6177390159618,0.3630769230769231,1.3662903853639548,1,Leisure & Waterfront
7427,29433,1210.686712193796,0.1443901275783951,1.1923879040667362,1,Leisure & Waterfront
7428,9832,1135.8225183075672,0.2816696914700544,1.4329539831766451,1,Leisure & Waterfront
7429,10558,747.3200416745595,0.4747081712062256,2.4285714285714284,0,Commercial & Employment Core
7430,65116,1093.516954358376,0.3587094635655489,1.4533946198477885,1,Leisure & Waterfront
7431,16683,916.415992327519,1.1958308866705814,2.711076512455516,2,Residential & Inner-Suburban Feeder
7432,104152,670.2363276749367,0.7042416778353316,3.5080505540166205,0,Commercial & Employment Core
7433,22044,818.3069769551805,1.2580449301760777,3.2209458165805094,2,Residential & Inner-Suburban Feeder
7434,16516,1034.4948534754178,0.8838130446263534,2.643140714600794,2,Residential & Inner-Suburban Feeder
7435,8306,948.5969178906814,0.5438931297709924,2.213926499032882,1,Leisure & Waterfront
7437,39082,755.2253467069239,0.5436328377504848,2.4098761123713137,0,Commercial & Employment Core
7438,10264,784.3163484021824,0.7727635782747604,2.4647316908538643,0,Commercial & Employment Core
7440,17437,1088.129953547055,0.1596558317399617,1.1158699344819218,1,Leisure & Waterfront
7441,14849,745.5007744629268,0.8864663653283701,2.364521975532397,2,Residential & Inner-Suburban Feeder
7442,6319,938.5293559107454,0.7788400254939452,2.549129702414374,2,Residential & Inner-Suburban Feeder
7443,38009,642.9255439501171,0.9747173167323084,2.8989639963073137,2,Residential & Inner-Suburban Feeder
7444,3602,800.8489727928928,1.1670984455958548,3.1664739884393063,2,Residential & Inner-Suburban Feeder
7445,18740,806.8016542155816,0.6909223655390606,2.5973128598848367,0,Commercial & Employment Core
7446,7267,1101.6734553460851,1.7032661570535097,3.5402873204247345,2,Residential & Inner-Suburban Feeder
7447,5205,798.9400576368876,1.079350766456267,2.3123409669211195,2,Residential & Inner-Suburban Feeder
7448,1773,780.3130287648054,0.8132530120481928,2.473581213307241,2,Residential & Inner-Suburban Feeder
7449,4216,910.8984819734344,0.5186194368755677,2.180995475113122,1,Leisure & Waterfront
7450,21341,819.9353357387189,0.4044802867383512,2.2485540334855405,0,Commercial & Employment Core
7451,30794,827.2233876729233,1.994903339191564,3.2007911608238984,2,Residential & Inner-Suburban Feeder
7452,53765,677.4415511950153,1.0749083757933315,3.252709008937752,2,Residential & Inner-Suburban Feeder
7453,44377,631.9790431980531,0.9071949947862356,2.911077817925443,0,Commercial & Employment Core
7454,10741,1204.2829345498558,0.1852152721364744,1.134088200238379,1,Leisure & Waterfront
7455,4200,1176.069761904762,0.1719745222929936,1.2291777188328912,1,Leisure & Waterfront
7457,57932,611.9557929986881,0.2049344885883347,3.523973137591754,0,Commercial & Employment Core
7458,60095,705.8530992595058,0.3419647192102282,3.2843801240464816,0,Commercial & Employment Core
7459,10012,938.1105673192168,0.7310715763342988,2.521097046413502,2,Residential & Inner-Suburban Feeder
7460,6369,967.897786151672,0.14248297537978,1.3268809349890431,1,Leisure & Waterfront
7461,12683,967.5287392572736,0.0725274725274725,1.1099467731204258,1,Leisure & Waterfront
7462,119866,670.750129311064,0.3823578042328042,3.115498180319989,0,Commercial & Employment Core
7463,19500,739.4867692307693,0.6860352508231649,2.866375892149088,0,Commercial & Employment Core
7465,9631,927.2033018378154,0.8264536173990236,2.658564375237372,2,Residential & Inner-Suburban Feeder
7466,18374,787.9371938608904,0.2851717902350814,2.2414887987299346,0,Commercial & Employment Core
7467,84395,710.6455595710646,0.3958674463937622,3.097936392328235,0,Commercial & Employment Core
7468,36979,754.9369912653127,0.2490845406782359,3.031505505287256,0,Commercial & Employment Core
7469,30174,689.8921919533373,0.1226132801367911,5.608848007008322,3,Commuter-Heavy Transit Hub
7471,3707,905.5370919881306,0.5884353741496599,2.140558848433531,1,Leisure & Waterfront
7472,7435,692.3409549428379,0.1515306122448979,2.3304970891177788,0,Commercial & Employment Core
7473,44898,746.4388836919239,0.748005378753922,2.364556013488198,0,Commercial & Employment Core
7474,57703,696.2710604301336,0.5277990684511527,2.6429924242424243,0,Commercial & Employment Core
7475,61036,664.7214266989973,0.7215439149271367,3.208066184074457,0,Commercial & Employment Core
7476,18206,868.1619795671756,0.508987100866991,2.48211895199847,0,Commercial & Employment Core
7477,8308,872.8911892152142,0.8069403714565004,2.989438310129621,2,Residential & Inner-Suburban Feeder
7478,6363,1060.0988527424172,0.5497351383166569,1.7831219938784433,1,Leisure & Waterfront
7479,7061,795.3369211159892,0.3483685220729366,2.572584724329793,0,Commercial & Employment Core
7480,12123,805.4800791883197,0.4106338239711625,2.73766954377312,0,Commercial & Employment Core
7482,781,786.5633802816901,0.3169642857142857,2.157258064516129,0,Commercial & Employment Core
7483,7754,789.9046943513025,1.0482539682539682,2.3839441535776613,2,Residential & Inner-Suburban Feeder
7484,5107,884.8903465831212,0.6605723370429253,2.7483492296404988,0,Commercial & Employment Core
7485,4585,805.0462377317339,0.7614601018675722,2.7111650485436893,0,Commercial & Employment Core
7486,6924,735.0244078567302,0.4031369224247562,3.2026699029126213,0,Commercial & Employment Core
7487,6313,848.8306668778711,0.9723533378287256,3.501069137562366,2,Residential & Inner-Suburban Feeder
7488,6661,968.8255517189612,0.5390702274975272,2.285502958579882,1,Leisure & Waterfront
7489,41052,693.241766539998,1.2235242580221224,3.167495685717186,2,Residential & Inner-Suburban Feeder
7491,17388,777.3292500575109,0.2133560913164071,1.9879725085910651,0,Commercial & Employment Core
7492,38092,959.1393730967131,0.2029977794226498,1.5167811839323466,1,Leisure & Waterfront
7493,22443,717.8949338323754,0.6608349211848259,3.380366900858704,0,Commercial & Employment Core
7494,13782,728.1694238862284,0.8034383954154728,3.5476740349719567,0,Commercial & Employment Core
7496,18203,971.0866340713068,0.4038171772978403,3.910979228486647,0,Commercial & Employment Core
7497,18577,852.2048231684341,0.2886297376093295,2.998923805424021,0,Commercial & Employment Core
7501,3527,880.447405727247,0.6827354260089686,2.5467336683417083,0,Commercial & Employment Core
7502,63755,602.4523096227747,0.2362487111668982,5.055946048632219,3,Commuter-Heavy Transit Hub
7503,3159,682.9556821779044,0.5902547065337763,3.126631853785901,0,Commercial & Employment Core
7504,4444,652.5083258325833,0.7282828282828283,2.100418410041841,0,Commercial & Employment Core
7505,64971,668.1736774868788,0.8566884824759924,3.3785295505087944,0,Commercial & Employment Core
7506,40162,676.9725113291171,0.905669744811836,3.1236139630390145,0,Commercial & Employment Core
7508,26874,678.332254223413,1.00050075112669,3.0251610004493035,2,Residential & Inner-Suburban Feeder
7509,2762,735.8320057929037,0.2947131608548931,2.49873417721519,0,Commercial & Employment Core
7514,43960,1186.696337579618,0.3305409848900023,1.3396487493347524,1,Leisure & Waterfront
7515,7658,1074.051318882215,0.3537054860442733,1.3525798525798525,1,Leisure & Waterfront
7516,5919,1072.748099341105,0.2437125748502994,1.5754675946063506,1,Leisure & Waterfront
7517,4410,1095.8344671201814,0.556,2.253687315634218,1,Leisure & Waterfront
7518,29981,1129.494313064941,0.1280202650038971,1.0932002234012843,1,Leisure & Waterfront
7519,3792,1148.835970464135,1.074935400516796,2.3935599284436493,2,Residential & Inner-Suburban Feeder
7520,8529,849.9499355141282,1.0224948875255624,2.7204535542956827,2,Residential & Inner-Suburban Feeder
7521,24076,852.9843827878385,0.4271332694151486,2.220706260032103,0,Commercial & Employment Core
7522,12254,844.437000163212,1.0704761904761906,2.5565873476494487,2,Residential & Inner-Suburban Feeder
7523,72693,776.5350583962693,0.6460253300997035,2.666649853727429,0,Commercial & Employment Core
7524,80623,798.8302469518624,1.0002122241086588,2.5929144385026737,2,Residential & Inner-Suburban Feeder
7525,2034,887.9960668633234,0.3393501805054151,1.9464544138929087,1,Leisure & Waterfront
7526,31687,941.8450153059614,0.5515142517814727,2.0864906983539497,1,Leisure & Waterfront
7527,4470,927.3170022371364,0.6019323671497585,2.140449438202247,1,Leisure & Waterfront
7528,11457,983.038317186,0.5175212098856511,2.115551930396955,1,Leisure & Waterfront
7529,7384,892.9952600216685,0.8947075208913648,2.6510133465150765,2,Residential & Inner-Suburban Feeder
7530,17965,815.6205399387699,0.7356502242152466,2.538204017329657,0,Commercial & Employment Core
7531,37486,656.6879368297498,0.7595461488108226,3.047942986718497,0,Commercial & Employment Core
7533,64880,776.496085080148,1.0041666666666669,2.9367756810873127,2,Residential & Inner-Suburban Feeder
7534,56174,745.2839391889486,0.5715367146101439,2.1349963725654333,0,Commercial & Employment Core
7535,3483,734.8277347114556,0.7404761904761905,2.4504950495049505,0,Commercial & Employment Core
7536,74572,698.1929008206833,0.8808342795673221,2.418786961903452,0,Commercial & Employment Core
7537,21702,723.9270113353608,1.129455909943715,3.0492537313432835,2,Residential & Inner-Suburban Feeder
7538,7366,936.3045071952212,1.4194780394653088,3.0,2,Residential & Inner-Suburban Feeder
7539,7871,895.0105450387498,1.0394660475914104,2.897524752475248,2,Residential & Inner-Suburban Feeder
7540,10191,944.856540084388,0.5181208053691275,3.210243700950021,0,Commercial & Employment Core
7541,25517,708.093271152565,1.507379679144385,2.569090909090909,2,Residential & Inner-Suburban Feeder
7542,128128,704.4744084040959,0.3464016747777385,2.848787960710102,0,Commercial & Employment Core
7543,62236,694.5370525098014,0.7245066332255297,3.169212218649517,0,Commercial & Employment Core
7544,8074,706.4718850631657,0.5124208475401851,2.758026989297348,0,Commercial & Employment Core
7545,57417,639.9574516258251,0.4076737083227284,2.644956516219133,0,Commercial & Employment Core
7546,27547,610.3483137909755,0.4515474378488077,3.3052039381153304,0,Commercial & Employment Core
7547,39668,602.2685035797116,0.3759792999353123,6.096601073345259,3,Commuter-Heavy Transit Hub
7548,62624,601.4819078947369,0.61493514832413,3.1039318479685454,0,Commercial & Employment Core
7549,49704,709.9497625945598,1.1274546827794565,2.9228158787783127,2,Residential & Inner-Suburban Feeder
7551,27563,741.1606501469361,0.5852893013100436,2.697518443997317,0,Commercial & Employment Core
7552,1985,834.5380352644836,0.4324817518248175,1.9612518628912072,0,Commercial & Employment Core
7553,3475,861.4040287769784,0.3546255506607929,2.085181898846495,1,Leisure & Waterfront
7554,4579,1193.9307709106793,0.1339608979000724,1.5895986433013,1,Leisure & Waterfront
7555,3613,805.6720177138112,0.2857142857142857,2.7577962577962576,0,Commercial & Employment Core
7556,10193,582.9533012851957,0.0728439328175127,5.021854695806261,3,Commuter-Heavy Transit Hub
7557,4636,836.2057808455565,0.3296803652968036,2.1745379876796718,0,Commercial & Employment Core
7558,3546,1061.493231810491,0.5979695431472081,1.8775344687753448,1,Leisure & Waterfront
7559,5474,834.8860065765437,1.4767339771729588,2.727705922396188,2,Residential & Inner-Suburban Feeder
7560,174,720.6264367816092,1.4324324324324325,2.450980392156863,2,Residential & Inner-Suburban Feeder
7561,8114,794.9701750061622,0.6663390663390664,2.659152389540126,0,Commercial & Employment Core
7562,3394,909.3152622274604,1.1193415637860082,3.101449275362319,2,Residential & Inner-Suburban Feeder
7563,6887,858.2755916944968,0.2506433350488934,2.193787668057487,1,Leisure & Waterfront
7564,6145,747.6883645240033,0.7427293064876958,2.976067270375162,0,Commercial & Employment Core
7565,6336,855.7002840909091,0.1747422680412371,2.0080683436165163,1,Leisure & Waterfront
7566,5738,902.0012199372604,0.2780058651026393,2.0418653948065715,1,Leisure & Waterfront
7567,1664,1135.2151442307693,0.18,1.4572271386430675,1,Leisure & Waterfront
7568,16767,895.8595455358741,0.6826131687242798,2.60313708637731,2,Residential & Inner-Suburban Feeder
7569,48410,1076.3462301177442,0.1887044757335011,1.2130188334247578,1,Leisure & Waterfront
7570,43641,889.4428175339704,0.9280975609756098,3.210612638687892,2,Residential & Inner-Suburban Feeder
7571,16508,916.065483401987,1.2022774947557686,2.753125710388725,2,Residential & Inner-Suburban Feeder
7572,3672,887.3695533769063,0.7665148063781321,3.114221724524076,2,Residential & Inner-Suburban Feeder
7575,42145,796.3663067979594,0.8467604624070257,2.286828355299072,2,Residential & Inner-Suburban Feeder
7576,42289,827.8510723828891,0.8814882400648824,2.36417150584679,2,Residential & Inner-Suburban Feeder
7577,35745,735.9986851307875,1.7773967264224473,3.2898115924636984,2,Residential & Inner-Suburban Feeder
7578,376,598.2632978723404,0.8160919540229885,2.978947368421053,0,Commercial & Employment Core
7579,7103,927.4713501337465,0.5828819068255688,2.6510791366906474,1,Leisure & Waterfront
7580,11950,984.6767364016736,0.709625322997416,3.190743338008416,2,Residential & Inner-Suburban Feeder
7581,13586,760.3948918003828,0.4876720183486238,2.2390941597139453,0,Commercial & Employment Core
7582,2432,1052.6772203947369,0.7911714770797963,2.3665283540802213,1,Leisure & Waterfront
7583,2710,1211.9523985239853,0.2291407222914072,1.4042553191489362,1,Leisure & Waterfront
7584,5651,746.6106883737392,0.4807692307692308,2.502478314745973,0,Commercial & Employment Core
7585,4904,718.6331566068516,0.7990049751243781,3.0612582781456954,0,Commercial & Employment Core
7586,3671,624.2601470988832,0.273469387755102,2.8101659751037342,0,Commercial & Employment Core
7587,1306,1069.4609494640122,0.2580645161290322,1.868421052631579,1,Leisure & Waterfront
7588,1872,1181.3563034188037,0.0880681818181818,1.7970149253731342,1,Leisure & Waterfront
7589,1880,1134.148936170213,0.2150735294117647,1.486129458388375,1,Leisure & Waterfront
7590,1984,1174.9974798387098,0.2083333333333333,1.5331632653061225,1,Leisure & Waterfront
7591,2427,957.1808817470128,1.024793388429752,3.314387211367673,2,Residential & Inner-Suburban Feeder
7593,4399,918.4016822005,0.406628940986257,2.6766917293233083,1,Leisure & Waterfront
7594,7910,1035.4565107458914,0.8006607929515418,2.5180080035571364,2,Residential & Inner-Suburban Feeder
7595,5157,1028.806282722513,0.5797752808988764,1.8950617283950617,1,Leisure & Waterfront
7596,17319,855.9908193313702,1.0882432068872747,3.025331164303974,2,Residential & Inner-Suburban Feeder
7597,1312,1130.217987804878,0.3772455089820359,2.2205882352941178,1,Leisure & Waterfront
7598,1834,1060.5130861504908,0.4358407079646018,2.1277683134582626,1,Leisure & Waterfront
7599,52149,695.9418205526472,0.2522399392558845,3.604944812362031,0,Commercial & Employment Core
7600,36820,602.3899239543726,0.0805115631833543,7.428015564202335,3,Commuter-Heavy Transit Hub
7601,16852,1263.8214455257537,0.1914164819665524,0.7937420178799489,1,Leisure & Waterfront
7602,2860,806.8503496503497,0.507177033492823,2.7072538860103625,0,Commercial & Employment Core
7603,2155,992.5962877030164,0.4934853420195439,2.6683673469387754,1,Leisure & Waterfront
7604,2577,994.2945285215368,1.4851851851851852,3.393526405451448,2,Residential & Inner-Suburban Feeder
7605,3715,833.6646029609691,0.997322623828648,2.8880753138075312,2,Residential & Inner-Suburban Feeder
7606,3195,1122.9981220657278,0.465005931198102,1.6226415094339623,1,Leisure & Waterfront
7607,5397,972.2532888641838,1.3507326007326008,2.7728860936408104,2,Residential & Inner-Suburban Feeder
7608,3693,1204.959111833198,0.1658730158730158,1.2152278177458034,1,Leisure & Waterfront
7609,2988,1133.6171352074966,0.3137082601054481,1.8916827852998064,1,Leisure & Waterfront
7610,7431,766.123132821962,1.0986632718014004,3.3064889918887603,2,Residential & Inner-Suburban Feeder
7611,6750,755.0662222222222,0.3882047958522359,2.074681238615665,0,Commercial & Employment Core
7612,1019,892.0657507360157,0.6896551724137931,2.231012658227848,2,Residential & Inner-Suburban Feeder
7613,563,1228.404973357016,0.1243781094527363,1.20703125,1,Leisure & Waterfront
7614,1868,1287.9855460385438,0.0998573466476462,1.3287671232876712,1,Leisure & Waterfront
7615,1347,1314.201187824796,0.0907297830374753,0.9664723032069972,1,Leisure & Waterfront
7616,4560,1338.097149122807,0.103019538188277,1.041163310961969,1,Leisure & Waterfront
7617,1218,999.2701149425288,0.1468531468531468,0.8625954198473282,1,Leisure & Waterfront
7618,3776,1072.6387711864406,0.829736211031175,2.5540921919096897,2,Residential & Inner-Suburban Feeder
7619,5385,894.8124419684308,0.5857805255023184,3.195482866043614,0,Commercial & Employment Core
7620,17598,1003.5888737356518,1.1002184598580012,3.256348246674728,2,Residential & Inner-Suburban Feeder
7621,455,955.3252747252748,0.445859872611465,2.173611111111111,1,Leisure & Waterfront
7622,3936,1341.4197154471544,0.1239543726235741,1.2324263038548753,1,Leisure & Waterfront
7623,6956,1009.872484186314,0.3189964157706093,1.4337180832458902,1,Leisure & Waterfront
7624,869,695.7111622554661,0.2402402402402402,3.1279620853080567,0,Commercial & Employment Core
7625,5188,927.8238242097148,0.5357411587659895,2.51864406779661,1,Leisure & Waterfront
7626,1380,1061.123188405797,0.100896860986547,1.3033333333333332,1,Leisure & Waterfront
7627,32833,820.4869186489203,0.8181042884990254,2.738046448087432,2,Residential & Inner-Suburban Feeder
7629,3687,1138.836994846759,0.2816651904340124,1.2955818294959551,1,Leisure & Waterfront
7630,2819,956.4583185526784,0.6511627906976745,2.093201754385965,1,Leisure & Waterfront
7631,1811,875.2904472667035,1.680327868852459,2.7151639344262297,2,Residential & Inner-Suburban Feeder
7632,3543,1055.7166243296642,0.3482233502538071,2.595334685598377,1,Leisure & Waterfront
7633,20670,845.7965166908563,0.62597503900156,2.6026490066225167,0,Commercial & Employment Core
7634,18784,632.084433560477,0.20052237919981,8.106156083373728,3,Commuter-Heavy Transit Hub
7635,8806,762.4008630479219,0.793022159358793,2.2853412905632227,0,Commercial & Employment Core
7636,2864,963.0391061452514,0.3722438391699092,1.9730290456431536,1,Leisure & Waterfront
7637,7004,745.526841804683,0.1683060109289617,3.808510638297872,0,Commercial & Employment Core
7638,3,332.6666666666667,0.3333333333333333,4.0,0,Commercial & Employment Core
7639,16573,722.7347492910155,1.436265709156194,3.0515766316304083,2,Residential & Inner-Suburban Feeder
7640,7153,919.747937928142,0.8257622899813317,2.237556561085973,2,Residential & Inner-Suburban Feeder
7641,10975,824.7532574031891,0.5920398009950248,2.652911813643927,0,Commercial & Employment Core
7642,34015,891.4221078935764,0.7619380386675985,3.671381488602032,2,Residential & Inner-Suburban Feeder
7643,5211,945.1938207637688,0.8476118271417741,2.952236542835481,2,Residential & Inner-Suburban Feeder
7644,10243,902.448599043249,0.8423665701282582,2.989485981308411,2,Residential & Inner-Suburban Feeder
7645,779,1220.9858793324777,0.0842911877394636,1.9809160305343512,1,Leisure & Waterfront
7646,38979,749.2951845865723,0.1932700603968938,3.210065881844692,0,Commercial & Employment Core
7647,40638,673.3369260298243,0.1560739238224025,6.900466562986003,3,Commuter-Heavy Transit Hub
7648,10333,815.8977063776251,0.32449105490438,3.344262295081968,0,Commercial & Employment Core
7650,6319,975.445165374268,0.6309669522643819,2.358660998937301,1,Leisure & Waterfront
7653,2350,966.2514893617022,0.3227206946454414,1.657627118644068,1,Leisure & Waterfront
7654,13106,845.7437051732031,0.6047120418848168,1.9995423340961096,0,Commercial & Employment Core
7655,12281,855.5829329859132,0.7903721406623421,2.4300474727729684,2,Residential & Inner-Suburban Feeder
7656,22730,818.7209854817422,0.3590207032533684,2.1337193272677144,0,Commercial & Employment Core
7657,31095,702.7446213217559,0.981042654028436,2.643895008202484,2,Residential & Inner-Suburban Feeder
7658,5658,1195.3285613290916,0.15,1.140695915279879,1,Leisure & Waterfront
7659,9433,780.7675182868653,0.5746413338503296,2.33274461321088,0,Commercial & Employment Core
7660,37865,655.5061402350456,0.1237122252747252,3.318280305622078,0,Commercial & Employment Core
7662,25788,893.6154800682488,0.8240884741662347,2.172982283464567,2,Residential & Inner-Suburban Feeder
7663,2826,1077.901627742392,0.135593220338983,4.953684210526316,3,Commuter-Heavy Transit Hub
7664,2844,1039.4082278481012,0.1219330855018587,6.7972602739726025,3,Commuter-Heavy Transit Hub
7665,5013,888.6461200877718,0.1917200591424347,7.602058319039451,3,Commuter-Heavy Transit Hub
7666,13303,773.1537998947606,0.5269409038238703,1.9338478500551268,0,Commercial & Employment Core
7667,50082,668.6743141248353,0.6131399464732799,2.7928057553956838,0,Commercial & Employment Core
7668,61422,612.1262251310606,0.6886357819298695,3.2207105064247923,0,Commercial & Employment Core
7670,1614,961.7583643122676,0.545054945054945,2.615212527964206,1,Leisure & Waterfront
7671,6148,990.0554651919324,0.774503084304318,2.7799631223110017,2,Residential & Inner-Suburban Feeder
7675,32296,834.5687701263314,0.6069092976969007,2.156567630961689,0,Commercial & Employment Core
7676,2201,1012.4189004997728,0.1131105398457583,2.6901172529313238,1,Leisure & Waterfront
7677,15795,902.579930357708,0.5533092147265376,3.3589955849889623,0,Commercial & Employment Core
7678,1930,675.9455958549223,0.1336032388663967,2.6452830188679246,0,Commercial & Employment Core
7679,1673,802.8679019725045,0.0893854748603352,3.4078947368421053,0,Commercial & Employment Core
7680,13483,994.3498479566862,0.1508916323731138,1.286755977615737,1,Leisure & Waterfront
7681,15167,1026.971978637832,0.1836279069767442,2.8984836802878435,1,Leisure & Waterfront
7682,101909,690.8085939416538,0.8764511126943548,2.282157809983897,0,Commercial & Employment Core
7683,8774,850.6530658764532,0.389589905362776,2.198250728862974,0,Commercial & Employment Core
7684,41507,773.385019394319,0.3995164480914353,2.849842329808941,0,Commercial & Employment Core
7685,51694,696.1279452160792,0.4726599972591476,2.840427902830399,0,Commercial & Employment Core
7686,38519,686.4864871881409,0.3476790077053185,1.9151657333131529,0,Commercial & Employment Core
7687,28206,798.192051336595,0.5039787798408488,2.246403498676488,0,Commercial & Employment Core
7688,15794,1035.3532354058502,0.2591117307309301,1.268562401263823,1,Leisure & Waterfront
7689,11150,869.3286098654709,0.7649346058677978,2.8857142857142857,2,Residential & Inner-Suburban Feeder
7691,24481,757.8239859482865,0.8181006783291681,2.609997051017399,0,Commercial & Employment Core
7692,11718,1031.8379416282642,0.5864132347764871,2.09807031456516,1,Leisure & Waterfront
7693,83779,643.4907793122381,0.8069484597746984,2.863546230112981,0,Commercial & Employment Core
7694,2567,878.9470198675497,0.7586805555555556,2.268447837150127,2,Residential & Inner-Suburban Feeder
7695,10719,1058.4807351432037,0.8022165387894288,2.2041243275552898,1,Leisure & Waterfront
7696,4397,1053.209233568342,1.3662131519274376,3.704812834224599,2,Residential & Inner-Suburban Feeder
7697,836,989.7153110047848,0.5075757575757576,2.198473282442748,1,Leisure & Waterfront
7698,2687,949.4640863416448,0.5934426229508196,1.9844617092119867,1,Leisure & Waterfront
7699,5414,1015.2330993719984,0.7979363714531384,2.5260416666666665,2,Residential & Inner-Suburban Feeder
7700,6851,1002.6861772004088,0.7616279069767442,2.6963322545846817,2,Residential & Inner-Suburban Feeder
7701,23033,841.1226066947423,0.6084317585301837,2.371140055612469,0,Commercial & Employment Core
7702,28464,805.1140387858347,1.0235923246303869,2.479100464434124,2,Residential & Inner-Suburban Feeder
7703,27916,695.2477074079382,1.2691332995438418,3.316993969383021,2,Residential & Inner-Suburban Feeder
7704,5091,926.0155175800433,0.9588441330998247,2.893730886850153,2,Residential & Inner-Suburban Feeder
7705,24114,828.4688147963839,0.8787878787878788,3.66640866873065,2,Residential & Inner-Suburban Feeder
7706,14148,888.5643907266044,1.0356318046849224,2.8587401145350424,2,Residential & Inner-Suburban Feeder
7707,64597,950.074631948852,0.4279284412032816,1.5925673235140667,1,Leisure & Waterfront
7708,9743,851.7824078825823,0.8110789582472095,2.6926866237211065,2,Residential & Inner-Suburban Feeder
7709,7680,1023.5571614583332,0.5259515570934256,2.15482546201232,1,Leisure & Waterfront
7710,32922,695.9024360609926,0.8546460821438975,2.69475928627539,0,Commercial & Employment Core
7711,13380,798.6620328849028,0.9894053315105946,2.653289653289653,2,Residential & Inner-Suburban Feeder
7712,43322,787.7205807672776,0.5592529157491233,2.614248769500292,0,Commercial & Employment Core
7713,54166,686.8082376398479,0.1911515562224696,4.277988892136802,0,Commercial & Employment Core
7714,425,1156.1929411764706,0.0853658536585365,1.9448275862068964,1,Leisure & Waterfront
7715,6179,750.2095808383234,0.8868060562364816,2.8391304347826085,2,Residential & Inner-Suburban Feeder
7716,41036,688.6105858270787,0.5390321441186859,2.4206885054596983,0,Commercial & Employment Core
7717,40532,669.7847626566663,0.8364138719512195,2.794252550781616,0,Commercial & Employment Core
7718,48383,717.2200566314615,0.5978058064034629,3.101814174296372,0,Commercial & Employment Core
7719,41034,718.1905980406492,0.6320072332730561,2.43282583235737,0,Commercial & Employment Core
7720,110673,670.5114255509474,0.6826172561704521,2.973111717403791,0,Commercial & Employment Core
7721,70633,653.3850183342064,0.5225051975051975,2.858149442866506,0,Commercial & Employment Core
7722,146,811.4383561643835,0.2448979591836734,2.020408163265306,0,Commercial & Employment Core
7724,36982,648.415607592883,0.651655333853528,2.580251694094869,0,Commercial & Employment Core
7725,9060,816.9341059602649,0.3975862068965517,3.096745027124774,0,Commercial & Employment Core
7728,11079,773.9871829587507,0.5937007874015748,2.9100211714890616,0,Commercial & Employment Core
7729,12652,847.4878280113816,0.4606828763579927,3.095145631067961,0,Commercial & Employment Core
7730,28392,848.8150535362074,1.077305450805622,2.470724850262804,2,Residential & Inner-Suburban Feeder
7731,3868,820.0760082730093,0.7985524728588661,2.786692759295499,2,Residential & Inner-Suburban Feeder
7732,1676,899.6211217183771,0.6256684491978609,2.062043795620438,1,Leisure & Waterfront
7733,1431,758.1719077568134,0.7942122186495176,2.436450839328537,0,Commercial & Employment Core
7734,955,881.565445026178,1.0497512437810943,2.57089552238806,2,Residential & Inner-Suburban Feeder
7735,798,855.9310776942356,0.8823529411764706,2.0303030303030303,2,Residential & Inner-Suburban Feeder
7736,831,955.728038507822,0.59,2.2412451361867705,1,Leisure & Waterfront
7737,1338,1123.3168908819132,0.1533864541832669,1.350877192982456,1,Leisure & Waterfront
7738,1019,871.3385672227674,0.8054054054054054,2.545138888888889,2,Residential & Inner-Suburban Feeder
7739,1556,871.9730077120822,0.8212121212121212,2.2869198312236287,2,Residential & Inner-Suburban Feeder
7740,670,903.3074626865672,0.3419354838709677,2.536842105263158,1,Leisure & Waterfront
7741,3623,968.80402980955,0.5629268292682926,1.9376012965964344,1,Leisure & Waterfront
7742,921,1132.2964169381107,0.2713414634146341,3.03056768558952,1,Leisure & Waterfront
7743,1101,962.3587647593096,0.8246268656716418,2.9392857142857145,2,Residential & Inner-Suburban Feeder
7744,1624,965.20381773399,0.3755760368663594,3.179948586118252,1,Leisure & Waterfront
7745,2180,1059.03623853211,0.7320574162679426,2.301059001512859,1,Leisure & Waterfront
7746,3097,1087.6696803358088,1.2146118721461188,2.451002227171492,2,Residential & Inner-Suburban Feeder
7747,1489,1022.9382135661518,0.6103542234332425,2.6633906633906634,1,Leisure & Waterfront
7748,3100,989.226129032258,0.6201657458563536,2.5944380069524917,1,Leisure & Waterfront
7749,1833,903.100927441353,0.3555045871559633,2.208041958041958,1,Leisure & Waterfront
7750,3015,758.1412935323383,0.5408299866131191,3.022666666666667,0,Commercial & Employment Core
7751,3518,912.8405343945424,0.2395038167938931,2.32703213610586,1,Leisure & Waterfront
7752,7702,1144.380550506362,1.0345838218053929,2.138085539714868,2,Residential & Inner-Suburban Feeder
7753,7981,869.2707680741762,1.5167990226023214,3.064663951120163,2,Residential & Inner-Suburban Feeder
7754,2102,1061.3905803996197,0.702,2.8115942028985508,1,Leisure & Waterfront
7755,1874,1036.2129135538953,1.4223918575063612,2.355992844364937,2,Residential & Inner-Suburban Feeder
7756,451,972.3370288248336,0.3333333333333333,1.96078431372549,1,Leisure & Waterfront
7757,47488,705.0615945080863,0.4692506821521024,3.2296045600285,0,Commercial & Employment Core
7758,386,1022.4870466321244,0.2016129032258064,2.919191919191919,1,Leisure & Waterfront
7759,862,762.0870069605569,0.225,2.756521739130435,0,Commercial & Employment Core
7760,8379,654.968015276286,1.388235294117647,3.100293542074364,2,Residential & Inner-Suburban Feeder
7761,31482,654.8581729242106,0.7303297844715658,2.9747506627951017,0,Commercial & Employment Core
7762,40544,606.4106649565904,0.1273644388398487,4.295285359801489,0,Commercial & Employment Core
7765,4216,792.6093453510437,0.7075913776944704,2.3609561752988046,0,Commercial & Employment Core
7766,43659,710.4973086877849,0.3062333118497375,2.3676050906286155,0,Commercial & Employment Core
7767,790,586.253164556962,0.531578947368421,3.604651162790698,0,Commercial & Employment Core
7768,43876,663.0371045674173,0.3917442627758633,3.8585981618868335,0,Commercial & Employment Core
7769,1828,726.6728665207877,0.2561728395061728,3.632911392405063,0,Commercial & Employment Core
7770,53592,705.4633900582177,0.1851593393812514,2.758872212091457,0,Commercial & Employment Core
7771,8330,950.6301320528212,1.1170994610485057,2.5836559139784945,2,Residential & Inner-Suburban Feeder
7772,52262,633.9661704488922,0.3799809981557033,3.5360180524214546,0,Commercial & Employment Core
7773,2039,1062.5129965669446,0.3548951048951049,2.7726432532347505,1,Leisure & Waterfront
7774,543,897.2357274401473,0.2413793103448276,2.4713375796178343,1,Leisure & Waterfront
7775,853,969.4689331770222,0.5157894736842106,2.0319148936170213,1,Leisure & Waterfront
7776,2072,1138.3267374517377,0.4437869822485207,4.172069825436409,1,Leisure & Waterfront
7777,3914,1090.2800204394482,0.8796198521647307,2.6943396226415093,2,Residential & Inner-Suburban Feeder
7778,1673,1033.2420800956363,0.8633720930232558,2.136704119850187,2,Residential & Inner-Suburban Feeder
7779,2563,1144.3070620366757,1.022181146025878,3.014084507042253,2,Residential & Inner-Suburban Feeder
7780,6762,926.6802721088436,0.8223961468994582,3.1344743276283618,2,Residential & Inner-Suburban Feeder
7781,10421,931.243834564821,0.8804751299183371,3.3123707074886224,2,Residential & Inner-Suburban Feeder
7782,2384,645.0935402684564,0.3178016726403823,2.739811912225705,0,Commercial & Employment Core
7783,1813,691.7975730832874,0.0936863543788187,3.3734939759036147,0,Commercial & Employment Core
7784,3755,1171.5339547270307,0.2941747572815534,1.6272727272727272,1,Leisure & Waterfront
7785,997,976.9979939819458,0.2338129496402877,2.233009708737864,1,Leisure & Waterfront
7787,25062,862.5704652461894,0.4336881472957422,1.8743119266055048,1,Leisure & Waterfront
7788,55907,832.4972007083192,0.1928779069767441,2.5387682764731947,0,Commercial & Employment Core
7789,9916,1030.495260185559,0.7632346811171321,2.630307467057101,2,Residential & Inner-Suburban Feeder
7790,33409,778.9733604717292,0.8874363720499768,2.7527799618106257,2,Residential & Inner-Suburban Feeder
7791,41394,813.0025124414167,0.3652816251154201,2.0943339811631034,0,Commercial & Employment Core
7792,24205,813.4162776285891,0.7500384319754035,2.611906893464637,0,Commercial & Employment Core
7793,1,1255.0,1.0,0.5,1,Leisure & Waterfront
7794,28214,786.1168214361664,0.2303757623450718,3.0727482678983837,0,Commercial & Employment Core
7795,6938,626.70870567887,0.7224513847967,2.4390485629335976,0,Commercial & Employment Core
7796,46255,714.9398335315101,0.9089074155331286,2.579155060352832,2,Residential & Inner-Suburban Feeder
7798,31869,741.2972794879036,0.8895539906103287,2.6444825614636938,2,Residential & Inner-Suburban Feeder
7799,1437,689.1099512874043,0.3722222222222222,2.4018912529550827,0,Commercial & Employment Core
7800,475,1039.2126315789474,0.2051282051282051,1.98125,1,Leisure & Waterfront
7801,226,1073.725663716814,0.4090909090909091,1.350515463917526,1,Leisure & Waterfront
7802,15567,783.8350356523415,0.9172435494021396,2.553754850490756,2,Residential & Inner-Suburban Feeder
7803,600,1186.375,0.7422680412371134,2.810126582278481,1,Leisure & Waterfront
7804,8978,885.364000891067,1.1182291666666666,2.671300081766149,2,Residential & Inner-Suburban Feeder
7805,1271,807.6955153422502,0.7065217391304348,2.082324455205811,0,Commercial & Employment Core
7806,952,865.7647058823529,0.2100591715976331,2.444043321299639,1,Leisure & Waterfront
7807,418,719.4641148325359,0.3448275862068966,2.088235294117647,0,Commercial & Employment Core
7808,385,1018.8285714285714,0.275,2.989690721649485,1,Leisure & Waterfront
7809,351,863.3817663817664,1.328125,2.2685185185185186,2,Residential & Inner-Suburban Feeder
7810,40325,743.2121512709238,0.3417783992761372,2.8304521276595747,0,Commercial & Employment Core
7811,798,808.8822055137845,0.7972972972972973,2.125,2,Residential & Inner-Suburban Feeder
7812,246,1054.6260162601627,0.2753623188405797,1.6666666666666667,1,Leisure & Waterfront
7813,6610,940.8839636913768,0.9918648310387984,3.726233023588277,2,Residential & Inner-Suburban Feeder
7814,310,1005.9741935483872,0.2394366197183098,1.4761904761904765,1,Leisure & Waterfront
7815,7293,814.9428218839984,0.7877252252252253,3.13314447592068,2,Residential & Inner-Suburban Feeder
7816,60550,696.1740710156895,0.2175170831462916,2.984208448480063,0,Commercial & Employment Core
7817,37634,676.6929638093213,0.7027313965833414,2.577226499382188,0,Commercial & Employment Core
7818,12523,946.9413878463628,0.709085252022402,3.379370629370629,2,Residential & Inner-Suburban Feeder
7819,1564,980.096547314578,1.2534818941504178,3.046511627906977,2,Residential & Inner-Suburban Feeder
7820,7821,862.0088224012275,0.96147495872317,3.23551705468327,2,Residential & Inner-Suburban Feeder
7821,25972,814.0912906206684,1.2963621984974298,2.642917251051893,2,Residential & Inner-Suburban Feeder
7822,9041,1022.5823470854994,0.1701680672268907,1.6008052919183204,1,Leisure & Waterfront
7823,3231,918.8910554008048,1.3448773448773448,3.0717884130982367,2,Residential & Inner-Suburban Feeder
7824,1019,848.2679097154073,0.3512396694214876,2.220820189274448,0,Commercial & Employment Core
7825,203,943.2758620689656,0.4464285714285714,2.106060606060606,1,Leisure & Waterfront
7826,10148,954.1270201024832,1.3255701115963126,2.411764705882353,2,Residential & Inner-Suburban Feeder
7827,3641,809.2230156550398,1.195219123505976,2.721144024514811,2,Residential & Inner-Suburban Feeder
7828,479,987.1085594989562,0.3770491803278688,2.942622950819672,1,Leisure & Waterfront
7829,780,1047.9769230769232,0.2583025830258302,2.671361502347418,1,Leisure & Waterfront
7830,674,926.3946587537092,1.8032786885245904,2.7555555555555555,2,Residential & Inner-Suburban Feeder
7831,511,982.412915851272,0.2279411764705882,2.2468354430379747,1,Leisure & Waterfront
7832,2350,915.552340425532,0.3224222585924713,2.4690265486725664,1,Leisure & Waterfront
7833,1069,941.2291861552852,0.3278145695364238,3.026315789473684,1,Leisure & Waterfront
7834,530,977.311320754717,0.5202312138728323,2.546666666666667,1,Leisure & Waterfront
7835,440,1128.1409090909092,0.1049723756906077,4.2,1,Leisure & Waterfront
7836,1158,1039.408462867012,0.7452830188679245,2.401759530791789,1,Leisure & Waterfront
7837,288,1145.232638888889,0.2117647058823529,1.8712871287128716,1,Leisure & Waterfront
7838,4380,1055.850913242009,0.6928999144568007,2.2268041237113403,1,Leisure & Waterfront
7839,1311,908.9938977879482,0.3577464788732394,2.4103896103896103,1,Leisure & Waterfront
7840,756,989.7949735449736,0.2403846153846154,2.184873949579832,1,Leisure & Waterfront
7841,2335,977.3374732334048,0.2770083102493075,2.954314720812183,1,Leisure & Waterfront
7842,1208,622.4130794701987,1.3421052631578947,3.514925373134328,2,Residential & Inner-Suburban Feeder
7843,3037,952.7655581165624,0.4879288437102922,2.982961992136304,1,Leisure & Waterfront
7844,2331,959.83268983269,0.3378995433789954,1.787335722819594,1,Leisure & Waterfront
7845,1536,853.4407552083334,0.9671641791044776,2.8069306930693068,2,Residential & Inner-Suburban Feeder
7846,1764,1048.424036281179,0.4022346368715084,2.396153846153846,1,Leisure & Waterfront
7848,10729,731.2377668002609,1.306878306878307,3.0570888468809074,2,Residential & Inner-Suburban Feeder
7849,592,1153.7719594594594,0.3544303797468354,3.0965517241379312,1,Leisure & Waterfront
7850,48388,706.3838761676449,0.7115353890397828,2.8450536352800952,0,Commercial & Employment Core
7851,586,1082.216723549488,0.2592592592592592,2.5636363636363635,1,Leisure & Waterfront
7852,646,956.9798761609908,0.42,2.834319526627219,1,Leisure & Waterfront
7853,195,873.6974358974359,0.4634146341463415,2.0307692307692307,1,Leisure & Waterfront
7854,904,1029.8982300884957,0.4725738396624472,2.3308823529411766,1,Leisure & Waterfront
7855,774,896.4780361757106,0.841726618705036,2.8606965174129355,2,Residential & Inner-Suburban Feeder
7856,415,1148.028915662651,0.3944954128440367,1.5740740740740742,1,Leisure & Waterfront
7857,791,992.1390644753476,0.3563218390804598,3.3097826086956523,1,Leisure & Waterfront
7858,1127,924.977817213842,0.2729805013927576,2.5841269841269843,1,Leisure & Waterfront
7859,400,1008.7325,0.1271186440677966,1.2971428571428572,1,Leisure & Waterfront
7860,398,1183.9447236180904,0.1428571428571428,1.5157232704402517,1,Leisure & Waterfront
7861,352,964.005681818182,0.2808988764044944,2.2777777777777777,1,Leisure & Waterfront
7862,422,994.6255924170616,0.3541666666666667,3.156862745098039,1,Leisure & Waterfront
7863,177,1018.7514124293784,0.5454545454545454,2.314814814814815,1,Leisure & Waterfront
7864,21276,593.8007144200037,0.2634431607473969,4.362399193548387,0,Commercial & Employment Core
7865,768,964.2356770833334,0.6172839506172839,2.0434782608695654,1,Leisure & Waterfront
7866,17890,770.7741755170487,0.6827438370846731,2.638804148871263,0,Commercial & Employment Core
7867,10611,872.4806333050608,0.4995313964386129,3.089788053949904,0,Commercial & Employment Core
7868,651,972.7450076804917,0.136,3.664285714285714,1,Leisure & Waterfront
7869,128,1051.46875,0.21875,1.6,1,Leisure & Waterfront
7870,460,1298.7391304347825,0.3278688524590163,3.6666666666666665,1,Leisure & Waterfront
7871,203,1009.9950738916256,0.2807017543859649,2.014705882352941,1,Leisure & Waterfront
7872,1063,704.513640639699,0.5967741935483871,2.3385579937304075,0,Commercial & Employment Core
7873,797,752.3199498117942,0.5212765957446809,2.357142857142857,0,Commercial & Employment Core
7874,1452,797.948347107438,0.4066265060240964,2.4701670644391407,0,Commercial & Employment Core
7875,94,1009.6489361702128,0.1666666666666666,3.0,1,Leisure & Waterfront
7876,397,893.5894206549118,0.1546391752577319,2.7289719626168223,1,Leisure & Waterfront
7877,122,832.3032786885246,0.1470588235294117,2.875,0,Commercial & Employment Core
7878,246,1158.1666666666667,0.1851851851851851,1.6956521739130437,1,Leisure & Waterfront
7879,255,1149.8039215686274,0.4655172413793103,2.0963855421686746,1,Leisure & Waterfront
7880,86,1121.453488372093,0.1851851851851851,1.3783783783783785,1,Leisure & Waterfront
7881,16265,835.3118967107285,0.6484018264840182,2.211014607185156,0,Commercial & Employment Core
7882,276,876.3007246376811,0.3684210526315789,2.3095238095238093,1,Leisure & Waterfront
7883,612,1227.4493464052289,0.1964285714285714,1.8036529680365296,1,Leisure & Waterfront
7884,552,1215.2210144927535,0.3643410852713178,3.8596491228070176,1,Leisure & Waterfront
7885,528,993.0625,0.2945736434108527,1.5603864734299515,1,Leisure & Waterfront
7886,288,1012.2847222222222,0.2236842105263158,3.264705882352941,1,Leisure & Waterfront
7887,22924,834.965145698831,1.817429531936902,3.145750452079566,2,Residential & Inner-Suburban Feeder
7888,726,929.404958677686,1.5693430656934306,2.1515151515151514,2,Residential & Inner-Suburban Feeder
7889,1399,832.6240171551108,0.883495145631068,2.0,2,Residential & Inner-Suburban Feeder
7890,3255,910.742549923195,1.823943661971831,2.8182883939038685,2,Residential & Inner-Suburban Feeder
7891,767,1026.9817470664927,0.3946360153256705,2.6794258373205744,1,Leisure & Waterfront
7892,1987,836.1298439859085,1.3156424581005586,3.636363636363636,2,Residential & Inner-Suburban Feeder
7893,1369,1011.2132943754564,0.3652694610778443,2.376847290640394,1,Leisure & Waterfront
7894,2597,1122.3084328070852,0.8451816745655608,2.4792503346720216,1,Leisure & Waterfront
7895,2078,893.8440808469683,0.2067226890756302,2.961904761904762,1,Leisure & Waterfront
7896,1442,1010.1428571428572,0.5185185185185185,2.342592592592593,1,Leisure & Waterfront
7897,2118,1110.471671388102,0.1953125,2.246554364471669,1,Leisure & Waterfront
7898,10095,705.2536899455176,0.0944539087639598,7.787641427328111,3,Commuter-Heavy Transit Hub
7899,30773,607.7110453969389,0.2554549785612196,5.303768947152807,3,Commuter-Heavy Transit Hub
7900,16047,573.5659624851997,0.5829758410476406,4.091687817258883,0,Commercial & Employment Core
7901,941,745.7162592986185,0.7642276422764228,2.6130268199233715,0,Commercial & Employment Core
7902,618,912.200647249191,0.2874251497005988,1.7433628318584071,1,Leisure & Waterfront
7903,1427,773.3272599859846,0.9061371841155236,2.6085858585858586,2,Residential & Inner-Suburban Feeder
7904,17181,711.4729643210524,0.4930391946883701,2.7184592079636443,0,Commercial & Employment Core
7905,2160,697.9203703703704,0.6942909760589319,2.895495495495496,0,Commercial & Employment Core
7906,40674,651.283424300536,0.5714527169779431,2.8987827087127385,0,Commercial & Employment Core
7907,34799,746.3798672375643,0.7582997207570586,2.337905236907731,0,Commercial & Employment Core
7909,1929,1147.5463970969415,0.2128279883381924,1.1794582392776525,1,Leisure & Waterfront
7910,3171,1007.6985178177232,1.0073746312684366,2.7550295857988165,2,Residential & Inner-Suburban Feeder
7911,14546,723.2828268939915,0.0934445083381253,8.816464237516868,3,Commuter-Heavy Transit Hub
7912,29132,808.279761087464,0.8983364140480592,2.595014807502468,2,Residential & Inner-Suburban Feeder
7913,38534,597.0522655317382,0.0935343534353435,4.788793750938861,3,Commuter-Heavy Transit Hub
7914,9362,728.1848963896604,0.0500791765637371,10.32285368802902,3,Commuter-Heavy Transit Hub
7915,1373,1033.7822286962855,0.3366093366093366,2.132118451025057,1,Leisure & Waterfront
7916,15454,696.5498252879513,0.1279354559861691,4.044386422976501,0,Commercial & Employment Core
7917,18312,682.351627348187,0.1083853702051739,7.085651214128036,3,Commuter-Heavy Transit Hub
7918,354,1127.906779661017,0.217391304347826,1.717557251908397,1,Leisure & Waterfront
7919,533,1117.108818011257,0.2621951219512195,2.022598870056497,1,Leisure & Waterfront
7920,109,1017.0825688073396,0.3636363636363636,2.9642857142857144,1,Leisure & Waterfront
7921,212,1343.7783018867924,0.0677966101694915,1.326086956521739,1,Leisure & Waterfront
7922,9371,876.9698004481912,1.0771470160116448,3.1127687582272925,2,Residential & Inner-Suburban Feeder
7923,288,961.6944444444443,0.3698630136986301,1.761904761904762,1,Leisure & Waterfront
7924,26840,683.0649031296572,0.4315050344462109,3.0412526347485698,0,Commercial & Employment Core
7925,26379,656.1360172864779,0.9838656568982548,2.9868520477557805,2,Residential & Inner-Suburban Feeder
7926,2581,1089.518791166215,0.2957575757575758,2.5875,1,Leisure & Waterfront
7927,53000,715.1263962264151,0.7821993379919088,2.7296460488354093,0,Commercial & Employment Core
7928,14727,660.5990357846133,0.3000351123595505,5.2971355280034205,3,Commuter-Heavy Transit Hub
7929,21782,717.0715269488569,0.4060805258833196,2.9672190857767253,0,Commercial & Employment Core
7930,2887,791.5836508486318,0.5404624277456648,2.402826855123675,0,Commercial & Employment Core
7931,522,905.6149425287356,0.027027027027027,1.2016806722689075,1,Leisure & Waterfront
7932,6497,876.7078651685393,0.8220140515222483,2.713714285714285,2,Residential & Inner-Suburban Feeder
7933,40818,671.9489440932922,0.4597524302398769,4.3951890034364265,0,Commercial & Employment Core
7934,1432,1173.0733240223465,0.1513292433537832,2.0189473684210526,1,Leisure & Waterfront
7935,10246,817.394300214718,0.3886516168395363,3.003125,0,Commercial & Employment Core
7936,6373,713.1035619017731,0.0605475040257648,7.279220779220779,3,Commuter-Heavy Transit Hub
7937,26094,680.951444776577,0.1480993601806548,3.8741128128502056,0,Commercial & Employment Core
7938,28662,646.2267462145,0.9000856408792464,3.166279069767442,0,Commercial & Employment Core
7939,13134,977.768311253236,0.2477594680543509,1.6457200402819738,1,Leisure & Waterfront
7940,2537,957.9664958612534,0.8609022556390977,2.293125810635538,2,Residential & Inner-Suburban Feeder
7941,20172,696.8222784057109,0.2665748234888927,2.718709677419355,0,Commercial & Employment Core
7942,3194,798.6765810895429,0.6946182728410513,3.1506493506493505,0,Commercial & Employment Core
7943,24286,632.2221856213456,0.487227707255916,3.168182598249528,0,Commercial & Employment Core
7944,12164,736.6807793488983,0.8371837183718371,2.1567202906071614,0,Commercial & Employment Core
7945,32363,686.7227698297438,0.6945188794153472,2.8347156398104265,0,Commercial & Employment Core
7946,36926,648.5528083193414,0.5983838383838384,2.9352088661551576,0,Commercial & Employment Core
7947,14279,724.8104909307375,0.6843673801137903,2.295868912993307,0,Commercial & Employment Core
7948,28494,724.2456657541939,0.94770206022187,2.778308141076637,2,Residential & Inner-Suburban Feeder
7949,12221,808.0823991490058,0.8919170021678539,3.25,2,Residential & Inner-Suburban Feeder
7950,9495,799.7838862559241,0.5157977883096366,2.0351550015979547,0,Commercial & Employment Core
7951,28297,699.9791497331872,0.8508852459016394,2.6364687740940638,0,Commercial & Employment Core
7952,17018,700.3282406863322,0.1553228621291448,4.826771653543307,3,Commuter-Heavy Transit Hub
7953,31967,625.079519504489,0.8829321663019694,2.9717977388495465,0,Commercial & Employment Core
7954,19471,693.6434184171331,0.9048765803732692,2.875223880597015,0,Commercial & Employment Core
7955,19689,633.2095586368023,0.6701547852626989,2.6410872781065087,0,Commercial & Employment Core
7956,203,1115.320197044335,0.3166666666666666,1.411764705882353,1,Leisure & Waterfront
7957,773,1187.1642949547218,0.2222222222222222,2.0392156862745097,1,Leisure & Waterfront
7958,552,1094.7880434782608,0.10062893081761,2.901408450704225,1,Leisure & Waterfront
7959,158,1055.7848101265822,0.1228070175438596,1.8571428571428568,1,Leisure & Waterfront
7960,346,1136.300578034682,0.1159420289855072,2.026086956521739,1,Leisure & Waterfront
7961,264,1021.128787878788,0.1694915254237288,2.8,1,Leisure & Waterfront
7962,269,1052.3977695167289,0.0845070422535211,2.6133333333333333,1,Leisure & Waterfront
7963,182,884.1923076923077,0.0566037735849056,2.066666666666667,1,Leisure & Waterfront
7964,307,1167.6547231270358,0.2359550561797752,1.8611111111111112,1,Leisure & Waterfront
7965,655,872.9648854961832,0.2937062937062937,2.3520408163265305,1,Leisure & Waterfront
7966,6913,811.5188774772168,0.6863636363636364,2.4505988023952097,0,Commercial & Employment Core
7967,560,843.2803571428572,0.7282608695652174,2.345238095238096,0,Commercial & Employment Core
7968,381,901.1758530183728,0.0978260869565217,2.6132075471698117,1,Leisure & Waterfront
7969,601,1035.6439267886856,0.3253012048192771,1.5230125523012552,1,Leisure & Waterfront
7970,856,779.4544392523364,0.1415094339622641,2.391304347826087,0,Commercial & Employment Core
7971,776,1009.180412371134,0.3842592592592592,1.710801393728223,1,Leisure & Waterfront
7972,290,880.1448275862069,0.3214285714285714,2.65,0,Commercial & Employment Core
7973,1285,1154.5229571984437,0.2544247787610619,1.5895372233400402,1,Leisure & Waterfront
7974,1432,911.1675977653632,0.4183673469387755,2.0905172413793105,1,Leisure & Waterfront
7975,1159,900.9758412424504,0.4082397003745318,2.5944272445820435,1,Leisure & Waterfront
7976,2223,904.8065677013044,0.2359735973597359,2.460342146189736,1,Leisure & Waterfront
7977,365,1139.0739726027398,0.1278195488721804,1.7803030303030305,1,Leisure & Waterfront
7978,1044,911.3256704980844,0.1828358208955224,2.1506024096385543,1,Leisure & Waterfront
7979,359,1024.9275766016713,0.1949685534591195,2.0854700854700856,1,Leisure & Waterfront
7980,43,1184.7674418604652,0.375,1.1428571428571428,1,Leisure & Waterfront
7981,246,1139.040650406504,0.25,1.4554455445544554,1,Leisure & Waterfront
7982,310,1079.783870967742,0.6,2.284210526315789,1,Leisure & Waterfront
7983,427,1161.3255269320844,0.2913385826771653,1.822368421052632,1,Leisure & Waterfront
7984,10971,784.6368608148756,1.016673129119814,3.6241045090602615,2,Residential & Inner-Suburban Feeder
7985,827,1001.6565900846432,0.6813186813186813,1.606918238993711,1,Leisure & Waterfront
7986,429,1100.310023310023,0.1419354838709677,1.3423913043478262,1,Leisure & Waterfront
7987,300,1019.64,0.4215686274509804,1.849056603773585,1,Leisure & Waterfront
7988,316,1004.1740506329114,0.46875,2.117647058823529,1,Leisure & Waterfront
7989,536,911.544776119403,0.1652892561983471,2.0395480225988702,1,Leisure & Waterfront
7990,370,785.1027027027027,0.0990990990990991,2.1260504201680672,0,Commercial & Employment Core
7991,92,1062.6521739130435,0.1363636363636363,2.9166666666666665,1,Leisure & Waterfront
7992,184,1041.2717391304348,0.196078431372549,1.2409638554216869,1,Leisure & Waterfront
7993,7222,741.8892273608419,1.0152998776009792,2.79611140304782,2,Residential & Inner-Suburban Feeder
7994,332,1010.343373493976,0.2105263157894736,2.036363636363636,1,Leisure & Waterfront
7995,547,997.1499085923216,0.4565217391304347,2.496815286624204,1,Leisure & Waterfront
7996,1701,617.8783068783068,0.2844036697247706,2.5405405405405403,0,Commercial & Employment Core
7997,1137,1031.527704485488,0.1769230769230769,1.5032967032967033,1,Leisure & Waterfront
7998,1681,811.755502676978,0.4461247637051039,3.8085714285714287,0,Commercial & Employment Core
7999,776,976.0193298969072,0.2270742358078602,2.457777777777778,1,Leisure & Waterfront
8000,940,994.8468085106384,0.5892116182572614,1.7304347826086957,1,Leisure & Waterfront
8001,11078,655.004332912078,0.5551694178974804,3.3045843045843046,0,Commercial & Employment Core
8002,328,931.1768292682926,0.4382022471910112,2.3,1,Leisure & Waterfront
8003,10142,637.2541904949715,0.8199637023593467,2.8526395746297,0,Commercial & Employment Core
8004,1034,974.615087040619,0.3037383177570093,2.207430340557276,1,Leisure & Waterfront
8005,2614,912.5053557765876,0.7727272727272727,2.492656875834446,2,Residential & Inner-Suburban Feeder
8006,7583,757.4121060266385,1.821353803210049,3.0757657173562603,2,Residential & Inner-Suburban Feeder
8007,5354,821.7857676503548,0.4856743535988819,2.25,0,Commercial & Employment Core
8008,820,1079.5939024390243,0.7474226804123711,2.497872340425532,1,Leisure & Waterfront
8009,1669,915.935889754344,1.2454545454545454,2.721603563474388,2,Residential & Inner-Suburban Feeder
8010,203,940.384236453202,0.2777777777777778,1.3295454545454546,1,Leisure & Waterfront
8011,9346,764.4284185747914,0.4087073911576105,2.282303370786517,0,Commercial & Employment Core
8012,10547,989.6820896937518,0.1070234113712374,1.520669056152927,1,Leisure & Waterfront
8013,4553,945.0940039534372,0.9308125502815768,3.020300088261253,2,Residential & Inner-Suburban Feeder
8014,24723,662.1213040488614,0.71249252839211,3.011844880739899,0,Commercial & Employment Core
8015,17759,685.0415000844642,0.2202061855670103,2.114325793442048,0,Commercial & Employment Core
8016,21237,769.5736685972595,0.5808383233532934,2.5345315360292893,0,Commercial & Employment Core
8017,702,923.6766381766382,0.1428571428571428,1.9579831932773109,1,Leisure & Waterfront
8018,4770,766.437106918239,0.6759868421052632,2.5139911634756995,0,Commercial & Employment Core
8019,2585,882.8854932301741,0.3701594533029613,2.44474034620506,1,Leisure & Waterfront
8020,13844,710.1331984975441,0.4379865075246497,2.1881188118811883,0,Commercial & Employment Core
8021,260,928.2692307692308,0.2948717948717949,2.7971014492753623,1,Leisure & Waterfront
8022,253,867.494071146245,0.4444444444444444,2.923076923076923,0,Commercial & Employment Core
8023,11907,766.6211472243218,0.5827956989247312,2.0685390363308427,0,Commercial & Employment Core
8024,4183,755.3294286397322,0.4308943089430894,1.9680851063829787,0,Commercial & Employment Core
8025,3807,748.347780404518,0.2090352220520673,2.410026857654432,0,Commercial & Employment Core
8026,8854,917.3397334538062,0.13006993006993,1.8312020460358056,1,Leisure & Waterfront
8027,16404,795.7443306510607,0.0526981450252951,1.097149431164515,1,Leisure & Waterfront
8028,13957,1292.5858708891597,0.0428797111261566,1.1227189781021898,1,Leisure & Waterfront
8029,14161,828.551797189464,0.0105567852886088,1.2346165982959925,1,Leisure & Waterfront
8030,24349,1271.0225060577436,0.0495165926313038,1.4164930038701995,1,Leisure & Waterfront
8031,115,892.7913043478261,0.625,2.342857142857143,0,Commercial & Employment Core
8032,139,1128.5035971223022,0.088235294117647,1.4736842105263157,1,Leisure & Waterfront
8033,45,1007.6666666666666,0.0833333333333333,1.7647058823529411,1,Leisure & Waterfront
8034,120,1083.8666666666666,0.3846153846153846,1.711111111111111,1,Leisure & Waterfront
8035,254,960.7362204724408,0.1686746987951807,2.9384615384615387,1,Leisure & Waterfront
8036,31,658.7741935483871,0.2,3.7142857142857135,0,Commercial & Employment Core
8037,443,1005.3047404063204,1.3176470588235294,1.9865771812080537,2,Residential & Inner-Suburban Feeder
8038,259,1246.2123552123553,0.1121495327102803,1.5588235294117647,1,Leisure & Waterfront
8039,336,970.110119047619,0.2522522522522522,1.3636363636363635,1,Leisure & Waterfront
8040,361,1172.0775623268698,0.0551724137931034,2.025,1,Leisure & Waterfront
8041,144,1257.8055555555557,0.1929824561403508,2.3181818181818183,1,Leisure & Waterfront
8042,207,675.9806763285025,1.3333333333333333,2.603448275862069,2,Residential & Inner-Suburban Feeder
8043,143,1155.3216783216783,0.1956521739130435,1.0138888888888888,1,Leisure & Waterfront
8044,21,1040.428571428571,0.1428571428571428,2.833333333333333,1,Leisure & Waterfront
8045,103,903.8155339805824,0.1904761904761904,2.0,1,Leisure & Waterfront
8046,84,929.1666666666666,0.4444444444444444,1.6875,1,Leisure & Waterfront
8047,82,1094.9146341463415,0.1538461538461538,1.2702702702702702,1,Leisure & Waterfront
8048,111,919.2792792792792,0.5454545454545454,2.054054054054054,1,Leisure & Waterfront
8049,93,804.1612903225806,0.032258064516129,1.5,1,Leisure & Waterfront
8050,466,1031.0557939914163,0.3559322033898305,2.25,1,Leisure & Waterfront
8051,7694,661.9828437743696,0.5614035087719298,2.9026369168357,0,Commercial & Employment Core
8052,164,1186.8841463414635,0.1428571428571428,1.3380281690140845,1,Leisure & Waterfront
8053,47,884.8936170212766,0.2142857142857142,2.2666666666666666,1,Leisure & Waterfront
8054,296,942.3986486486486,0.2,1.9504950495049505,1,Leisure & Waterfront
8055,404,830.9034653465346,0.4851485148514851,1.8194444444444444,0,Commercial & Employment Core
8056,360,902.0416666666666,0.3611111111111111,2.383177570093458,1,Leisure & Waterfront
8057,294,937.1700680272108,0.4528301886792453,1.9019607843137252,1,Leisure & Waterfront
8058,228,876.1447368421053,0.2923076923076923,1.5274725274725274,1,Leisure & Waterfront
8059,302,904.2682119205298,0.4133333333333333,2.5764705882352943,1,Leisure & Waterfront
8060,170,878.3882352941176,0.6176470588235294,2.583333333333333,0,Commercial & Employment Core
8061,103,837.0,1.375,2.088235294117647,2,Residential & Inner-Suburban Feeder
8062,4286,725.6731217918806,0.0956719817767653,6.170568561872909,3,Commuter-Heavy Transit Hub
8063,105,987.6190476190476,0.2307692307692307,1.6097560975609757,1,Leisure & Waterfront
8064,32,1025.4375,0.1111111111111111,2.090909090909091,1,Leisure & Waterfront
8065,109,976.275229357798,0.4117647058823529,2.1714285714285717,1,Leisure & Waterfront
8066,118,704.7457627118644,0.4545454545454545,2.0,0,Commercial & Employment Core
8067,164,1097.25,0.0666666666666666,2.772727272727273,1,Leisure & Waterfront
8070,13337,1143.1544575241808,0.015,1.153535679690023,1,Leisure & Waterfront
8071,10354,958.599864786556,0.0148251100301135,1.1108846310640033,1,Leisure & Waterfront
8072,243,826.283950617284,0.2244897959183673,0.3172043010752688,1,Leisure & Waterfront
8073,77,965.6103896103896,0.1,2.4347826086956523,1,Leisure & Waterfront
8074,77,902.961038961039,0.4166666666666667,2.0384615384615383,1,Leisure & Waterfront
8075,4291,1164.3043579585178,0.2303459119496855,1.20719794344473,1,Leisure & Waterfront
8076,128,907.8046875,0.3333333333333333,1.4074074074074074,1,Leisure & Waterfront
8077,123,1119.6178861788617,1.0833333333333333,2.3783783783783785,2,Residential & Inner-Suburban Feeder
8078,108,1033.425925925926,0.2592592592592592,2.055555555555556,1,Leisure & Waterfront
8079,129,1099.5736434108528,0.1818181818181818,1.673469387755102,1,Leisure & Waterfront
8080,126,1100.0873015873017,0.25,2.2,1,Leisure & Waterfront
8081,112,929.2946428571428,0.8636363636363636,2.5625,2,Residential & Inner-Suburban Feeder
8082,119,1077.310924369748,0.3333333333333333,1.6304347826086956,1,Leisure & Waterfront
8083,53,928.8301886792452,0.5263157894736842,2.6666666666666665,1,Leisure & Waterfront
8084,13015,627.6971955436036,0.4550715808711544,2.858032009484292,0,Commercial & Employment Core
8085,214,1067.7897196261683,0.5714285714285714,2.3230769230769237,1,Leisure & Waterfront
8086,368,949.0271739130436,0.1965811965811965,2.333333333333333,1,Leisure & Waterfront
8087,11755,713.1667375584858,0.7415807560137457,3.012627986348123,0,Commercial & Employment Core
8088,24,960.0416666666666,0.1,2.25,1,Leisure & Waterfront
8089,45,898.8888888888889,0.2105263157894736,1.1363636363636365,1,Leisure & Waterfront
8090,46,1027.3478260869565,0.5555555555555556,3.363636363636364,1,Leisure & Waterfront
8091,167,976.8263473053892,0.2857142857142857,3.9705882352941178,1,Leisure & Waterfront
8092,242,864.7892561983471,1.0175438596491229,3.0,2,Residential & Inner-Suburban Feeder
8093,23,792.9565217391304,0.1111111111111111,1.7777777777777777,0,Commercial & Employment Core
8094,156,1262.878205128205,0.0925925925925925,1.8214285714285716,1,Leisure & Waterfront
8095,10,1065.5,0.3333333333333333,2.0,1,Leisure & Waterfront
8096,1775,1050.4794366197184,0.1044303797468354,1.9226973684210529,1,Leisure & Waterfront
8097,47,779.4468085106383,0.0714285714285714,1.2272727272727273,1,Leisure & Waterfront
8098,76,1007.7631578947368,0.7857142857142857,2.5454545454545454,2,Residential & Inner-Suburban Feeder
8099,41,980.0731707317074,0.375,2.071428571428572,1,Leisure & Waterfront
8100,43,846.953488372093,0.0526315789473684,2.4615384615384617,1,Leisure & Waterfront
8101,484,1025.285123966942,0.6861313868613139,2.9836065573770494,1,Leisure & Waterfront
8102,42,1005.5,1.0,3.888888888888889,2,Residential & Inner-Suburban Feeder
8103,61,662.016393442623,0.3333333333333333,2.0,0,Commercial & Employment Core
8104,122,881.4180327868852,0.3695652173913043,4.391304347826087,0,Commercial & Employment Core
8105,50,1032.08,0.1,1.6,1,Leisure & Waterfront
8106,298,856.8489932885906,0.5774647887323944,2.571428571428572,0,Commercial & Employment Core
8107,32,1232.0,0.1176470588235294,0.8888888888888888,1,Leisure & Waterfront
8108,54,1028.1296296296296,0.1666666666666666,1.8,1,Leisure & Waterfront
8109,48,846.5416666666666,0.25,1.7777777777777777,1,Leisure & Waterfront
8110,193,1265.699481865285,0.1153846153846153,1.5657894736842106,1,Leisure & Waterfront
8111,55,1080.709090909091,0.2962962962962963,1.5909090909090908,1,Leisure & Waterfront
8112,96,1076.75,0.05,3.260869565217391,1,Leisure & Waterfront
8113,434,1160.4654377880183,0.1481481481481481,0.8874458874458875,1,Leisure & Waterfront
8114,44,1279.840909090909,0.3076923076923077,1.7058823529411764,1,Leisure & Waterfront
8115,39,1129.025641025641,1.1111111111111112,2.1538461538461537,2,Residential & Inner-Suburban Feeder
8116,1,718.0,0.5,2.0,0,Commercial & Employment Core
8117,22,884.8181818181819,0.2,3.0,0,Commercial & Employment Core
8118,6425,588.2607003891051,0.4283206553540082,3.304755525787006,0,Commercial & Employment Core
8119,25,883.12,0.6,1.4545454545454546,1,Leisure & Waterfront
8120,33,871.939393939394,0.5,1.9166666666666667,1,Leisure & Waterfront
8121,47,622.1702127659574,0.3333333333333333,2.0625,0,Commercial & Employment Core
8122,49,1351.4489795918366,0.0833333333333333,2.923076923076923,1,Leisure & Waterfront
8123,56,755.8571428571429,0.5,3.142857142857143,0,Commercial & Employment Core
8124,16,1049.0625,1.6666666666666667,0.2857142857142857,2,Residential & Inner-Suburban Feeder
8125,32,1137.03125,0.1818181818181818,1.2666666666666666,1,Leisure & Waterfront
8126,35,823.9714285714285,0.0625,2.7,0,Commercial & Employment Core
8127,78,1052.0897435897436,0.1111111111111111,3.4444444444444446,1,Leisure & Waterfront
8128,60,896.6833333333333,0.12,4.636363636363637,3,Commuter-Heavy Transit Hub
8129,183,1179.431693989071,0.0941176470588235,1.9365079365079363,1,Leisure & Waterfront
8130,271,983.70110701107,0.3720930232558139,2.689189189189189,1,Leisure & Waterfront
8131,141,1005.3191489361702,0.4222222222222222,1.9791666666666667,1,Leisure & Waterfront
8132,5,1329.0,0.5,0.75,1,Leisure & Waterfront
8133,82,1320.8292682926829,0.0263157894736842,2.111111111111111,1,Leisure & Waterfront
8134,95,1044.5578947368422,0.3181818181818182,1.6216216216216215,1,Leisure & Waterfront
8135,7,1334.7142857142858,0.3333333333333333,0.8,1,Leisure & Waterfront
8136,4,978.5,0.3333333333333333,5.0,3,Commuter-Heavy Transit Hub
8137,2,1018.0,0.5,0.3333333333333333,1,Leisure & Waterfront
8139,56,718.0357142857143,0.4,2.2222222222222223,0,Commercial & Employment Core
8141,40,883.45,0.6363636363636364,1.625,1,Leisure & Waterfront
8142,4,664.5,1.0,1.0,2,Residential & Inner-Suburban Feeder
8144,64,1289.953125,0.0454545454545454,0.5348837209302325,1,Leisure & Waterfront
8146,2439,614.5744157441575,0.3419170243204578,2.125480153649168,0,Commercial & Employment Core
8147,2604,618.2311827956989,0.7678832116788321,2.895366218236173,0,Commercial & Employment Core
8148,689,692.2249637155297,0.2395833333333333,6.510869565217392,3,Commuter-Heavy Transit Hub
8149,46,696.4347826086956,0.3157894736842105,2.2,0,Commercial & Employment Core
8150,111,900.4504504504505,0.5,2.4242424242424243,1,Leisure & Waterfront
8151,78,861.1410256410256,0.5789473684210527,1.2857142857142858,1,Leisure & Waterfront
8152,2631,577.6640060813379,1.1838235294117647,10.204255319148936,3,Commuter-Heavy Transit Hub
8153,3,996.3333333333334,0.5,0.6666666666666666,1,Leisure & Waterfront
8154,1,2061.0,1.0,2.0,1,Leisure & Waterfront
8155,3,1120.3333333333333,0.5,4.0,1,Leisure & Waterfront
8156,2,837.5,0.5,3.0,0,Commercial & Employment Core
8157,6,988.5,0.3333333333333333,3.0,1,Leisure & Waterfront
8159,1,1116.0,1.0,0.5,1,Leisure & Waterfront
8160,2,1417.5,1.0,3.0,1,Leisure & Waterfront
8161,11,1013.818181818182,1.0,0.8571428571428571,2,Residential & Inner-Suburban Feeder
8162,1184,675.152027027027,1.5151515151515151,2.43768115942029,2,Residential & Inner-Suburban Feeder
8163,2401,596.506039150354,1.130890052356021,3.0183946488294318,2,Residential & Inner-Suburban Feeder
8164,21,754.3333333333334,1.75,1.5555555555555556,2,Residential & Inner-Suburban Feeder
8165,64,956.0625,0.4375,2.3,1,Leisure & Waterfront
8166,5,562.0,1.0,1.3333333333333333,0,Commercial & Employment Core
8167,22,867.6818181818181,3.0,5.0,2,Residential & Inner-Suburban Feeder
8168,826,538.8353510895884,1.9241379310344828,2.663716814159292,2,Residential & Inner-Suburban Feeder
8169,6,647.0,0.5,1.6666666666666667,0,Commercial & Employment Core
8170,194,907.4690721649484,0.5263157894736842,1.648648648648649,1,Leisure & Waterfront
8171,590,781.7491525423728,0.4026845637583892,2.217391304347826,0,Commercial & Employment Core
8172,164,1042.5853658536585,3.625,1.8135593220338984,2,Residential & Inner-Suburban Feeder
8173,217,838.258064516129,1.1025641025641026,3.1320754716981134,2,Residential & Inner-Suburban Feeder
8174,69,789.5797101449275,0.1818181818181818,1.84,0,Commercial & Employment Core
8175,118,743.5084745762712,0.3478260869565217,4.714285714285714,3,Commuter-Heavy Transit Hub
8176,39,858.7948717948718,0.4545454545454545,1.9285714285714288,1,Leisure & Waterfront
8177,7,1629.857142857143,0.5,8.0,3,Commuter-Heavy Transit Hub
8178,36,418.80555555555554,0.0714285714285714,8.5,3,Commuter-Heavy Transit Hub
8179,1,310.0,0.5,0.5,0,Commercial & Employment Core
8180,343,774.2215743440233,2.0384615384615383,2.9655172413793105,2,Residential & Inner-Suburban Feeder
8181,134,834.3582089552239,0.5,2.022222222222222,0,Commercial & Employment Core
8182,39,859.4102564102565,0.6,1.411764705882353,1,Leisure & Waterfront
8183,397,666.1561712846348,1.0823529411764703,2.6272727272727274,2,Residential & Inner-Suburban Feeder
8184,2,827.0,0.5,1.0,1,Leisure & Waterfront
8185,23,930.782608695652,1.75,4.0,2,Residential & Inner-Suburban Feeder
8189,63,687.2539682539683,0.4,2.611111111111111,0,Commercial & Employment Core
8190,2,1086.5,1.0,3.0,2,Residential & Inner-Suburban Feeder
