date,year,season,day_type,cluster_name,trip_starts,trip_ends,net_change,active_station_hours,month_start
2022-01-01,2022,Winter,Weekend,Commercial & Employment Core,1809,1834,25,1990,2022-01-01
2022-01-01,2022,Winter,Weekend,Commuter-Heavy Transit Hub,88,80,-8,101,2022-01-01
2022-01-01,2022,Winter,Weekend,Leisure & Waterfront,422,391,-31,341,2022-01-01
2022-01-01,2022,Winter,Weekend,Residential & Inner-Suburban Feeder,429,433,4,583,2022-01-01
2022-01-02,2022,Winter,Weekend,Commercial & Employment Core,837,857,20,1168,2022-01-01
2022-01-02,2022,Winter,Weekend,Commuter-Heavy Transit Hub,52,47,-5,73,2022-01-01
2022-01-02,2022,Winter,Weekend,Leisure & Waterfront,69,54,-15,88,2022-01-01
2022-01-02,2022,Winter,Weekend,Residential & Inner-Suburban Feeder,136,143,7,221,2022-01-01
2022-01-03,2022,Winter,Weekday,Commercial & Employment Core,1512,1531,19,1787,2022-01-01
2022-01-03,2022,Winter,Weekday,Commuter-Heavy Transit Hub,83,75,-8,120,2022-01-01
2022-01-03,2022,Winter,Weekday,Leisure & Waterfront,137,162,25,184,2022-01-01
2022-01-03,2022,Winter,Weekday,Residential & Inner-Suburban Feeder,306,271,-35,432,2022-01-01
2022-01-04,2022,Winter,Weekday,Commercial & Employment Core,2352,2382,30,2462,2022-01-01
2022-01-04,2022,Winter,Weekday,Commuter-Heavy Transit Hub,208,217,9,216,2022-01-01
2022-01-04,2022,Winter,Weekday,Leisure & Waterfront,197,199,2,245,2022-01-01
2022-01-04,2022,Winter,Weekday,Residential & Inner-Suburban Feeder,525,478,-47,682,2022-01-01
2022-01-05,2022,Winter,Weekday,Commercial & Employment Core,2024,2027,3,2290,2022-01-01
2022-01-05,2022,Winter,Weekday,Commuter-Heavy Transit Hub,189,207,18,221,2022-01-01
2022-01-05,2022,Winter,Weekday,Leisure & Waterfront,142,146,4,196,2022-01-01
2022-01-05,2022,Winter,Weekday,Residential & Inner-Suburban Feeder,467,443,-24,643,2022-01-01
2022-01-06,2022,Winter,Weekday,Commercial & Employment Core,2097,2114,17,2291,2022-01-01
2022-01-06,2022,Winter,Weekday,Commuter-Heavy Transit Hub,220,222,2,226,2022-01-01
2022-01-06,2022,Winter,Weekday,Leisure & Waterfront,212,212,0,272,2022-01-01
2022-01-06,2022,Winter,Weekday,Residential & Inner-Suburban Feeder,515,497,-18,667,2022-01-01
2022-01-07,2022,Winter,Weekday,Commercial & Employment Core,2078,2102,24,2271,2022-01-01
2022-01-07,2022,Winter,Weekday,Commuter-Heavy Transit Hub,173,181,8,214,2022-01-01
2022-01-07,2022,Winter,Weekday,Leisure & Waterfront,151,165,14,207,2022-01-01
2022-01-07,2022,Winter,Weekday,Residential & Inner-Suburban Feeder,490,448,-42,635,2022-01-01
2022-01-08,2022,Winter,Weekend,Commercial & Employment Core,2012,2014,2,2107,2022-01-01
2022-01-08,2022,Winter,Weekend,Commuter-Heavy Transit Hub,74,73,-1,101,2022-01-01
2022-01-08,2022,Winter,Weekend,Leisure & Waterfront,252,290,38,276,2022-01-01
2022-01-08,2022,Winter,Weekend,Residential & Inner-Suburban Feeder,449,408,-41,553,2022-01-01
2022-01-09,2022,Winter,Weekend,Commercial & Employment Core,1877,1862,-15,2045,2022-01-01
2022-01-09,2022,Winter,Weekend,Commuter-Heavy Transit Hub,60,70,10,93,2022-01-01
2022-01-09,2022,Winter,Weekend,Leisure & Waterfront,220,259,39,274,2022-01-01
2022-01-09,2022,Winter,Weekend,Residential & Inner-Suburban Feeder,473,437,-36,580,2022-01-01
2022-01-10,2022,Winter,Weekday,Commercial & Employment Core,1546,1565,19,1860,2022-01-01
2022-01-10,2022,Winter,Weekday,Commuter-Heavy Transit Hub,165,184,19,201,2022-01-01
2022-01-10,2022,Winter,Weekday,Leisure & Waterfront,115,107,-8,150,2022-01-01
2022-01-10,2022,Winter,Weekday,Residential & Inner-Suburban Feeder,347,320,-27,487,2022-01-01
2022-01-11,2022,Winter,Weekday,Commercial & Employment Core,1266,1273,7,1551,2022-01-01
2022-01-11,2022,Winter,Weekday,Commuter-Heavy Transit Hub,160,152,-8,185,2022-01-01
2022-01-11,2022,Winter,Weekday,Leisure & Waterfront,71,71,0,105,2022-01-01
2022-01-11,2022,Winter,Weekday,Residential & Inner-Suburban Feeder,242,241,-1,376,2022-01-01
2022-01-12,2022,Winter,Weekday,Commercial & Employment Core,2383,2381,-2,2455,2022-01-01
2022-01-12,2022,Winter,Weekday,Commuter-Heavy Transit Hub,240,266,26,240,2022-01-01
2022-01-12,2022,Winter,Weekday,Leisure & Waterfront,261,265,4,314,2022-01-01
2022-01-12,2022,Winter,Weekday,Residential & Inner-Suburban Feeder,556,527,-29,725,2022-01-01
2022-01-13,2022,Winter,Weekday,Commercial & Employment Core,2459,2496,37,2556,2022-01-01
2022-01-13,2022,Winter,Weekday,Commuter-Heavy Transit Hub,235,259,24,237,2022-01-01
2022-01-13,2022,Winter,Weekday,Leisure & Waterfront,272,262,-10,312,2022-01-01
2022-01-13,2022,Winter,Weekday,Residential & Inner-Suburban Feeder,633,579,-54,813,2022-01-01
2022-01-14,2022,Winter,Weekday,Commercial & Employment Core,2026,2030,4,2244,2022-01-01
2022-01-14,2022,Winter,Weekday,Commuter-Heavy Transit Hub,202,223,21,214,2022-01-01
2022-01-14,2022,Winter,Weekday,Leisure & Waterfront,152,175,23,200,2022-01-01
2022-01-14,2022,Winter,Weekday,Residential & Inner-Suburban Feeder,449,407,-42,590,2022-01-01
2022-01-15,2022,Winter,Weekend,Commercial & Employment Core,1166,1145,-21,1489,2022-01-01
2022-01-15,2022,Winter,Weekend,Commuter-Heavy Transit Hub,48,54,6,83,2022-01-01
2022-01-15,2022,Winter,Weekend,Leisure & Waterfront,95,119,24,156,2022-01-01
2022-01-15,2022,Winter,Weekend,Residential & Inner-Suburban Feeder,267,253,-14,393,2022-01-01
2022-01-16,2022,Winter,Weekend,Commercial & Employment Core,1608,1606,-2,1810,2022-01-01
2022-01-16,2022,Winter,Weekend,Commuter-Heavy Transit Hub,59,47,-12,80,2022-01-01
2022-01-16,2022,Winter,Weekend,Leisure & Waterfront,247,253,6,267,2022-01-01
2022-01-16,2022,Winter,Weekend,Residential & Inner-Suburban Feeder,377,392,15,520,2022-01-01
2022-01-17,2022,Winter,Weekday,Commercial & Employment Core,121,117,-4,209,2022-01-01
2022-01-17,2022,Winter,Weekday,Commuter-Heavy Transit Hub,17,10,-7,25,2022-01-01
2022-01-17,2022,Winter,Weekday,Leisure & Waterfront,24,22,-2,37,2022-01-01
2022-01-17,2022,Winter,Weekday,Residential & Inner-Suburban Feeder,20,32,12,46,2022-01-01
2022-01-18,2022,Winter,Weekday,Commercial & Employment Core,294,293,-1,462,2022-01-01
2022-01-18,2022,Winter,Weekday,Commuter-Heavy Transit Hub,25,40,15,58,2022-01-01
2022-01-18,2022,Winter,Weekday,Leisure & Waterfront,33,32,-1,51,2022-01-01
2022-01-18,2022,Winter,Weekday,Residential & Inner-Suburban Feeder,68,57,-11,114,2022-01-01
2022-01-19,2022,Winter,Weekday,Commercial & Employment Core,702,702,0,1010,2022-01-01
2022-01-19,2022,Winter,Weekday,Commuter-Heavy Transit Hub,75,65,-10,99,2022-01-01
2022-01-19,2022,Winter,Weekday,Leisure & Waterfront,55,63,8,88,2022-01-01
2022-01-19,2022,Winter,Weekday,Residential & Inner-Suburban Feeder,117,117,0,193,2022-01-01
2022-01-20,2022,Winter,Weekday,Commercial & Employment Core,618,613,-5,903,2022-01-01
2022-01-20,2022,Winter,Weekday,Commuter-Heavy Transit Hub,63,68,5,100,2022-01-01
2022-01-20,2022,Winter,Weekday,Leisure & Waterfront,46,44,-2,70,2022-01-01
2022-01-20,2022,Winter,Weekday,Residential & Inner-Suburban Feeder,106,106,0,183,2022-01-01
2022-01-21,2022,Winter,Weekday,Commercial & Employment Core,787,786,-1,1121,2022-01-01
2022-01-21,2022,Winter,Weekday,Commuter-Heavy Transit Hub,78,81,3,107,2022-01-01
2022-01-21,2022,Winter,Weekday,Leisure & Waterfront,55,68,13,89,2022-01-01
2022-01-21,2022,Winter,Weekday,Residential & Inner-Suburban Feeder,158,144,-14,243,2022-01-01
2022-01-22,2022,Winter,Weekend,Commercial & Employment Core,757,756,-1,1108,2022-01-01
2022-01-22,2022,Winter,Weekend,Commuter-Heavy Transit Hub,40,37,-3,67,2022-01-01
2022-01-22,2022,Winter,Weekend,Leisure & Waterfront,72,80,8,104,2022-01-01
2022-01-22,2022,Winter,Weekend,Residential & Inner-Suburban Feeder,143,140,-3,216,2022-01-01
2022-01-23,2022,Winter,Weekend,Commercial & Employment Core,664,658,-6,964,2022-01-01
2022-01-23,2022,Winter,Weekend,Commuter-Heavy Transit Hub,24,27,3,44,2022-01-01
2022-01-23,2022,Winter,Weekend,Leisure & Waterfront,67,74,7,98,2022-01-01
2022-01-23,2022,Winter,Weekend,Residential & Inner-Suburban Feeder,98,93,-5,158,2022-01-01
2022-01-24,2022,Winter,Weekday,Commercial & Employment Core,484,492,8,733,2022-01-01
2022-01-24,2022,Winter,Weekday,Commuter-Heavy Transit Hub,40,70,30,83,2022-01-01
2022-01-24,2022,Winter,Weekday,Leisure & Waterfront,33,42,9,62,2022-01-01
2022-01-24,2022,Winter,Weekday,Residential & Inner-Suburban Feeder,111,66,-45,153,2022-01-01
2022-01-25,2022,Winter,Weekday,Commercial & Employment Core,678,659,-19,966,2022-01-01
2022-01-25,2022,Winter,Weekday,Commuter-Heavy Transit Hub,72,76,4,106,2022-01-01
2022-01-25,2022,Winter,Weekday,Leisure & Waterfront,45,43,-2,71,2022-01-01
2022-01-25,2022,Winter,Weekday,Residential & Inner-Suburban Feeder,106,119,13,197,2022-01-01
2022-01-26,2022,Winter,Weekday,Commercial & Employment Core,687,682,-5,976,2022-01-01
2022-01-26,2022,Winter,Weekday,Commuter-Heavy Transit Hub,65,74,9,102,2022-01-01
2022-01-26,2022,Winter,Weekday,Leisure & Waterfront,41,53,12,73,2022-01-01
2022-01-26,2022,Winter,Weekday,Residential & Inner-Suburban Feeder,116,103,-13,185,2022-01-01
2022-01-27,2022,Winter,Weekday,Commercial & Employment Core,786,787,1,1119,2022-01-01
2022-01-27,2022,Winter,Weekday,Commuter-Heavy Transit Hub,85,82,-3,121,2022-01-01
2022-01-27,2022,Winter,Weekday,Leisure & Waterfront,49,48,-1,74,2022-01-01
2022-01-27,2022,Winter,Weekday,Residential & Inner-Suburban Feeder,116,119,3,190,2022-01-01
2022-01-28,2022,Winter,Weekday,Commercial & Employment Core,894,921,27,1230,2022-01-01
2022-01-28,2022,Winter,Weekday,Commuter-Heavy Transit Hub,101,93,-8,129,2022-01-01
2022-01-28,2022,Winter,Weekday,Leisure & Waterfront,69,71,2,100,2022-01-01
2022-01-28,2022,Winter,Weekday,Residential & Inner-Suburban Feeder,143,123,-20,228,2022-01-01
2022-01-29,2022,Winter,Weekend,Commercial & Employment Core,807,793,-14,1103,2022-01-01
2022-01-29,2022,Winter,Weekend,Commuter-Heavy Transit Hub,32,29,-3,48,2022-01-01
2022-01-29,2022,Winter,Weekend,Leisure & Waterfront,86,101,15,113,2022-01-01
2022-01-29,2022,Winter,Weekend,Residential & Inner-Suburban Feeder,126,128,2,199,2022-01-01
2022-01-30,2022,Winter,Weekend,Commercial & Employment Core,850,833,-17,1178,2022-01-01
2022-01-30,2022,Winter,Weekend,Commuter-Heavy Transit Hub,30,41,11,56,2022-01-01
2022-01-30,2022,Winter,Weekend,Leisure & Waterfront,107,115,8,136,2022-01-01
2022-01-30,2022,Winter,Weekend,Residential & Inner-Suburban Feeder,170,165,-5,252,2022-01-01
2022-01-31,2022,Winter,Weekday,Commercial & Employment Core,1470,1473,3,1848,2022-01-01
2022-01-31,2022,Winter,Weekday,Commuter-Heavy Transit Hub,146,165,19,178,2022-01-01
2022-01-31,2022,Winter,Weekday,Leisure & Waterfront,133,137,4,196,2022-01-01
2022-01-31,2022,Winter,Weekday,Residential & Inner-Suburban Feeder,301,276,-25,445,2022-01-01
2022-02-01,2022,Winter,Weekday,Commercial & Employment Core,1884,1884,0,2190,2022-02-01
2022-02-01,2022,Winter,Weekday,Commuter-Heavy Transit Hub,173,181,8,198,2022-02-01
2022-02-01,2022,Winter,Weekday,Leisure & Waterfront,176,194,18,245,2022-02-01
2022-02-01,2022,Winter,Weekday,Residential & Inner-Suburban Feeder,376,343,-33,541,2022-02-01
2022-02-02,2022,Winter,Weekday,Commercial & Employment Core,1211,1187,-24,1594,2022-02-01
2022-02-02,2022,Winter,Weekday,Commuter-Heavy Transit Hub,107,169,62,172,2022-02-01
2022-02-02,2022,Winter,Weekday,Leisure & Waterfront,83,84,1,125,2022-02-01
2022-02-02,2022,Winter,Weekday,Residential & Inner-Suburban Feeder,247,213,-34,368,2022-02-01
2022-02-03,2022,Winter,Weekday,Commercial & Employment Core,832,846,14,1189,2022-02-01
2022-02-03,2022,Winter,Weekday,Commuter-Heavy Transit Hub,84,84,0,115,2022-02-01
2022-02-03,2022,Winter,Weekday,Leisure & Waterfront,50,55,5,79,2022-02-01
2022-02-03,2022,Winter,Weekday,Residential & Inner-Suburban Feeder,139,124,-15,219,2022-02-01
2022-02-04,2022,Winter,Weekday,Commercial & Employment Core,870,886,16,1183,2022-02-01
2022-02-04,2022,Winter,Weekday,Commuter-Heavy Transit Hub,79,72,-7,107,2022-02-01
2022-02-04,2022,Winter,Weekday,Leisure & Waterfront,77,66,-11,111,2022-02-01
2022-02-04,2022,Winter,Weekday,Residential & Inner-Suburban Feeder,168,166,-2,267,2022-02-01
2022-02-05,2022,Winter,Weekend,Commercial & Employment Core,1155,1117,-38,1466,2022-02-01
2022-02-05,2022,Winter,Weekend,Commuter-Heavy Transit Hub,54,59,5,83,2022-02-01
2022-02-05,2022,Winter,Weekend,Leisure & Waterfront,93,107,14,128,2022-02-01
2022-02-05,2022,Winter,Weekend,Residential & Inner-Suburban Feeder,193,213,20,299,2022-02-01
2022-02-06,2022,Winter,Weekend,Commercial & Employment Core,1369,1362,-7,1636,2022-02-01
2022-02-06,2022,Winter,Weekend,Commuter-Heavy Transit Hub,54,53,-1,85,2022-02-01
2022-02-06,2022,Winter,Weekend,Leisure & Waterfront,122,134,12,178,2022-02-01
2022-02-06,2022,Winter,Weekend,Residential & Inner-Suburban Feeder,270,266,-4,374,2022-02-01
2022-02-07,2022,Winter,Weekday,Commercial & Employment Core,2014,2031,17,2285,2022-02-01
2022-02-07,2022,Winter,Weekday,Commuter-Heavy Transit Hub,221,219,-2,208,2022-02-01
2022-02-07,2022,Winter,Weekday,Leisure & Waterfront,153,161,8,199,2022-02-01
2022-02-07,2022,Winter,Weekday,Residential & Inner-Suburban Feeder,414,391,-23,581,2022-02-01
2022-02-08,2022,Winter,Weekday,Commercial & Employment Core,2138,2122,-16,2382,2022-02-01
2022-02-08,2022,Winter,Weekday,Commuter-Heavy Transit Hub,240,265,25,222,2022-02-01
2022-02-08,2022,Winter,Weekday,Leisure & Waterfront,147,162,15,217,2022-02-01
2022-02-08,2022,Winter,Weekday,Residential & Inner-Suburban Feeder,446,420,-26,605,2022-02-01
2022-02-09,2022,Winter,Weekday,Commercial & Employment Core,2648,2647,-1,2670,2022-02-01
2022-02-09,2022,Winter,Weekday,Commuter-Heavy Transit Hub,292,304,12,245,2022-02-01
2022-02-09,2022,Winter,Weekday,Leisure & Waterfront,206,218,12,263,2022-02-01
2022-02-09,2022,Winter,Weekday,Residential & Inner-Suburban Feeder,515,490,-25,693,2022-02-01
2022-02-10,2022,Winter,Weekday,Commercial & Employment Core,2525,2522,-3,2617,2022-02-01
2022-02-10,2022,Winter,Weekday,Commuter-Heavy Transit Hub,268,291,23,246,2022-02-01
2022-02-10,2022,Winter,Weekday,Leisure & Waterfront,158,177,19,230,2022-02-01
2022-02-10,2022,Winter,Weekday,Residential & Inner-Suburban Feeder,505,466,-39,681,2022-02-01
2022-02-11,2022,Winter,Weekday,Commercial & Employment Core,2121,2114,-7,2413,2022-02-01
2022-02-11,2022,Winter,Weekday,Commuter-Heavy Transit Hub,187,241,54,210,2022-02-01
2022-02-11,2022,Winter,Weekday,Leisure & Waterfront,130,127,-3,176,2022-02-01
2022-02-11,2022,Winter,Weekday,Residential & Inner-Suburban Feeder,410,363,-47,576,2022-02-01
2022-02-12,2022,Winter,Weekend,Commercial & Employment Core,2093,2076,-17,2285,2022-02-01
2022-02-12,2022,Winter,Weekend,Commuter-Heavy Transit Hub,91,102,11,126,2022-02-01
2022-02-12,2022,Winter,Weekend,Leisure & Waterfront,172,184,12,204,2022-02-01
2022-02-12,2022,Winter,Weekend,Residential & Inner-Suburban Feeder,382,381,-1,505,2022-02-01
2022-02-13,2022,Winter,Weekend,Commercial & Employment Core,1563,1565,2,1876,2022-02-01
2022-02-13,2022,Winter,Weekend,Commuter-Heavy Transit Hub,69,80,11,111,2022-02-01
2022-02-13,2022,Winter,Weekend,Leisure & Waterfront,127,123,-4,161,2022-02-01
2022-02-13,2022,Winter,Weekend,Residential & Inner-Suburban Feeder,276,267,-9,413,2022-02-01
2022-02-14,2022,Winter,Weekday,Commercial & Employment Core,1861,1879,18,2130,2022-02-01
2022-02-14,2022,Winter,Weekday,Commuter-Heavy Transit Hub,212,206,-6,214,2022-02-01
2022-02-14,2022,Winter,Weekday,Leisure & Waterfront,129,139,10,154,2022-02-01
2022-02-14,2022,Winter,Weekday,Residential & Inner-Suburban Feeder,318,295,-23,446,2022-02-01
2022-02-15,2022,Winter,Weekday,Commercial & Employment Core,2355,2374,19,2511,2022-02-01
2022-02-15,2022,Winter,Weekday,Commuter-Heavy Transit Hub,267,275,8,250,2022-02-01
2022-02-15,2022,Winter,Weekday,Leisure & Waterfront,179,188,9,235,2022-02-01
2022-02-15,2022,Winter,Weekday,Residential & Inner-Suburban Feeder,456,421,-35,596,2022-02-01
2022-02-16,2022,Winter,Weekday,Commercial & Employment Core,2975,2974,-1,2894,2022-02-01
2022-02-16,2022,Winter,Weekday,Commuter-Heavy Transit Hub,329,337,8,263,2022-02-01
2022-02-16,2022,Winter,Weekday,Leisure & Waterfront,211,230,19,292,2022-02-01
2022-02-16,2022,Winter,Weekday,Residential & Inner-Suburban Feeder,611,581,-30,786,2022-02-01
2022-02-17,2022,Winter,Weekday,Commercial & Employment Core,1066,1092,26,1486,2022-02-01
2022-02-17,2022,Winter,Weekday,Commuter-Heavy Transit Hub,122,146,24,162,2022-02-01
2022-02-17,2022,Winter,Weekday,Leisure & Waterfront,47,52,5,79,2022-02-01
2022-02-17,2022,Winter,Weekday,Residential & Inner-Suburban Feeder,212,166,-46,306,2022-02-01
2022-02-18,2022,Winter,Weekday,Commercial & Employment Core,804,837,33,1105,2022-02-01
2022-02-18,2022,Winter,Weekday,Commuter-Heavy Transit Hub,90,74,-16,103,2022-02-01
2022-02-18,2022,Winter,Weekday,Leisure & Waterfront,59,57,-2,82,2022-02-01
2022-02-18,2022,Winter,Weekday,Residential & Inner-Suburban Feeder,151,132,-19,221,2022-02-01
2022-02-19,2022,Winter,Weekend,Commercial & Employment Core,840,837,-3,1180,2022-02-01
2022-02-19,2022,Winter,Weekend,Commuter-Heavy Transit Hub,46,50,4,75,2022-02-01
2022-02-19,2022,Winter,Weekend,Leisure & Waterfront,60,56,-4,86,2022-02-01
2022-02-19,2022,Winter,Weekend,Residential & Inner-Suburban Feeder,137,142,5,218,2022-02-01
2022-02-20,2022,Winter,Weekend,Commercial & Employment Core,1271,1257,-14,1616,2022-02-01
2022-02-20,2022,Winter,Weekend,Commuter-Heavy Transit Hub,71,59,-12,103,2022-02-01
2022-02-20,2022,Winter,Weekend,Leisure & Waterfront,123,146,23,157,2022-02-01
2022-02-20,2022,Winter,Weekend,Residential & Inner-Suburban Feeder,239,238,-1,359,2022-02-01
2022-02-21,2022,Winter,Weekday,Commercial & Employment Core,1833,1829,-4,2035,2022-02-01
2022-02-21,2022,Winter,Weekday,Commuter-Heavy Transit Hub,114,123,9,152,2022-02-01
2022-02-21,2022,Winter,Weekday,Leisure & Waterfront,329,367,38,303,2022-02-01
2022-02-21,2022,Winter,Weekday,Residential & Inner-Suburban Feeder,383,344,-39,511,2022-02-01
2022-02-22,2022,Winter,Weekday,Commercial & Employment Core,1852,1881,29,2233,2022-02-01
2022-02-22,2022,Winter,Weekday,Commuter-Heavy Transit Hub,194,221,27,225,2022-02-01
2022-02-22,2022,Winter,Weekday,Leisure & Waterfront,111,108,-3,159,2022-02-01
2022-02-22,2022,Winter,Weekday,Residential & Inner-Suburban Feeder,385,321,-64,545,2022-02-01
2022-02-23,2022,Winter,Weekday,Commercial & Employment Core,2286,2260,-26,2507,2022-02-01
2022-02-23,2022,Winter,Weekday,Commuter-Heavy Transit Hub,253,311,58,240,2022-02-01
2022-02-23,2022,Winter,Weekday,Leisure & Waterfront,139,150,11,196,2022-02-01
2022-02-23,2022,Winter,Weekday,Residential & Inner-Suburban Feeder,456,417,-39,619,2022-02-01
2022-02-24,2022,Winter,Weekday,Commercial & Employment Core,2276,2311,35,2486,2022-02-01
2022-02-24,2022,Winter,Weekday,Commuter-Heavy Transit Hub,212,229,17,219,2022-02-01
2022-02-24,2022,Winter,Weekday,Leisure & Waterfront,168,170,2,211,2022-02-01
2022-02-24,2022,Winter,Weekday,Residential & Inner-Suburban Feeder,418,370,-48,582,2022-02-01
2022-02-25,2022,Winter,Weekday,Commercial & Employment Core,1148,1180,32,1509,2022-02-01
2022-02-25,2022,Winter,Weekday,Commuter-Heavy Transit Hub,104,88,-16,121,2022-02-01
2022-02-25,2022,Winter,Weekday,Leisure & Waterfront,77,84,7,115,2022-02-01
2022-02-25,2022,Winter,Weekday,Residential & Inner-Suburban Feeder,220,195,-25,327,2022-02-01
2022-02-26,2022,Winter,Weekend,Commercial & Employment Core,1698,1698,0,2070,2022-02-01
2022-02-26,2022,Winter,Weekend,Commuter-Heavy Transit Hub,110,99,-11,134,2022-02-01
2022-02-26,2022,Winter,Weekend,Leisure & Waterfront,193,197,4,217,2022-02-01
2022-02-26,2022,Winter,Weekend,Residential & Inner-Suburban Feeder,323,330,7,467,2022-02-01
2022-02-27,2022,Winter,Weekend,Commercial & Employment Core,1530,1538,8,1927,2022-02-01
2022-02-27,2022,Winter,Weekend,Commuter-Heavy Transit Hub,79,83,4,120,2022-02-01
2022-02-27,2022,Winter,Weekend,Leisure & Waterfront,112,133,21,161,2022-02-01
2022-02-27,2022,Winter,Weekend,Residential & Inner-Suburban Feeder,287,256,-31,425,2022-02-01
2022-02-28,2022,Winter,Weekday,Commercial & Employment Core,2196,2185,-11,2418,2022-02-01
2022-02-28,2022,Winter,Weekday,Commuter-Heavy Transit Hub,248,257,9,235,2022-02-01
2022-02-28,2022,Winter,Weekday,Leisure & Waterfront,142,143,1,184,2022-02-01
2022-02-28,2022,Winter,Weekday,Residential & Inner-Suburban Feeder,383,379,-4,573,2022-02-01
2022-03-01,2022,Spring,Weekday,Commercial & Employment Core,3015,3010,-5,2881,2022-03-01
2022-03-01,2022,Spring,Weekday,Commuter-Heavy Transit Hub,308,330,22,253,2022-03-01
2022-03-01,2022,Spring,Weekday,Leisure & Waterfront,230,251,21,288,2022-03-01
2022-03-01,2022,Spring,Weekday,Residential & Inner-Suburban Feeder,601,561,-40,793,2022-03-01
2022-03-02,2022,Spring,Weekday,Commercial & Employment Core,3187,3204,17,2961,2022-03-01
2022-03-02,2022,Spring,Weekday,Commuter-Heavy Transit Hub,354,402,48,259,2022-03-01
2022-03-02,2022,Spring,Weekday,Leisure & Waterfront,226,256,30,276,2022-03-01
2022-03-02,2022,Spring,Weekday,Residential & Inner-Suburban Feeder,687,593,-94,832,2022-03-01
2022-03-03,2022,Spring,Weekday,Commercial & Employment Core,2775,2811,36,2728,2022-03-01
2022-03-03,2022,Spring,Weekday,Commuter-Heavy Transit Hub,300,316,16,253,2022-03-01
2022-03-03,2022,Spring,Weekday,Leisure & Waterfront,183,194,11,247,2022-03-01
2022-03-03,2022,Spring,Weekday,Residential & Inner-Suburban Feeder,548,488,-60,720,2022-03-01
2022-03-04,2022,Spring,Weekday,Commercial & Employment Core,3272,3333,61,3024,2022-03-01
2022-03-04,2022,Spring,Weekday,Commuter-Heavy Transit Hub,320,338,18,260,2022-03-01
2022-03-04,2022,Spring,Weekday,Leisure & Waterfront,265,276,11,308,2022-03-01
2022-03-04,2022,Spring,Weekday,Residential & Inner-Suburban Feeder,690,592,-98,843,2022-03-01
2022-03-05,2022,Spring,Weekend,Commercial & Employment Core,2807,2850,43,2825,2022-03-01
2022-03-05,2022,Spring,Weekend,Commuter-Heavy Transit Hub,126,124,-2,151,2022-03-01
2022-03-05,2022,Spring,Weekend,Leisure & Waterfront,348,355,7,370,2022-03-01
2022-03-05,2022,Spring,Weekend,Residential & Inner-Suburban Feeder,636,579,-57,794,2022-03-01
2022-03-06,2022,Spring,Weekend,Commercial & Employment Core,3729,3728,-1,3034,2022-03-01
2022-03-06,2022,Spring,Weekend,Commuter-Heavy Transit Hub,177,171,-6,171,2022-03-01
2022-03-06,2022,Spring,Weekend,Leisure & Waterfront,1181,1252,71,606,2022-03-01
2022-03-06,2022,Spring,Weekend,Residential & Inner-Suburban Feeder,896,846,-50,917,2022-03-01
2022-03-07,2022,Spring,Weekday,Commercial & Employment Core,2048,2046,-2,2306,2022-03-01
2022-03-07,2022,Spring,Weekday,Commuter-Heavy Transit Hub,221,231,10,217,2022-03-01
2022-03-07,2022,Spring,Weekday,Leisure & Waterfront,99,119,20,160,2022-03-01
2022-03-07,2022,Spring,Weekday,Residential & Inner-Suburban Feeder,357,333,-24,528,2022-03-01
2022-03-08,2022,Spring,Weekday,Commercial & Employment Core,3490,3509,19,3119,2022-03-01
2022-03-08,2022,Spring,Weekday,Commuter-Heavy Transit Hub,411,416,5,274,2022-03-01
2022-03-08,2022,Spring,Weekday,Leisure & Waterfront,275,307,32,335,2022-03-01
2022-03-08,2022,Spring,Weekday,Residential & Inner-Suburban Feeder,689,631,-58,843,2022-03-01
2022-03-09,2022,Spring,Weekday,Commercial & Employment Core,3950,3982,32,3299,2022-03-01
2022-03-09,2022,Spring,Weekday,Commuter-Heavy Transit Hub,406,431,25,263,2022-03-01
2022-03-09,2022,Spring,Weekday,Leisure & Waterfront,386,377,-9,433,2022-03-01
2022-03-09,2022,Spring,Weekday,Residential & Inner-Suburban Feeder,785,728,-57,920,2022-03-01
2022-03-10,2022,Spring,Weekday,Commercial & Employment Core,3950,3967,17,3308,2022-03-01
2022-03-10,2022,Spring,Weekday,Commuter-Heavy Transit Hub,386,454,68,294,2022-03-01
2022-03-10,2022,Spring,Weekday,Leisure & Waterfront,330,339,9,368,2022-03-01
2022-03-10,2022,Spring,Weekday,Residential & Inner-Suburban Feeder,845,753,-92,994,2022-03-01
2022-03-11,2022,Spring,Weekday,Commercial & Employment Core,2259,2200,-59,2552,2022-03-01
2022-03-11,2022,Spring,Weekday,Commuter-Heavy Transit Hub,186,257,71,216,2022-03-01
2022-03-11,2022,Spring,Weekday,Leisure & Waterfront,121,138,17,190,2022-03-01
2022-03-11,2022,Spring,Weekday,Residential & Inner-Suburban Feeder,438,409,-29,591,2022-03-01
2022-03-12,2022,Spring,Weekend,Commercial & Employment Core,1842,1884,42,2146,2022-03-01
2022-03-12,2022,Spring,Weekend,Commuter-Heavy Transit Hub,82,88,6,133,2022-03-01
2022-03-12,2022,Spring,Weekend,Leisure & Waterfront,129,145,16,176,2022-03-01
2022-03-12,2022,Spring,Weekend,Residential & Inner-Suburban Feeder,353,303,-50,493,2022-03-01
2022-03-13,2022,Spring,Weekend,Commercial & Employment Core,1590,1612,22,1983,2022-03-01
2022-03-13,2022,Spring,Weekend,Commuter-Heavy Transit Hub,64,62,-2,93,2022-03-01
2022-03-13,2022,Spring,Weekend,Leisure & Waterfront,88,101,13,142,2022-03-01
2022-03-13,2022,Spring,Weekend,Residential & Inner-Suburban Feeder,303,257,-46,422,2022-03-01
2022-03-14,2022,Spring,Weekday,Commercial & Employment Core,3457,3455,-2,3111,2022-03-01
2022-03-14,2022,Spring,Weekday,Commuter-Heavy Transit Hub,333,310,-23,242,2022-03-01
2022-03-14,2022,Spring,Weekday,Leisure & Waterfront,292,312,20,353,2022-03-01
2022-03-14,2022,Spring,Weekday,Residential & Inner-Suburban Feeder,640,649,9,839,2022-03-01
2022-03-15,2022,Spring,Weekday,Commercial & Employment Core,2003,1984,-19,2341,2022-03-01
2022-03-15,2022,Spring,Weekday,Commuter-Heavy Transit Hub,206,242,36,227,2022-03-01
2022-03-15,2022,Spring,Weekday,Leisure & Waterfront,138,145,7,188,2022-03-01
2022-03-15,2022,Spring,Weekday,Residential & Inner-Suburban Feeder,380,354,-26,550,2022-03-01
2022-03-16,2022,Spring,Weekday,Commercial & Employment Core,3519,3536,17,3160,2022-03-01
2022-03-16,2022,Spring,Weekday,Commuter-Heavy Transit Hub,379,374,-5,264,2022-03-01
2022-03-16,2022,Spring,Weekday,Leisure & Waterfront,267,289,22,329,2022-03-01
2022-03-16,2022,Spring,Weekday,Residential & Inner-Suburban Feeder,675,634,-41,847,2022-03-01
2022-03-17,2022,Spring,Weekday,Commercial & Employment Core,5517,5442,-75,3716,2022-03-01
2022-03-17,2022,Spring,Weekday,Commuter-Heavy Transit Hub,474,516,42,303,2022-03-01
2022-03-17,2022,Spring,Weekday,Leisure & Waterfront,1030,1116,86,658,2022-03-01
2022-03-17,2022,Spring,Weekday,Residential & Inner-Suburban Feeder,1227,1151,-76,1201,2022-03-01
2022-03-18,2022,Spring,Weekday,Commercial & Employment Core,5293,5365,72,3875,2022-03-01
2022-03-18,2022,Spring,Weekday,Commuter-Heavy Transit Hub,452,436,-16,288,2022-03-01
2022-03-18,2022,Spring,Weekday,Leisure & Waterfront,771,794,23,583,2022-03-01
2022-03-18,2022,Spring,Weekday,Residential & Inner-Suburban Feeder,1095,1029,-66,1188,2022-03-01
2022-03-19,2022,Spring,Weekend,Commercial & Employment Core,2692,2753,61,2762,2022-03-01
2022-03-19,2022,Spring,Weekend,Commuter-Heavy Transit Hub,140,121,-19,150,2022-03-01
2022-03-19,2022,Spring,Weekend,Leisure & Waterfront,315,294,-21,306,2022-03-01
2022-03-19,2022,Spring,Weekend,Residential & Inner-Suburban Feeder,545,527,-18,710,2022-03-01
2022-03-20,2022,Spring,Weekend,Commercial & Employment Core,4402,4375,-27,3269,2022-03-01
2022-03-20,2022,Spring,Weekend,Commuter-Heavy Transit Hub,210,184,-26,188,2022-03-01
2022-03-20,2022,Spring,Weekend,Leisure & Waterfront,1414,1471,57,625,2022-03-01
2022-03-20,2022,Spring,Weekend,Residential & Inner-Suburban Feeder,901,904,3,935,2022-03-01
2022-03-21,2022,Spring,Weekday,Commercial & Employment Core,4969,5041,72,3640,2022-03-01
2022-03-21,2022,Spring,Weekday,Commuter-Heavy Transit Hub,490,484,-6,286,2022-03-01
2022-03-21,2022,Spring,Weekday,Leisure & Waterfront,760,806,46,581,2022-03-01
2022-03-21,2022,Spring,Weekday,Residential & Inner-Suburban Feeder,1081,972,-109,1129,2022-03-01
2022-03-22,2022,Spring,Weekday,Commercial & Employment Core,4650,4641,-9,3574,2022-03-01
2022-03-22,2022,Spring,Weekday,Commuter-Heavy Transit Hub,474,516,42,305,2022-03-01
2022-03-22,2022,Spring,Weekday,Leisure & Waterfront,424,424,0,482,2022-03-01
2022-03-22,2022,Spring,Weekday,Residential & Inner-Suburban Feeder,979,950,-29,1126,2022-03-01
2022-03-23,2022,Spring,Weekday,Commercial & Employment Core,2317,2290,-27,2519,2022-03-01
2022-03-23,2022,Spring,Weekday,Commuter-Heavy Transit Hub,280,351,71,242,2022-03-01
2022-03-23,2022,Spring,Weekday,Leisure & Waterfront,100,119,19,168,2022-03-01
2022-03-23,2022,Spring,Weekday,Residential & Inner-Suburban Feeder,447,392,-55,629,2022-03-01
2022-03-24,2022,Spring,Weekday,Commercial & Employment Core,4815,4775,-40,3597,2022-03-01
2022-03-24,2022,Spring,Weekday,Commuter-Heavy Transit Hub,465,553,88,298,2022-03-01
2022-03-24,2022,Spring,Weekday,Leisure & Waterfront,495,510,15,487,2022-03-01
2022-03-24,2022,Spring,Weekday,Residential & Inner-Suburban Feeder,1021,944,-77,1117,2022-03-01
2022-03-25,2022,Spring,Weekday,Commercial & Employment Core,4562,4561,-1,3628,2022-03-01
2022-03-25,2022,Spring,Weekday,Commuter-Heavy Transit Hub,423,457,34,297,2022-03-01
2022-03-25,2022,Spring,Weekday,Leisure & Waterfront,381,406,25,409,2022-03-01
2022-03-25,2022,Spring,Weekday,Residential & Inner-Suburban Feeder,961,895,-66,1080,2022-03-01
2022-03-26,2022,Spring,Weekend,Commercial & Employment Core,3375,3384,9,3123,2022-03-01
2022-03-26,2022,Spring,Weekend,Commuter-Heavy Transit Hub,134,174,40,178,2022-03-01
2022-03-26,2022,Spring,Weekend,Leisure & Waterfront,440,437,-3,429,2022-03-01
2022-03-26,2022,Spring,Weekend,Residential & Inner-Suburban Feeder,692,655,-37,883,2022-03-01
2022-03-27,2022,Spring,Weekend,Commercial & Employment Core,1908,1909,1,2217,2022-03-01
2022-03-27,2022,Spring,Weekend,Commuter-Heavy Transit Hub,100,89,-11,127,2022-03-01
2022-03-27,2022,Spring,Weekend,Leisure & Waterfront,199,202,3,231,2022-03-01
2022-03-27,2022,Spring,Weekend,Residential & Inner-Suburban Feeder,374,386,12,536,2022-03-01
2022-03-28,2022,Spring,Weekday,Commercial & Employment Core,2539,2560,21,2606,2022-03-01
2022-03-28,2022,Spring,Weekday,Commuter-Heavy Transit Hub,280,306,26,226,2022-03-01
2022-03-28,2022,Spring,Weekday,Leisure & Waterfront,133,151,18,205,2022-03-01
2022-03-28,2022,Spring,Weekday,Residential & Inner-Suburban Feeder,489,432,-57,668,2022-03-01
2022-03-29,2022,Spring,Weekday,Commercial & Employment Core,3562,3646,84,3118,2022-03-01
2022-03-29,2022,Spring,Weekday,Commuter-Heavy Transit Hub,389,357,-32,255,2022-03-01
2022-03-29,2022,Spring,Weekday,Leisure & Waterfront,360,393,33,377,2022-03-01
2022-03-29,2022,Spring,Weekday,Residential & Inner-Suburban Feeder,800,706,-94,893,2022-03-01
2022-03-30,2022,Spring,Weekday,Commercial & Employment Core,2922,2882,-40,2843,2022-03-01
2022-03-30,2022,Spring,Weekday,Commuter-Heavy Transit Hub,340,395,55,276,2022-03-01
2022-03-30,2022,Spring,Weekday,Leisure & Waterfront,169,202,33,252,2022-03-01
2022-03-30,2022,Spring,Weekday,Residential & Inner-Suburban Feeder,586,529,-57,758,2022-03-01
2022-03-31,2022,Spring,Weekday,Commercial & Employment Core,4654,4628,-26,3587,2022-03-01
2022-03-31,2022,Spring,Weekday,Commuter-Heavy Transit Hub,490,510,20,295,2022-03-01
2022-03-31,2022,Spring,Weekday,Leisure & Waterfront,503,552,49,507,2022-03-01
2022-03-31,2022,Spring,Weekday,Residential & Inner-Suburban Feeder,1033,993,-40,1128,2022-03-01
2022-04-01,2022,Spring,Weekday,Commercial & Employment Core,3266,3285,19,3081,2022-04-01
2022-04-01,2022,Spring,Weekday,Commuter-Heavy Transit Hub,310,339,29,267,2022-04-01
2022-04-01,2022,Spring,Weekday,Leisure & Waterfront,207,235,28,292,2022-04-01
2022-04-01,2022,Spring,Weekday,Residential & Inner-Suburban Feeder,696,622,-74,857,2022-04-01
2022-04-02,2022,Spring,Weekend,Commercial & Employment Core,4484,4538,54,3490,2022-04-01
2022-04-02,2022,Spring,Weekend,Commuter-Heavy Transit Hub,191,192,1,187,2022-04-01
2022-04-02,2022,Spring,Weekend,Leisure & Waterfront,1161,1191,30,702,2022-04-01
2022-04-02,2022,Spring,Weekend,Residential & Inner-Suburban Feeder,1062,969,-93,1100,2022-04-01
2022-04-03,2022,Spring,Weekend,Commercial & Employment Core,3514,3495,-19,3154,2022-04-01
2022-04-03,2022,Spring,Weekend,Commuter-Heavy Transit Hub,168,156,-12,195,2022-04-01
2022-04-03,2022,Spring,Weekend,Leisure & Waterfront,533,567,34,463,2022-04-01
2022-04-03,2022,Spring,Weekend,Residential & Inner-Suburban Feeder,775,785,10,944,2022-04-01
2022-04-04,2022,Spring,Weekday,Commercial & Employment Core,4345,4389,44,3460,2022-04-01
2022-04-04,2022,Spring,Weekday,Commuter-Heavy Transit Hub,506,499,-7,302,2022-04-01
2022-04-04,2022,Spring,Weekday,Leisure & Waterfront,542,573,31,547,2022-04-01
2022-04-04,2022,Spring,Weekday,Residential & Inner-Suburban Feeder,984,909,-75,1119,2022-04-01
2022-04-05,2022,Spring,Weekday,Commercial & Employment Core,4773,4749,-24,3558,2022-04-01
2022-04-05,2022,Spring,Weekday,Commuter-Heavy Transit Hub,495,514,19,287,2022-04-01
2022-04-05,2022,Spring,Weekday,Leisure & Waterfront,574,617,43,545,2022-04-01
2022-04-05,2022,Spring,Weekday,Residential & Inner-Suburban Feeder,992,957,-35,1096,2022-04-01
2022-04-06,2022,Spring,Weekday,Commercial & Employment Core,4537,4536,-1,3477,2022-04-01
2022-04-06,2022,Spring,Weekday,Commuter-Heavy Transit Hub,512,600,88,296,2022-04-01
2022-04-06,2022,Spring,Weekday,Leisure & Waterfront,449,466,17,461,2022-04-01
2022-04-06,2022,Spring,Weekday,Residential & Inner-Suburban Feeder,1005,908,-97,1096,2022-04-01
2022-04-07,2022,Spring,Weekday,Commercial & Employment Core,5033,4957,-76,3608,2022-04-01
2022-04-07,2022,Spring,Weekday,Commuter-Heavy Transit Hub,473,566,93,301,2022-04-01
2022-04-07,2022,Spring,Weekday,Leisure & Waterfront,590,634,44,566,2022-04-01
2022-04-07,2022,Spring,Weekday,Residential & Inner-Suburban Feeder,1079,997,-82,1132,2022-04-01
2022-04-08,2022,Spring,Weekday,Commercial & Employment Core,5118,5121,3,3735,2022-04-01
2022-04-08,2022,Spring,Weekday,Commuter-Heavy Transit Hub,465,522,57,297,2022-04-01
2022-04-08,2022,Spring,Weekday,Leisure & Waterfront,567,601,34,530,2022-04-01
2022-04-08,2022,Spring,Weekday,Residential & Inner-Suburban Feeder,1053,938,-115,1090,2022-04-01
2022-04-09,2022,Spring,Weekend,Commercial & Employment Core,4832,4823,-9,3637,2022-04-01
2022-04-09,2022,Spring,Weekend,Commuter-Heavy Transit Hub,193,231,38,221,2022-04-01
2022-04-09,2022,Spring,Weekend,Leisure & Waterfront,666,717,51,589,2022-04-01
2022-04-09,2022,Spring,Weekend,Residential & Inner-Suburban Feeder,978,910,-68,1049,2022-04-01
2022-04-10,2022,Spring,Weekend,Commercial & Employment Core,4726,4772,46,3616,2022-04-01
2022-04-10,2022,Spring,Weekend,Commuter-Heavy Transit Hub,220,193,-27,216,2022-04-01
2022-04-10,2022,Spring,Weekend,Leisure & Waterfront,1215,1277,62,726,2022-04-01
2022-04-10,2022,Spring,Weekend,Residential & Inner-Suburban Feeder,1064,1005,-59,1072,2022-04-01
2022-04-11,2022,Spring,Weekday,Commercial & Employment Core,4706,4689,-17,3669,2022-04-01
2022-04-11,2022,Spring,Weekday,Commuter-Heavy Transit Hub,453,549,96,318,2022-04-01
2022-04-11,2022,Spring,Weekday,Leisure & Waterfront,556,577,21,518,2022-04-01
2022-04-11,2022,Spring,Weekday,Residential & Inner-Suburban Feeder,959,852,-107,1070,2022-04-01
2022-04-12,2022,Spring,Weekday,Commercial & Employment Core,6690,6703,13,4128,2022-04-01
2022-04-12,2022,Spring,Weekday,Commuter-Heavy Transit Hub,625,653,28,342,2022-04-01
2022-04-12,2022,Spring,Weekday,Leisure & Waterfront,1721,1775,54,895,2022-04-01
2022-04-12,2022,Spring,Weekday,Residential & Inner-Suburban Feeder,1530,1431,-99,1420,2022-04-01
2022-04-13,2022,Spring,Weekday,Commercial & Employment Core,5237,5241,4,3924,2022-04-01
2022-04-13,2022,Spring,Weekday,Commuter-Heavy Transit Hub,533,631,98,344,2022-04-01
2022-04-13,2022,Spring,Weekday,Leisure & Waterfront,585,607,22,557,2022-04-01
2022-04-13,2022,Spring,Weekday,Residential & Inner-Suburban Feeder,1151,1024,-127,1218,2022-04-01
2022-04-14,2022,Spring,Weekday,Commercial & Employment Core,6394,6463,69,4047,2022-04-01
2022-04-14,2022,Spring,Weekday,Commuter-Heavy Transit Hub,593,672,79,339,2022-04-01
2022-04-14,2022,Spring,Weekday,Leisure & Waterfront,914,959,45,680,2022-04-01
2022-04-14,2022,Spring,Weekday,Residential & Inner-Suburban Feeder,1451,1245,-206,1316,2022-04-01
2022-04-15,2022,Spring,Weekday,Commercial & Employment Core,4641,4713,72,3543,2022-04-01
2022-04-15,2022,Spring,Weekday,Commuter-Heavy Transit Hub,228,236,8,224,2022-04-01
2022-04-15,2022,Spring,Weekday,Leisure & Waterfront,1070,1145,75,664,2022-04-01
2022-04-15,2022,Spring,Weekday,Residential & Inner-Suburban Feeder,1111,980,-131,1103,2022-04-01
2022-04-16,2022,Spring,Weekend,Commercial & Employment Core,5229,5264,35,3623,2022-04-01
2022-04-16,2022,Spring,Weekend,Commuter-Heavy Transit Hub,221,235,14,202,2022-04-01
2022-04-16,2022,Spring,Weekend,Leisure & Waterfront,1184,1213,29,698,2022-04-01
2022-04-16,2022,Spring,Weekend,Residential & Inner-Suburban Feeder,1093,1012,-81,1102,2022-04-01
2022-04-17,2022,Spring,Weekend,Commercial & Employment Core,4506,4624,118,3447,2022-04-01
2022-04-17,2022,Spring,Weekend,Commuter-Heavy Transit Hub,198,175,-23,206,2022-04-01
2022-04-17,2022,Spring,Weekend,Leisure & Waterfront,1654,1636,-18,772,2022-04-01
2022-04-17,2022,Spring,Weekend,Residential & Inner-Suburban Feeder,1014,941,-73,972,2022-04-01
2022-04-18,2022,Spring,Weekday,Commercial & Employment Core,2894,2919,25,2801,2022-04-01
2022-04-18,2022,Spring,Weekday,Commuter-Heavy Transit Hub,202,340,138,236,2022-04-01
2022-04-18,2022,Spring,Weekday,Leisure & Waterfront,288,296,8,310,2022-04-01
2022-04-18,2022,Spring,Weekday,Residential & Inner-Suburban Feeder,606,448,-158,709,2022-04-01
2022-04-19,2022,Spring,Weekday,Commercial & Employment Core,3751,3751,0,3376,2022-04-01
2022-04-19,2022,Spring,Weekday,Commuter-Heavy Transit Hub,376,455,79,317,2022-04-01
2022-04-19,2022,Spring,Weekday,Leisure & Waterfront,270,293,23,350,2022-04-01
2022-04-19,2022,Spring,Weekday,Residential & Inner-Suburban Feeder,827,714,-113,949,2022-04-01
2022-04-20,2022,Spring,Weekday,Commercial & Employment Core,5922,6011,89,4036,2022-04-01
2022-04-20,2022,Spring,Weekday,Commuter-Heavy Transit Hub,584,626,42,328,2022-04-01
2022-04-20,2022,Spring,Weekday,Leisure & Waterfront,838,871,33,663,2022-04-01
2022-04-20,2022,Spring,Weekday,Residential & Inner-Suburban Feeder,1394,1218,-176,1359,2022-04-01
2022-04-21,2022,Spring,Weekday,Commercial & Employment Core,5047,5010,-37,3576,2022-04-01
2022-04-21,2022,Spring,Weekday,Commuter-Heavy Transit Hub,432,364,-68,286,2022-04-01
2022-04-21,2022,Spring,Weekday,Leisure & Waterfront,644,706,62,509,2022-04-01
2022-04-21,2022,Spring,Weekday,Residential & Inner-Suburban Feeder,973,1015,42,1082,2022-04-01
2022-04-22,2022,Spring,Weekday,Commercial & Employment Core,7498,7565,67,4342,2022-04-01
2022-04-22,2022,Spring,Weekday,Commuter-Heavy Transit Hub,595,649,54,340,2022-04-01
2022-04-22,2022,Spring,Weekday,Leisure & Waterfront,1418,1489,71,864,2022-04-01
2022-04-22,2022,Spring,Weekday,Residential & Inner-Suburban Feeder,1770,1549,-221,1524,2022-04-01
2022-04-23,2022,Spring,Weekend,Commercial & Employment Core,5541,5607,66,4026,2022-04-01
2022-04-23,2022,Spring,Weekend,Commuter-Heavy Transit Hub,257,256,-1,250,2022-04-01
2022-04-23,2022,Spring,Weekend,Leisure & Waterfront,805,841,36,668,2022-04-01
2022-04-23,2022,Spring,Weekend,Residential & Inner-Suburban Feeder,1232,1154,-78,1302,2022-04-01
2022-04-24,2022,Spring,Weekend,Commercial & Employment Core,7153,7082,-71,4124,2022-04-01
2022-04-24,2022,Spring,Weekend,Commuter-Heavy Transit Hub,322,283,-39,254,2022-04-01
2022-04-24,2022,Spring,Weekend,Leisure & Waterfront,3636,3808,172,1103,2022-04-01
2022-04-24,2022,Spring,Weekend,Residential & Inner-Suburban Feeder,1773,1716,-57,1423,2022-04-01
2022-04-25,2022,Spring,Weekday,Commercial & Employment Core,4622,4687,65,3607,2022-04-01
2022-04-25,2022,Spring,Weekday,Commuter-Heavy Transit Hub,446,544,98,318,2022-04-01
2022-04-25,2022,Spring,Weekday,Leisure & Waterfront,489,538,49,509,2022-04-01
2022-04-25,2022,Spring,Weekday,Residential & Inner-Suburban Feeder,1081,883,-198,1116,2022-04-01
2022-04-26,2022,Spring,Weekday,Commercial & Employment Core,6082,6092,10,3924,2022-04-01
2022-04-26,2022,Spring,Weekday,Commuter-Heavy Transit Hub,615,721,106,349,2022-04-01
2022-04-26,2022,Spring,Weekday,Leisure & Waterfront,661,700,39,606,2022-04-01
2022-04-26,2022,Spring,Weekday,Residential & Inner-Suburban Feeder,1327,1169,-158,1281,2022-04-01
2022-04-27,2022,Spring,Weekday,Commercial & Employment Core,5303,5289,-14,3750,2022-04-01
2022-04-27,2022,Spring,Weekday,Commuter-Heavy Transit Hub,495,606,111,330,2022-04-01
2022-04-27,2022,Spring,Weekday,Leisure & Waterfront,461,499,38,479,2022-04-01
2022-04-27,2022,Spring,Weekday,Residential & Inner-Suburban Feeder,1106,970,-136,1169,2022-04-01
2022-04-28,2022,Spring,Weekday,Commercial & Employment Core,7021,6918,-103,4138,2022-04-01
2022-04-28,2022,Spring,Weekday,Commuter-Heavy Transit Hub,637,695,58,338,2022-04-01
2022-04-28,2022,Spring,Weekday,Leisure & Waterfront,1058,1156,98,751,2022-04-01
2022-04-28,2022,Spring,Weekday,Residential & Inner-Suburban Feeder,1497,1434,-63,1414,2022-04-01
2022-04-29,2022,Spring,Weekday,Commercial & Employment Core,7432,7485,53,4260,2022-04-01
2022-04-29,2022,Spring,Weekday,Commuter-Heavy Transit Hub,561,656,95,340,2022-04-01
2022-04-29,2022,Spring,Weekday,Leisure & Waterfront,1463,1474,11,823,2022-04-01
2022-04-29,2022,Spring,Weekday,Residential & Inner-Suburban Feeder,1822,1646,-176,1554,2022-04-01
2022-04-30,2022,Spring,Weekend,Commercial & Employment Core,8840,8817,-23,4468,2022-04-01
2022-04-30,2022,Spring,Weekend,Commuter-Heavy Transit Hub,409,409,0,311,2022-04-01
2022-04-30,2022,Spring,Weekend,Leisure & Waterfront,3891,4033,142,1113,2022-04-01
2022-04-30,2022,Spring,Weekend,Residential & Inner-Suburban Feeder,2190,2049,-141,1626,2022-04-01
2022-05-01,2022,Spring,Weekend,Commercial & Employment Core,4362,4354,-8,3632,2022-05-01
2022-05-01,2022,Spring,Weekend,Commuter-Heavy Transit Hub,168,145,-23,190,2022-05-01
2022-05-01,2022,Spring,Weekend,Leisure & Waterfront,660,760,100,541,2022-05-01
2022-05-01,2022,Spring,Weekend,Residential & Inner-Suburban Feeder,926,900,-26,1086,2022-05-01
2022-05-02,2022,Spring,Weekday,Commercial & Employment Core,6224,6208,-16,3967,2022-05-01
2022-05-02,2022,Spring,Weekday,Commuter-Heavy Transit Hub,530,562,32,330,2022-05-01
2022-05-02,2022,Spring,Weekday,Leisure & Waterfront,774,846,72,679,2022-05-01
2022-05-02,2022,Spring,Weekday,Residential & Inner-Suburban Feeder,1388,1299,-89,1343,2022-05-01
2022-05-03,2022,Spring,Weekday,Commercial & Employment Core,4400,4416,16,3503,2022-05-01
2022-05-03,2022,Spring,Weekday,Commuter-Heavy Transit Hub,361,594,233,302,2022-05-01
2022-05-03,2022,Spring,Weekday,Leisure & Waterfront,550,568,18,525,2022-05-01
2022-05-03,2022,Spring,Weekday,Residential & Inner-Suburban Feeder,1104,850,-254,1115,2022-05-01
2022-05-04,2022,Spring,Weekday,Commercial & Employment Core,8064,7997,-67,4126,2022-05-01
2022-05-04,2022,Spring,Weekday,Commuter-Heavy Transit Hub,664,683,19,328,2022-05-01
2022-05-04,2022,Spring,Weekday,Leisure & Waterfront,2059,2122,63,866,2022-05-01
2022-05-04,2022,Spring,Weekday,Residential & Inner-Suburban Feeder,1872,1830,-42,1540,2022-05-01
2022-05-05,2022,Spring,Weekday,Commercial & Employment Core,8423,8436,13,4471,2022-05-01
2022-05-05,2022,Spring,Weekday,Commuter-Heavy Transit Hub,717,760,43,358,2022-05-01
2022-05-05,2022,Spring,Weekday,Leisure & Waterfront,1591,1690,99,924,2022-05-01
2022-05-05,2022,Spring,Weekday,Residential & Inner-Suburban Feeder,2036,1873,-163,1725,2022-05-01
2022-05-06,2022,Spring,Weekday,Commercial & Employment Core,8286,8382,96,4564,2022-05-01
2022-05-06,2022,Spring,Weekday,Commuter-Heavy Transit Hub,593,638,45,344,2022-05-01
2022-05-06,2022,Spring,Weekday,Leisure & Waterfront,1475,1550,75,893,2022-05-01
2022-05-06,2022,Spring,Weekday,Residential & Inner-Suburban Feeder,1899,1678,-221,1592,2022-05-01
2022-05-07,2022,Spring,Weekend,Commercial & Employment Core,9585,9627,42,4577,2022-05-01
2022-05-07,2022,Spring,Weekend,Commuter-Heavy Transit Hub,337,346,9,299,2022-05-01
2022-05-07,2022,Spring,Weekend,Leisure & Waterfront,3900,3947,47,1136,2022-05-01
2022-05-07,2022,Spring,Weekend,Residential & Inner-Suburban Feeder,2263,2168,-95,1677,2022-05-01
2022-05-08,2022,Spring,Weekend,Commercial & Employment Core,8357,8369,12,4429,2022-05-01
2022-05-08,2022,Spring,Weekend,Commuter-Heavy Transit Hub,348,322,-26,291,2022-05-01
2022-05-08,2022,Spring,Weekend,Leisure & Waterfront,4130,4196,66,1181,2022-05-01
2022-05-08,2022,Spring,Weekend,Residential & Inner-Suburban Feeder,2124,2084,-40,1607,2022-05-01
2022-05-09,2022,Spring,Weekday,Commercial & Employment Core,8174,8239,65,4302,2022-05-01
2022-05-09,2022,Spring,Weekday,Commuter-Heavy Transit Hub,697,734,37,338,2022-05-01
2022-05-09,2022,Spring,Weekday,Leisure & Waterfront,2146,2193,47,1011,2022-05-01
2022-05-09,2022,Spring,Weekday,Residential & Inner-Suburban Feeder,2041,1915,-126,1630,2022-05-01
2022-05-10,2022,Spring,Weekday,Commercial & Employment Core,9354,9261,-93,4576,2022-05-01
2022-05-10,2022,Spring,Weekday,Commuter-Heavy Transit Hub,813,965,152,375,2022-05-01
2022-05-10,2022,Spring,Weekday,Leisure & Waterfront,2031,2137,106,1036,2022-05-01
2022-05-10,2022,Spring,Weekday,Residential & Inner-Suburban Feeder,2331,2135,-196,1776,2022-05-01
2022-05-11,2022,Spring,Weekday,Commercial & Employment Core,11487,11443,-44,4772,2022-05-01
2022-05-11,2022,Spring,Weekday,Commuter-Heavy Transit Hub,924,965,41,369,2022-05-01
2022-05-11,2022,Spring,Weekday,Leisure & Waterfront,3453,3596,143,1252,2022-05-01
2022-05-11,2022,Spring,Weekday,Residential & Inner-Suburban Feeder,3009,2850,-159,1994,2022-05-01
2022-05-12,2022,Spring,Weekday,Commercial & Employment Core,10760,10750,-10,4772,2022-05-01
2022-05-12,2022,Spring,Weekday,Commuter-Heavy Transit Hub,905,1032,127,375,2022-05-01
2022-05-12,2022,Spring,Weekday,Leisure & Waterfront,2645,2749,104,1112,2022-05-01
2022-05-12,2022,Spring,Weekday,Residential & Inner-Suburban Feeder,2665,2441,-224,1891,2022-05-01
2022-05-13,2022,Spring,Weekday,Commercial & Employment Core,10996,10896,-100,4923,2022-05-01
2022-05-13,2022,Spring,Weekday,Commuter-Heavy Transit Hub,672,812,140,363,2022-05-01
2022-05-13,2022,Spring,Weekday,Leisure & Waterfront,2898,3009,111,1133,2022-05-01
2022-05-13,2022,Spring,Weekday,Residential & Inner-Suburban Feeder,2835,2628,-207,1974,2022-05-01
2022-05-14,2022,Spring,Weekend,Commercial & Employment Core,13513,13507,-6,5074,2022-05-01
2022-05-14,2022,Spring,Weekend,Commuter-Heavy Transit Hub,597,527,-70,341,2022-05-01
2022-05-14,2022,Spring,Weekend,Leisure & Waterfront,6962,7162,200,1433,2022-05-01
2022-05-14,2022,Spring,Weekend,Residential & Inner-Suburban Feeder,3576,3434,-142,2056,2022-05-01
2022-05-15,2022,Spring,Weekend,Commercial & Employment Core,11679,11657,-22,4938,2022-05-01
2022-05-15,2022,Spring,Weekend,Commuter-Heavy Transit Hub,459,408,-51,307,2022-05-01
2022-05-15,2022,Spring,Weekend,Leisure & Waterfront,5814,6020,206,1354,2022-05-01
2022-05-15,2022,Spring,Weekend,Residential & Inner-Suburban Feeder,2957,2892,-65,1905,2022-05-01
2022-05-16,2022,Spring,Weekday,Commercial & Employment Core,7331,7256,-75,4198,2022-05-01
2022-05-16,2022,Spring,Weekday,Commuter-Heavy Transit Hub,606,665,59,317,2022-05-01
2022-05-16,2022,Spring,Weekday,Leisure & Waterfront,1212,1234,22,752,2022-05-01
2022-05-16,2022,Spring,Weekday,Residential & Inner-Suburban Feeder,1741,1770,29,1539,2022-05-01
2022-05-17,2022,Spring,Weekday,Commercial & Employment Core,9190,9120,-70,4566,2022-05-01
2022-05-17,2022,Spring,Weekday,Commuter-Heavy Transit Hub,829,1002,173,360,2022-05-01
2022-05-17,2022,Spring,Weekday,Leisure & Waterfront,1583,1646,63,920,2022-05-01
2022-05-17,2022,Spring,Weekday,Residential & Inner-Suburban Feeder,2167,1988,-179,1710,2022-05-01
2022-05-18,2022,Spring,Weekday,Commercial & Employment Core,10554,10456,-98,4695,2022-05-01
2022-05-18,2022,Spring,Weekday,Commuter-Heavy Transit Hub,896,1055,159,359,2022-05-01
2022-05-18,2022,Spring,Weekday,Leisure & Waterfront,2204,2288,84,1111,2022-05-01
2022-05-18,2022,Spring,Weekday,Residential & Inner-Suburban Feeder,2413,2258,-155,1833,2022-05-01
2022-05-19,2022,Spring,Weekday,Commercial & Employment Core,9324,9277,-47,4547,2022-05-01
2022-05-19,2022,Spring,Weekday,Commuter-Heavy Transit Hub,810,877,67,350,2022-05-01
2022-05-19,2022,Spring,Weekday,Leisure & Waterfront,1789,1835,46,938,2022-05-01
2022-05-19,2022,Spring,Weekday,Residential & Inner-Suburban Feeder,2245,2185,-60,1736,2022-05-01
2022-05-20,2022,Spring,Weekday,Commercial & Employment Core,10591,10605,14,4842,2022-05-01
2022-05-20,2022,Spring,Weekday,Commuter-Heavy Transit Hub,745,797,52,352,2022-05-01
2022-05-20,2022,Spring,Weekday,Leisure & Waterfront,2227,2315,88,1035,2022-05-01
2022-05-20,2022,Spring,Weekday,Residential & Inner-Suburban Feeder,2474,2270,-204,1893,2022-05-01
2022-05-21,2022,Spring,Weekend,Commercial & Employment Core,9757,9773,16,4688,2022-05-01
2022-05-21,2022,Spring,Weekend,Commuter-Heavy Transit Hub,465,452,-13,316,2022-05-01
2022-05-21,2022,Spring,Weekend,Leisure & Waterfront,3386,3475,89,1108,2022-05-01
2022-05-21,2022,Spring,Weekend,Residential & Inner-Suburban Feeder,2316,2221,-95,1760,2022-05-01
2022-05-22,2022,Spring,Weekend,Commercial & Employment Core,8347,8436,89,4414,2022-05-01
2022-05-22,2022,Spring,Weekend,Commuter-Heavy Transit Hub,363,368,5,265,2022-05-01
2022-05-22,2022,Spring,Weekend,Leisure & Waterfront,2776,2836,60,967,2022-05-01
2022-05-22,2022,Spring,Weekend,Residential & Inner-Suburban Feeder,1871,1749,-122,1517,2022-05-01
2022-05-23,2022,Spring,Weekday,Commercial & Employment Core,9759,9747,-12,4531,2022-05-01
2022-05-23,2022,Spring,Weekday,Commuter-Heavy Transit Hub,400,384,-16,283,2022-05-01
2022-05-23,2022,Spring,Weekday,Leisure & Waterfront,7023,7107,84,1345,2022-05-01
2022-05-23,2022,Spring,Weekday,Residential & Inner-Suburban Feeder,2769,2730,-39,1772,2022-05-01
2022-05-24,2022,Spring,Weekday,Commercial & Employment Core,10174,10134,-40,4692,2022-05-01
2022-05-24,2022,Spring,Weekday,Commuter-Heavy Transit Hub,828,956,128,353,2022-05-01
2022-05-24,2022,Spring,Weekday,Leisure & Waterfront,2123,2195,72,1035,2022-05-01
2022-05-24,2022,Spring,Weekday,Residential & Inner-Suburban Feeder,2452,2306,-146,1843,2022-05-01
2022-05-25,2022,Spring,Weekday,Commercial & Employment Core,11107,11008,-99,4818,2022-05-01
2022-05-25,2022,Spring,Weekday,Commuter-Heavy Transit Hub,933,1119,186,378,2022-05-01
2022-05-25,2022,Spring,Weekday,Leisure & Waterfront,2428,2525,97,1147,2022-05-01
2022-05-25,2022,Spring,Weekday,Residential & Inner-Suburban Feeder,2686,2496,-190,1881,2022-05-01
2022-05-26,2022,Spring,Weekday,Commercial & Employment Core,10661,10569,-92,4804,2022-05-01
2022-05-26,2022,Spring,Weekday,Commuter-Heavy Transit Hub,943,1077,134,373,2022-05-01
2022-05-26,2022,Spring,Weekday,Leisure & Waterfront,1874,1995,121,1044,2022-05-01
2022-05-26,2022,Spring,Weekday,Residential & Inner-Suburban Feeder,2585,2411,-174,1903,2022-05-01
2022-05-27,2022,Spring,Weekday,Commercial & Employment Core,9357,9392,35,4599,2022-05-01
2022-05-27,2022,Spring,Weekday,Commuter-Heavy Transit Hub,683,641,-42,344,2022-05-01
2022-05-27,2022,Spring,Weekday,Leisure & Waterfront,1241,1282,41,794,2022-05-01
2022-05-27,2022,Spring,Weekday,Residential & Inner-Suburban Feeder,1887,1821,-66,1599,2022-05-01
2022-05-28,2022,Spring,Weekend,Commercial & Employment Core,13416,13303,-113,5058,2022-05-01
2022-05-28,2022,Spring,Weekend,Commuter-Heavy Transit Hub,597,588,-9,334,2022-05-01
2022-05-28,2022,Spring,Weekend,Leisure & Waterfront,5637,5733,96,1344,2022-05-01
2022-05-28,2022,Spring,Weekend,Residential & Inner-Suburban Feeder,3078,3039,-39,1972,2022-05-01
2022-05-28,2022,Spring,Weekend,Unassigned,0,1,1,1,2022-05-01
2022-05-29,2022,Spring,Weekend,Commercial & Employment Core,12823,12867,44,4964,2022-05-01
2022-05-29,2022,Spring,Weekend,Commuter-Heavy Transit Hub,556,502,-54,317,2022-05-01
2022-05-29,2022,Spring,Weekend,Leisure & Waterfront,6527,6715,188,1379,2022-05-01
2022-05-29,2022,Spring,Weekend,Residential & Inner-Suburban Feeder,3175,3067,-108,1945,2022-05-01
2022-05-30,2022,Spring,Weekday,Commercial & Employment Core,11042,11030,-12,4844,2022-05-01
2022-05-30,2022,Spring,Weekday,Commuter-Heavy Transit Hub,861,950,89,381,2022-05-01
2022-05-30,2022,Spring,Weekday,Leisure & Waterfront,2908,2952,44,1181,2022-05-01
2022-05-30,2022,Spring,Weekday,Residential & Inner-Suburban Feeder,2607,2498,-109,1922,2022-05-01
2022-05-31,2022,Spring,Weekday,Commercial & Employment Core,11805,11663,-142,4866,2022-05-01
2022-05-31,2022,Spring,Weekday,Commuter-Heavy Transit Hub,905,1031,126,361,2022-05-01
2022-05-31,2022,Spring,Weekday,Leisure & Waterfront,2723,2830,107,1157,2022-05-01
2022-05-31,2022,Spring,Weekday,Residential & Inner-Suburban Feeder,2869,2777,-92,1930,2022-05-01
2022-06-01,2022,Summer,Weekday,Commercial & Employment Core,9988,9885,-103,4754,2022-06-01
2022-06-01,2022,Summer,Weekday,Commuter-Heavy Transit Hub,807,980,173,354,2022-06-01
2022-06-01,2022,Summer,Weekday,Leisure & Waterfront,1554,1622,68,982,2022-06-01
2022-06-01,2022,Summer,Weekday,Residential & Inner-Suburban Feeder,2350,2211,-139,1858,2022-06-01
2022-06-02,2022,Summer,Weekday,Commercial & Employment Core,11888,11751,-137,4865,2022-06-01
2022-06-02,2022,Summer,Weekday,Commuter-Heavy Transit Hub,960,1118,158,380,2022-06-01
2022-06-02,2022,Summer,Weekday,Leisure & Waterfront,2145,2294,149,1121,2022-06-01
2022-06-02,2022,Summer,Weekday,Residential & Inner-Suburban Feeder,2868,2694,-174,1962,2022-06-01
2022-06-03,2022,Summer,Weekday,Commercial & Employment Core,12553,12543,-10,5117,2022-06-01
2022-06-03,2022,Summer,Weekday,Commuter-Heavy Transit Hub,840,960,120,372,2022-06-01
2022-06-03,2022,Summer,Weekday,Leisure & Waterfront,2923,3003,80,1209,2022-06-01
2022-06-03,2022,Summer,Weekday,Residential & Inner-Suburban Feeder,3222,2888,-334,2069,2022-06-01
2022-06-04,2022,Summer,Weekend,Commercial & Employment Core,14720,14559,-161,5101,2022-06-01
2022-06-04,2022,Summer,Weekend,Commuter-Heavy Transit Hub,553,566,13,345,2022-06-01
2022-06-04,2022,Summer,Weekend,Leisure & Waterfront,6567,6704,137,1374,2022-06-01
2022-06-04,2022,Summer,Weekend,Residential & Inner-Suburban Feeder,3644,3683,39,2046,2022-06-01
2022-06-05,2022,Summer,Weekend,Commercial & Employment Core,13075,12983,-92,5010,2022-06-01
2022-06-05,2022,Summer,Weekend,Commuter-Heavy Transit Hub,443,474,31,311,2022-06-01
2022-06-05,2022,Summer,Weekend,Leisure & Waterfront,5496,5712,216,1362,2022-06-01
2022-06-05,2022,Summer,Weekend,Residential & Inner-Suburban Feeder,3151,3124,-27,1942,2022-06-01
2022-06-06,2022,Summer,Weekday,Commercial & Employment Core,7312,7344,32,4337,2022-06-01
2022-06-06,2022,Summer,Weekday,Commuter-Heavy Transit Hub,569,804,235,315,2022-06-01
2022-06-06,2022,Summer,Weekday,Leisure & Waterfront,1097,1146,49,790,2022-06-01
2022-06-06,2022,Summer,Weekday,Residential & Inner-Suburban Feeder,1760,1489,-271,1557,2022-06-01
2022-06-07,2022,Summer,Weekday,Commercial & Employment Core,6933,6884,-49,3677,2022-06-01
2022-06-07,2022,Summer,Weekday,Commuter-Heavy Transit Hub,597,402,-195,301,2022-06-01
2022-06-07,2022,Summer,Weekday,Leisure & Waterfront,1064,1116,52,668,2022-06-01
2022-06-07,2022,Summer,Weekday,Residential & Inner-Suburban Feeder,1369,1524,155,1269,2022-06-01
2022-06-08,2022,Summer,Weekday,Commercial & Employment Core,11750,11728,-22,4874,2022-06-01
2022-06-08,2022,Summer,Weekday,Commuter-Heavy Transit Hub,994,1205,211,362,2022-06-01
2022-06-08,2022,Summer,Weekday,Leisure & Waterfront,2388,2489,101,1120,2022-06-01
2022-06-08,2022,Summer,Weekday,Residential & Inner-Suburban Feeder,2972,2711,-261,1980,2022-06-01
2022-06-09,2022,Summer,Weekday,Commercial & Employment Core,10693,10651,-42,4623,2022-06-01
2022-06-09,2022,Summer,Weekday,Commuter-Heavy Transit Hub,887,974,87,364,2022-06-01
2022-06-09,2022,Summer,Weekday,Leisure & Waterfront,2011,2121,110,1014,2022-06-01
2022-06-09,2022,Summer,Weekday,Residential & Inner-Suburban Feeder,2628,2393,-235,1877,2022-06-01
2022-06-10,2022,Summer,Weekday,Commercial & Employment Core,13164,13139,-25,5082,2022-06-01
2022-06-10,2022,Summer,Weekday,Commuter-Heavy Transit Hub,848,955,107,380,2022-06-01
2022-06-10,2022,Summer,Weekday,Leisure & Waterfront,3406,3572,166,1231,2022-06-01
2022-06-10,2022,Summer,Weekday,Residential & Inner-Suburban Feeder,3234,2945,-289,2059,2022-06-01
2022-06-11,2022,Summer,Weekend,Commercial & Employment Core,13585,13638,53,5192,2022-06-01
2022-06-11,2022,Summer,Weekend,Commuter-Heavy Transit Hub,547,515,-32,333,2022-06-01
2022-06-11,2022,Summer,Weekend,Leisure & Waterfront,4916,5000,84,1371,2022-06-01
2022-06-11,2022,Summer,Weekend,Residential & Inner-Suburban Feeder,3170,3052,-118,2025,2022-06-01
2022-06-12,2022,Summer,Weekend,Commercial & Employment Core,10925,11043,118,4860,2022-06-01
2022-06-12,2022,Summer,Weekend,Commuter-Heavy Transit Hub,423,396,-27,306,2022-06-01
2022-06-12,2022,Summer,Weekend,Leisure & Waterfront,3663,3647,-16,1187,2022-06-01
2022-06-12,2022,Summer,Weekend,Residential & Inner-Suburban Feeder,2566,2565,-1,1904,2022-06-01
2022-06-13,2022,Summer,Weekday,Commercial & Employment Core,11480,11443,-37,4909,2022-06-01
2022-06-13,2022,Summer,Weekday,Commuter-Heavy Transit Hub,892,992,100,353,2022-06-01
2022-06-13,2022,Summer,Weekday,Leisure & Waterfront,2642,2742,100,1127,2022-06-01
2022-06-13,2022,Summer,Weekday,Residential & Inner-Suburban Feeder,2740,2614,-126,2006,2022-06-01
2022-06-14,2022,Summer,Weekday,Commercial & Employment Core,12760,12652,-108,4995,2022-06-01
2022-06-14,2022,Summer,Weekday,Commuter-Heavy Transit Hub,1066,1252,186,384,2022-06-01
2022-06-14,2022,Summer,Weekday,Leisure & Waterfront,2994,3094,100,1224,2022-06-01
2022-06-14,2022,Summer,Weekday,Residential & Inner-Suburban Feeder,3146,2943,-203,2082,2022-06-01
2022-06-15,2022,Summer,Weekday,Commercial & Employment Core,12715,12608,-107,5096,2022-06-01
2022-06-15,2022,Summer,Weekday,Commuter-Heavy Transit Hub,1084,1253,169,391,2022-06-01
2022-06-15,2022,Summer,Weekday,Leisure & Waterfront,2351,2523,172,1116,2022-06-01
2022-06-15,2022,Summer,Weekday,Residential & Inner-Suburban Feeder,3094,2852,-242,2039,2022-06-01
2022-06-16,2022,Summer,Weekday,Commercial & Employment Core,12283,12245,-38,5039,2022-06-01
2022-06-16,2022,Summer,Weekday,Commuter-Heavy Transit Hub,983,1116,133,367,2022-06-01
2022-06-16,2022,Summer,Weekday,Leisure & Waterfront,2666,2781,115,1148,2022-06-01
2022-06-16,2022,Summer,Weekday,Residential & Inner-Suburban Feeder,2963,2734,-229,2052,2022-06-01
2022-06-17,2022,Summer,Weekday,Commercial & Employment Core,12933,12882,-51,5175,2022-06-01
2022-06-17,2022,Summer,Weekday,Commuter-Heavy Transit Hub,849,1019,170,382,2022-06-01
2022-06-17,2022,Summer,Weekday,Leisure & Waterfront,3023,3128,105,1271,2022-06-01
2022-06-17,2022,Summer,Weekday,Residential & Inner-Suburban Feeder,3129,2919,-210,2069,2022-06-01
2022-06-18,2022,Summer,Weekend,Commercial & Employment Core,13584,13442,-142,5123,2022-06-01
2022-06-18,2022,Summer,Weekend,Commuter-Heavy Transit Hub,555,536,-19,334,2022-06-01
2022-06-18,2022,Summer,Weekend,Leisure & Waterfront,5093,5367,274,1361,2022-06-01
2022-06-18,2022,Summer,Weekend,Residential & Inner-Suburban Feeder,3233,3095,-138,2075,2022-06-01
2022-06-19,2022,Summer,Weekend,Commercial & Employment Core,12222,12309,87,4999,2022-06-01
2022-06-19,2022,Summer,Weekend,Commuter-Heavy Transit Hub,484,453,-31,307,2022-06-01
2022-06-19,2022,Summer,Weekend,Leisure & Waterfront,5012,5148,136,1289,2022-06-01
2022-06-19,2022,Summer,Weekend,Residential & Inner-Suburban Feeder,2838,2708,-130,1940,2022-06-01
2022-06-20,2022,Summer,Weekday,Commercial & Employment Core,11133,11147,14,4829,2022-06-01
2022-06-20,2022,Summer,Weekday,Commuter-Heavy Transit Hub,1022,1071,49,371,2022-06-01
2022-06-20,2022,Summer,Weekday,Leisure & Waterfront,2186,2298,112,1156,2022-06-01
2022-06-20,2022,Summer,Weekday,Residential & Inner-Suburban Feeder,2556,2372,-184,1874,2022-06-01
2022-06-21,2022,Summer,Weekday,Commercial & Employment Core,13136,13014,-122,4918,2022-06-01
2022-06-21,2022,Summer,Weekday,Commuter-Heavy Transit Hub,1061,1235,174,372,2022-06-01
2022-06-21,2022,Summer,Weekday,Leisure & Waterfront,3203,3336,133,1238,2022-06-01
2022-06-21,2022,Summer,Weekday,Residential & Inner-Suburban Feeder,3267,3059,-208,2092,2022-06-01
2022-06-22,2022,Summer,Weekday,Commercial & Employment Core,13217,13136,-81,5111,2022-06-01
2022-06-22,2022,Summer,Weekday,Commuter-Heavy Transit Hub,1123,1317,194,385,2022-06-01
2022-06-22,2022,Summer,Weekday,Leisure & Waterfront,3046,3216,170,1236,2022-06-01
2022-06-22,2022,Summer,Weekday,Residential & Inner-Suburban Feeder,3218,2907,-311,2123,2022-06-01
2022-06-23,2022,Summer,Weekday,Commercial & Employment Core,14111,13954,-157,5161,2022-06-01
2022-06-23,2022,Summer,Weekday,Commuter-Heavy Transit Hub,1002,1221,219,394,2022-06-01
2022-06-23,2022,Summer,Weekday,Leisure & Waterfront,3307,3464,157,1268,2022-06-01
2022-06-23,2022,Summer,Weekday,Residential & Inner-Suburban Feeder,3271,3049,-222,2133,2022-06-01
2022-06-24,2022,Summer,Weekday,Commercial & Employment Core,14231,14315,84,5293,2022-06-01
2022-06-24,2022,Summer,Weekday,Commuter-Heavy Transit Hub,947,1071,124,376,2022-06-01
2022-06-24,2022,Summer,Weekday,Leisure & Waterfront,3518,3632,114,1266,2022-06-01
2022-06-24,2022,Summer,Weekday,Residential & Inner-Suburban Feeder,3417,3051,-366,2164,2022-06-01
2022-06-25,2022,Summer,Weekend,Commercial & Employment Core,15468,15304,-164,5346,2022-06-01
2022-06-25,2022,Summer,Weekend,Commuter-Heavy Transit Hub,595,551,-44,336,2022-06-01
2022-06-25,2022,Summer,Weekend,Leisure & Waterfront,6385,6717,332,1420,2022-06-01
2022-06-25,2022,Summer,Weekend,Residential & Inner-Suburban Feeder,3582,3432,-150,2142,2022-06-01
2022-06-26,2022,Summer,Weekend,Commercial & Employment Core,12569,12543,-26,5091,2022-06-01
2022-06-26,2022,Summer,Weekend,Commuter-Heavy Transit Hub,531,510,-21,329,2022-06-01
2022-06-26,2022,Summer,Weekend,Leisure & Waterfront,3561,3708,147,1287,2022-06-01
2022-06-26,2022,Summer,Weekend,Residential & Inner-Suburban Feeder,2624,2642,18,1920,2022-06-01
2022-06-27,2022,Summer,Weekday,Commercial & Employment Core,11559,11439,-120,5029,2022-06-01
2022-06-27,2022,Summer,Weekday,Commuter-Heavy Transit Hub,934,1038,104,358,2022-06-01
2022-06-27,2022,Summer,Weekday,Leisure & Waterfront,2239,2339,100,1120,2022-06-01
2022-06-27,2022,Summer,Weekday,Residential & Inner-Suburban Feeder,2585,2522,-63,1944,2022-06-01
2022-06-28,2022,Summer,Weekday,Commercial & Employment Core,13097,12956,-141,4990,2022-06-01
2022-06-28,2022,Summer,Weekday,Commuter-Heavy Transit Hub,1016,1250,234,369,2022-06-01
2022-06-28,2022,Summer,Weekday,Leisure & Waterfront,3051,3216,165,1242,2022-06-01
2022-06-28,2022,Summer,Weekday,Residential & Inner-Suburban Feeder,3176,2883,-293,2029,2022-06-01
2022-06-29,2022,Summer,Weekday,Commercial & Employment Core,12645,12453,-192,4931,2022-06-01
2022-06-29,2022,Summer,Weekday,Commuter-Heavy Transit Hub,990,1132,142,367,2022-06-01
2022-06-29,2022,Summer,Weekday,Leisure & Waterfront,2215,2345,130,1077,2022-06-01
2022-06-29,2022,Summer,Weekday,Residential & Inner-Suburban Feeder,2810,2703,-107,1938,2022-06-01
2022-06-30,2022,Summer,Weekday,Commercial & Employment Core,13766,13722,-44,5233,2022-06-01
2022-06-30,2022,Summer,Weekday,Commuter-Heavy Transit Hub,932,1102,170,366,2022-06-01
2022-06-30,2022,Summer,Weekday,Leisure & Waterfront,3063,3232,169,1347,2022-06-01
2022-06-30,2022,Summer,Weekday,Residential & Inner-Suburban Feeder,3282,2954,-328,2131,2022-06-01
2022-07-01,2022,Summer,Weekday,Commercial & Employment Core,11717,11596,-121,4969,2022-07-01
2022-07-01,2022,Summer,Weekday,Commuter-Heavy Transit Hub,524,549,25,336,2022-07-01
2022-07-01,2022,Summer,Weekday,Leisure & Waterfront,5669,5989,320,1341,2022-07-01
2022-07-01,2022,Summer,Weekday,Residential & Inner-Suburban Feeder,3138,2906,-232,1963,2022-07-01
2022-07-02,2022,Summer,Weekend,Commercial & Employment Core,13902,13865,-37,5180,2022-07-01
2022-07-02,2022,Summer,Weekend,Commuter-Heavy Transit Hub,566,570,4,332,2022-07-01
2022-07-02,2022,Summer,Weekend,Leisure & Waterfront,6779,6983,204,1471,2022-07-01
2022-07-02,2022,Summer,Weekend,Residential & Inner-Suburban Feeder,3571,3396,-175,2064,2022-07-01
2022-07-03,2022,Summer,Weekend,Commercial & Employment Core,12746,12740,-6,5007,2022-07-01
2022-07-03,2022,Summer,Weekend,Commuter-Heavy Transit Hub,516,473,-43,318,2022-07-01
2022-07-03,2022,Summer,Weekend,Leisure & Waterfront,6618,6862,244,1397,2022-07-01
2022-07-03,2022,Summer,Weekend,Residential & Inner-Suburban Feeder,3198,3078,-120,1997,2022-07-01
2022-07-04,2022,Summer,Weekday,Commercial & Employment Core,12119,12087,-32,5024,2022-07-01
2022-07-04,2022,Summer,Weekday,Commuter-Heavy Transit Hub,844,977,133,351,2022-07-01
2022-07-04,2022,Summer,Weekday,Leisure & Waterfront,3220,3320,100,1251,2022-07-01
2022-07-04,2022,Summer,Weekday,Residential & Inner-Suburban Feeder,2877,2713,-164,2012,2022-07-01
2022-07-05,2022,Summer,Weekday,Commercial & Employment Core,9779,9644,-135,4476,2022-07-01
2022-07-05,2022,Summer,Weekday,Commuter-Heavy Transit Hub,748,674,-74,341,2022-07-01
2022-07-05,2022,Summer,Weekday,Leisure & Waterfront,1995,2066,71,912,2022-07-01
2022-07-05,2022,Summer,Weekday,Residential & Inner-Suburban Feeder,2210,2304,94,1705,2022-07-01
2022-07-06,2022,Summer,Weekday,Commercial & Employment Core,13646,13529,-117,5118,2022-07-01
2022-07-06,2022,Summer,Weekday,Commuter-Heavy Transit Hub,1095,1265,170,363,2022-07-01
2022-07-06,2022,Summer,Weekday,Leisure & Waterfront,3230,3377,147,1259,2022-07-01
2022-07-06,2022,Summer,Weekday,Residential & Inner-Suburban Feeder,3269,3074,-195,2083,2022-07-01
2022-07-07,2022,Summer,Weekday,Commercial & Employment Core,12209,12119,-90,5043,2022-07-01
2022-07-07,2022,Summer,Weekday,Commuter-Heavy Transit Hub,898,1082,184,358,2022-07-01
2022-07-07,2022,Summer,Weekday,Leisure & Waterfront,2791,2899,108,1225,2022-07-01
2022-07-07,2022,Summer,Weekday,Residential & Inner-Suburban Feeder,2997,2782,-215,2008,2022-07-01
2022-07-08,2022,Summer,Weekday,Commercial & Employment Core,2244,2185,-59,2377,2022-07-01
2022-07-08,2022,Summer,Weekday,Commuter-Heavy Transit Hub,176,145,-31,206,2022-07-01
2022-07-08,2022,Summer,Weekday,Leisure & Waterfront,357,376,19,375,2022-07-01
2022-07-08,2022,Summer,Weekday,Residential & Inner-Suburban Feeder,449,565,116,667,2022-07-01
2022-07-09,2022,Summer,Weekend,Commercial & Employment Core,14824,14804,-20,5256,2022-07-01
2022-07-09,2022,Summer,Weekend,Commuter-Heavy Transit Hub,621,553,-68,348,2022-07-01
2022-07-09,2022,Summer,Weekend,Leisure & Waterfront,6364,6578,214,1461,2022-07-01
2022-07-09,2022,Summer,Weekend,Residential & Inner-Suburban Feeder,4166,3880,-286,2235,2022-07-01
2022-07-10,2022,Summer,Weekend,Commercial & Employment Core,13948,13762,-186,5306,2022-07-01
2022-07-10,2022,Summer,Weekend,Commuter-Heavy Transit Hub,540,513,-27,337,2022-07-01
2022-07-10,2022,Summer,Weekend,Leisure & Waterfront,6346,6692,346,1471,2022-07-01
2022-07-10,2022,Summer,Weekend,Residential & Inner-Suburban Feeder,3590,3581,-9,2164,2022-07-01
2022-07-11,2022,Summer,Weekday,Commercial & Employment Core,12064,11889,-175,5017,2022-07-01
2022-07-11,2022,Summer,Weekday,Commuter-Heavy Transit Hub,983,1138,155,371,2022-07-01
2022-07-11,2022,Summer,Weekday,Leisure & Waterfront,2700,2866,166,1220,2022-07-01
2022-07-11,2022,Summer,Weekday,Residential & Inner-Suburban Feeder,2766,2656,-110,1947,2022-07-01
2022-07-12,2022,Summer,Weekday,Commercial & Employment Core,13319,13069,-250,5051,2022-07-01
2022-07-12,2022,Summer,Weekday,Commuter-Heavy Transit Hub,1119,1319,200,372,2022-07-01
2022-07-12,2022,Summer,Weekday,Leisure & Waterfront,2797,2961,164,1181,2022-07-01
2022-07-12,2022,Summer,Weekday,Residential & Inner-Suburban Feeder,3024,2878,-146,1975,2022-07-01
2022-07-13,2022,Summer,Weekday,Commercial & Employment Core,13416,13275,-141,5235,2022-07-01
2022-07-13,2022,Summer,Weekday,Commuter-Heavy Transit Hub,1081,1234,153,373,2022-07-01
2022-07-13,2022,Summer,Weekday,Leisure & Waterfront,2324,2477,153,1225,2022-07-01
2022-07-13,2022,Summer,Weekday,Residential & Inner-Suburban Feeder,2943,2759,-184,2027,2022-07-01
2022-07-14,2022,Summer,Weekday,Commercial & Employment Core,14820,14715,-105,5271,2022-07-01
2022-07-14,2022,Summer,Weekday,Commuter-Heavy Transit Hub,1139,1238,99,366,2022-07-01
2022-07-14,2022,Summer,Weekday,Leisure & Waterfront,3633,3718,85,1312,2022-07-01
2022-07-14,2022,Summer,Weekday,Residential & Inner-Suburban Feeder,3344,3225,-119,2116,2022-07-01
2022-07-15,2022,Summer,Weekday,Commercial & Employment Core,14715,14654,-61,5367,2022-07-01
2022-07-15,2022,Summer,Weekday,Commuter-Heavy Transit Hub,973,1078,105,376,2022-07-01
2022-07-15,2022,Summer,Weekday,Leisure & Waterfront,3789,3867,78,1274,2022-07-01
2022-07-15,2022,Summer,Weekday,Residential & Inner-Suburban Feeder,3239,3114,-125,2080,2022-07-01
2022-07-16,2022,Summer,Weekend,Commercial & Employment Core,15566,15372,-194,5414,2022-07-01
2022-07-16,2022,Summer,Weekend,Commuter-Heavy Transit Hub,644,535,-109,339,2022-07-01
2022-07-16,2022,Summer,Weekend,Leisure & Waterfront,6737,7034,297,1432,2022-07-01
2022-07-16,2022,Summer,Weekend,Residential & Inner-Suburban Feeder,3819,3823,4,2160,2022-07-01
2022-07-17,2022,Summer,Weekend,Commercial & Employment Core,13740,13659,-81,5233,2022-07-01
2022-07-17,2022,Summer,Weekend,Commuter-Heavy Transit Hub,466,465,-1,313,2022-07-01
2022-07-17,2022,Summer,Weekend,Leisure & Waterfront,5796,6062,266,1408,2022-07-01
2022-07-17,2022,Summer,Weekend,Residential & Inner-Suburban Feeder,3561,3407,-154,2076,2022-07-01
2022-07-18,2022,Summer,Weekday,Commercial & Employment Core,10158,10049,-109,4433,2022-07-01
2022-07-18,2022,Summer,Weekday,Commuter-Heavy Transit Hub,762,630,-132,318,2022-07-01
2022-07-18,2022,Summer,Weekday,Leisure & Waterfront,2060,2162,102,918,2022-07-01
2022-07-18,2022,Summer,Weekday,Residential & Inner-Suburban Feeder,2083,2247,164,1630,2022-07-01
2022-07-19,2022,Summer,Weekday,Commercial & Employment Core,13457,13180,-277,5069,2022-07-01
2022-07-19,2022,Summer,Weekday,Commuter-Heavy Transit Hub,1041,1270,229,362,2022-07-01
2022-07-19,2022,Summer,Weekday,Leisure & Waterfront,2613,2803,190,1139,2022-07-01
2022-07-19,2022,Summer,Weekday,Residential & Inner-Suburban Feeder,2919,2797,-122,2031,2022-07-01
2022-07-20,2022,Summer,Weekday,Commercial & Employment Core,13372,13242,-130,5197,2022-07-01
2022-07-20,2022,Summer,Weekday,Commuter-Heavy Transit Hub,1094,1227,133,360,2022-07-01
2022-07-20,2022,Summer,Weekday,Leisure & Waterfront,2410,2499,89,1155,2022-07-01
2022-07-20,2022,Summer,Weekday,Residential & Inner-Suburban Feeder,2954,2859,-95,1972,2022-07-01
2022-07-21,2022,Summer,Weekday,Commercial & Employment Core,14127,13979,-148,5182,2022-07-01
2022-07-21,2022,Summer,Weekday,Commuter-Heavy Transit Hub,1163,1312,149,379,2022-07-01
2022-07-21,2022,Summer,Weekday,Leisure & Waterfront,2977,3086,109,1201,2022-07-01
2022-07-21,2022,Summer,Weekday,Residential & Inner-Suburban Feeder,3092,2939,-153,1993,2022-07-01
2022-07-22,2022,Summer,Weekday,Commercial & Employment Core,14131,14063,-68,5357,2022-07-01
2022-07-22,2022,Summer,Weekday,Commuter-Heavy Transit Hub,973,1039,66,371,2022-07-01
2022-07-22,2022,Summer,Weekday,Leisure & Waterfront,3589,3766,177,1242,2022-07-01
2022-07-22,2022,Summer,Weekday,Residential & Inner-Suburban Feeder,3242,3016,-226,2107,2022-07-01
2022-07-23,2022,Summer,Weekend,Commercial & Employment Core,15023,14808,-215,5369,2022-07-01
2022-07-23,2022,Summer,Weekend,Commuter-Heavy Transit Hub,591,557,-34,342,2022-07-01
2022-07-23,2022,Summer,Weekend,Leisure & Waterfront,5830,6067,237,1386,2022-07-01
2022-07-23,2022,Summer,Weekend,Residential & Inner-Suburban Feeder,3673,3649,-24,2139,2022-07-01
2022-07-24,2022,Summer,Weekend,Commercial & Employment Core,10686,10788,102,4921,2022-07-01
2022-07-24,2022,Summer,Weekend,Commuter-Heavy Transit Hub,429,392,-37,275,2022-07-01
2022-07-24,2022,Summer,Weekend,Leisure & Waterfront,2975,3139,164,1151,2022-07-01
2022-07-24,2022,Summer,Weekend,Residential & Inner-Suburban Feeder,2449,2390,-59,1852,2022-07-01
2022-07-25,2022,Summer,Weekday,Commercial & Employment Core,12561,12431,-130,5046,2022-07-01
2022-07-25,2022,Summer,Weekday,Commuter-Heavy Transit Hub,1014,1133,119,385,2022-07-01
2022-07-25,2022,Summer,Weekday,Leisure & Waterfront,2863,2971,108,1139,2022-07-01
2022-07-25,2022,Summer,Weekday,Residential & Inner-Suburban Feeder,2884,2759,-125,1995,2022-07-01
2022-07-26,2022,Summer,Weekday,Commercial & Employment Core,14004,13854,-150,5068,2022-07-01
2022-07-26,2022,Summer,Weekday,Commuter-Heavy Transit Hub,1164,1360,196,356,2022-07-01
2022-07-26,2022,Summer,Weekday,Leisure & Waterfront,2988,3126,138,1239,2022-07-01
2022-07-26,2022,Summer,Weekday,Residential & Inner-Suburban Feeder,3207,3007,-200,2056,2022-07-01
2022-07-27,2022,Summer,Weekday,Commercial & Employment Core,14568,14382,-186,5180,2022-07-01
2022-07-27,2022,Summer,Weekday,Commuter-Heavy Transit Hub,1235,1409,174,371,2022-07-01
2022-07-27,2022,Summer,Weekday,Leisure & Waterfront,3100,3096,-4,1154,2022-07-01
2022-07-27,2022,Summer,Weekday,Residential & Inner-Suburban Feeder,3312,3239,-73,2079,2022-07-01
2022-07-28,2022,Summer,Weekday,Commercial & Employment Core,13956,13948,-8,5175,2022-07-01
2022-07-28,2022,Summer,Weekday,Commuter-Heavy Transit Hub,1141,1184,43,369,2022-07-01
2022-07-28,2022,Summer,Weekday,Leisure & Waterfront,2816,2928,112,1156,2022-07-01
2022-07-28,2022,Summer,Weekday,Residential & Inner-Suburban Feeder,3165,3076,-89,2029,2022-07-01
2022-07-29,2022,Summer,Weekday,Commercial & Employment Core,14468,14367,-101,5272,2022-07-01
2022-07-29,2022,Summer,Weekday,Commuter-Heavy Transit Hub,969,1064,95,386,2022-07-01
2022-07-29,2022,Summer,Weekday,Leisure & Waterfront,3474,3607,133,1192,2022-07-01
2022-07-29,2022,Summer,Weekday,Residential & Inner-Suburban Feeder,3316,3116,-200,2100,2022-07-01
2022-07-30,2022,Summer,Weekend,Commercial & Employment Core,15030,14976,-54,5284,2022-07-01
2022-07-30,2022,Summer,Weekend,Commuter-Heavy Transit Hub,598,615,17,352,2022-07-01
2022-07-30,2022,Summer,Weekend,Leisure & Waterfront,6384,6453,69,1323,2022-07-01
2022-07-30,2022,Summer,Weekend,Residential & Inner-Suburban Feeder,3556,3527,-29,2000,2022-07-01
2022-07-31,2022,Summer,Weekend,Commercial & Employment Core,13954,13769,-185,5218,2022-07-01
2022-07-31,2022,Summer,Weekend,Commuter-Heavy Transit Hub,583,553,-30,335,2022-07-01
2022-07-31,2022,Summer,Weekend,Leisure & Waterfront,5933,6187,254,1405,2022-07-01
2022-07-31,2022,Summer,Weekend,Residential & Inner-Suburban Feeder,3234,3231,-3,2059,2022-07-01
2022-08-01,2022,Summer,Weekday,Commercial & Employment Core,11330,11303,-27,4936,2022-08-01
2022-08-01,2022,Summer,Weekday,Commuter-Heavy Transit Hub,576,556,-20,329,2022-08-01
2022-08-01,2022,Summer,Weekday,Leisure & Waterfront,5011,5176,165,1286,2022-08-01
2022-08-01,2022,Summer,Weekday,Residential & Inner-Suburban Feeder,2721,2695,-26,1868,2022-08-01
2022-08-02,2022,Summer,Weekday,Commercial & Employment Core,14119,13980,-139,4993,2022-08-01
2022-08-02,2022,Summer,Weekday,Commuter-Heavy Transit Hub,1119,1203,84,373,2022-08-01
2022-08-02,2022,Summer,Weekday,Leisure & Waterfront,3067,3189,122,1168,2022-08-01
2022-08-02,2022,Summer,Weekday,Residential & Inner-Suburban Feeder,3276,3136,-140,2062,2022-08-01
2022-08-03,2022,Summer,Weekday,Commercial & Employment Core,13886,13816,-70,5103,2022-08-01
2022-08-03,2022,Summer,Weekday,Commuter-Heavy Transit Hub,1175,1327,152,352,2022-08-01
2022-08-03,2022,Summer,Weekday,Leisure & Waterfront,2494,2603,109,1140,2022-08-01
2022-08-03,2022,Summer,Weekday,Residential & Inner-Suburban Feeder,2997,2870,-127,1991,2022-08-01
2022-08-04,2022,Summer,Weekday,Commercial & Employment Core,12176,11988,-188,4944,2022-08-01
2022-08-04,2022,Summer,Weekday,Commuter-Heavy Transit Hub,1017,1258,241,359,2022-08-01
2022-08-04,2022,Summer,Weekday,Leisure & Waterfront,1794,1871,77,1042,2022-08-01
2022-08-04,2022,Summer,Weekday,Residential & Inner-Suburban Feeder,2735,2582,-153,1925,2022-08-01
2022-08-05,2022,Summer,Weekday,Commercial & Employment Core,14922,14780,-142,5226,2022-08-01
2022-08-05,2022,Summer,Weekday,Commuter-Heavy Transit Hub,986,1065,79,377,2022-08-01
2022-08-05,2022,Summer,Weekday,Leisure & Waterfront,3594,3695,101,1215,2022-08-01
2022-08-05,2022,Summer,Weekday,Residential & Inner-Suburban Feeder,3444,3289,-155,2176,2022-08-01
2022-08-06,2022,Summer,Weekend,Commercial & Employment Core,14699,14475,-224,5227,2022-08-01
2022-08-06,2022,Summer,Weekend,Commuter-Heavy Transit Hub,577,517,-60,341,2022-08-01
2022-08-06,2022,Summer,Weekend,Leisure & Waterfront,5714,6028,314,1353,2022-08-01
2022-08-06,2022,Summer,Weekend,Residential & Inner-Suburban Feeder,3579,3466,-113,2116,2022-08-01
2022-08-07,2022,Summer,Weekend,Commercial & Employment Core,13287,13302,15,5186,2022-08-01
2022-08-07,2022,Summer,Weekend,Commuter-Heavy Transit Hub,509,457,-52,328,2022-08-01
2022-08-07,2022,Summer,Weekend,Leisure & Waterfront,4943,5090,147,1356,2022-08-01
2022-08-07,2022,Summer,Weekend,Residential & Inner-Suburban Feeder,3180,3266,86,2065,2022-08-01
2022-08-08,2022,Summer,Weekday,Commercial & Employment Core,11025,10904,-121,4935,2022-08-01
2022-08-08,2022,Summer,Weekday,Commuter-Heavy Transit Hub,925,1056,131,362,2022-08-01
2022-08-08,2022,Summer,Weekday,Leisure & Waterfront,1727,1828,101,989,2022-08-01
2022-08-08,2022,Summer,Weekday,Residential & Inner-Suburban Feeder,2405,2306,-99,1827,2022-08-01
2022-08-09,2022,Summer,Weekday,Commercial & Employment Core,14343,14115,-228,5031,2022-08-01
2022-08-09,2022,Summer,Weekday,Commuter-Heavy Transit Hub,1233,1404,171,384,2022-08-01
2022-08-09,2022,Summer,Weekday,Leisure & Waterfront,2924,2992,68,1172,2022-08-01
2022-08-09,2022,Summer,Weekday,Residential & Inner-Suburban Feeder,3215,3188,-27,2012,2022-08-01
2022-08-10,2022,Summer,Weekday,Commercial & Employment Core,14934,14698,-236,5184,2022-08-01
2022-08-10,2022,Summer,Weekday,Commuter-Heavy Transit Hub,1229,1371,142,366,2022-08-01
2022-08-10,2022,Summer,Weekday,Leisure & Waterfront,3562,3764,202,1240,2022-08-01
2022-08-10,2022,Summer,Weekday,Residential & Inner-Suburban Feeder,3577,3449,-128,2079,2022-08-01
2022-08-11,2022,Summer,Weekday,Commercial & Employment Core,14963,14776,-187,5145,2022-08-01
2022-08-11,2022,Summer,Weekday,Commuter-Heavy Transit Hub,1251,1395,144,369,2022-08-01
2022-08-11,2022,Summer,Weekday,Leisure & Waterfront,3263,3386,123,1173,2022-08-01
2022-08-11,2022,Summer,Weekday,Residential & Inner-Suburban Feeder,3458,3387,-71,2112,2022-08-01
2022-08-12,2022,Summer,Weekday,Commercial & Employment Core,14936,14819,-117,5160,2022-08-01
2022-08-12,2022,Summer,Weekday,Commuter-Heavy Transit Hub,988,1102,114,367,2022-08-01
2022-08-12,2022,Summer,Weekday,Leisure & Waterfront,3567,3700,133,1187,2022-08-01
2022-08-12,2022,Summer,Weekday,Residential & Inner-Suburban Feeder,3268,3090,-178,1951,2022-08-01
2022-08-13,2022,Summer,Weekend,Commercial & Employment Core,15852,15853,1,5283,2022-08-01
2022-08-13,2022,Summer,Weekend,Commuter-Heavy Transit Hub,676,659,-17,311,2022-08-01
2022-08-13,2022,Summer,Weekend,Leisure & Waterfront,6365,6503,138,1388,2022-08-01
2022-08-13,2022,Summer,Weekend,Residential & Inner-Suburban Feeder,3855,3683,-172,2086,2022-08-01
2022-08-14,2022,Summer,Weekend,Commercial & Employment Core,13844,13768,-76,5158,2022-08-01
2022-08-14,2022,Summer,Weekend,Commuter-Heavy Transit Hub,582,558,-24,323,2022-08-01
2022-08-14,2022,Summer,Weekend,Leisure & Waterfront,5917,6110,193,1349,2022-08-01
2022-08-14,2022,Summer,Weekend,Residential & Inner-Suburban Feeder,3416,3378,-38,2032,2022-08-01
2022-08-15,2022,Summer,Weekday,Commercial & Employment Core,13733,13652,-81,5088,2022-08-01
2022-08-15,2022,Summer,Weekday,Commuter-Heavy Transit Hub,1108,1255,147,347,2022-08-01
2022-08-15,2022,Summer,Weekday,Leisure & Waterfront,3271,3360,89,1149,2022-08-01
2022-08-15,2022,Summer,Weekday,Residential & Inner-Suburban Feeder,2961,2864,-97,1905,2022-08-01
2022-08-16,2022,Summer,Weekday,Commercial & Employment Core,15024,14621,-403,5121,2022-08-01
2022-08-16,2022,Summer,Weekday,Commuter-Heavy Transit Hub,1150,1379,229,346,2022-08-01
2022-08-16,2022,Summer,Weekday,Leisure & Waterfront,3176,3344,168,1186,2022-08-01
2022-08-16,2022,Summer,Weekday,Residential & Inner-Suburban Feeder,3321,3295,-26,1992,2022-08-01
2022-08-17,2022,Summer,Weekday,Commercial & Employment Core,14918,14781,-137,5129,2022-08-01
2022-08-17,2022,Summer,Weekday,Commuter-Heavy Transit Hub,1189,1339,150,347,2022-08-01
2022-08-17,2022,Summer,Weekday,Leisure & Waterfront,2949,3052,103,1101,2022-08-01
2022-08-17,2022,Summer,Weekday,Residential & Inner-Suburban Feeder,3263,3173,-90,1933,2022-08-01
2022-08-18,2022,Summer,Weekday,Commercial & Employment Core,14695,14528,-167,5246,2022-08-01
2022-08-18,2022,Summer,Weekday,Commuter-Heavy Transit Hub,1187,1411,224,360,2022-08-01
2022-08-18,2022,Summer,Weekday,Leisure & Waterfront,2833,3011,178,1123,2022-08-01
2022-08-18,2022,Summer,Weekday,Residential & Inner-Suburban Feeder,3511,3273,-238,2120,2022-08-01
2022-08-19,2022,Summer,Weekday,Commercial & Employment Core,14769,14604,-165,5253,2022-08-01
2022-08-19,2022,Summer,Weekday,Commuter-Heavy Transit Hub,954,1082,128,344,2022-08-01
2022-08-19,2022,Summer,Weekday,Leisure & Waterfront,3084,3233,149,1171,2022-08-01
2022-08-19,2022,Summer,Weekday,Residential & Inner-Suburban Feeder,3411,3224,-187,2103,2022-08-01
2022-08-20,2022,Summer,Weekend,Commercial & Employment Core,15544,15497,-47,5309,2022-08-01
2022-08-20,2022,Summer,Weekend,Commuter-Heavy Transit Hub,600,606,6,328,2022-08-01
2022-08-20,2022,Summer,Weekend,Leisure & Waterfront,6354,6671,317,1353,2022-08-01
2022-08-20,2022,Summer,Weekend,Residential & Inner-Suburban Feeder,3865,3577,-288,2096,2022-08-01
2022-08-21,2022,Summer,Weekend,Commercial & Employment Core,11986,11978,-8,4820,2022-08-01
2022-08-21,2022,Summer,Weekend,Commuter-Heavy Transit Hub,507,477,-30,288,2022-08-01
2022-08-21,2022,Summer,Weekend,Leisure & Waterfront,3504,3624,120,1129,2022-08-01
2022-08-21,2022,Summer,Weekend,Residential & Inner-Suburban Feeder,2713,2714,1,1831,2022-08-01
2022-08-22,2022,Summer,Weekday,Commercial & Employment Core,8694,8557,-137,4430,2022-08-01
2022-08-22,2022,Summer,Weekday,Commuter-Heavy Transit Hub,727,710,-17,309,2022-08-01
2022-08-22,2022,Summer,Weekday,Leisure & Waterfront,1167,1311,144,753,2022-08-01
2022-08-22,2022,Summer,Weekday,Residential & Inner-Suburban Feeder,1782,1827,45,1553,2022-08-01
2022-08-23,2022,Summer,Weekday,Commercial & Employment Core,14725,14427,-298,5063,2022-08-01
2022-08-23,2022,Summer,Weekday,Commuter-Heavy Transit Hub,1057,1238,181,341,2022-08-01
2022-08-23,2022,Summer,Weekday,Leisure & Waterfront,2894,3018,124,1187,2022-08-01
2022-08-23,2022,Summer,Weekday,Residential & Inner-Suburban Feeder,3344,3303,-41,2067,2022-08-01
2022-08-24,2022,Summer,Weekday,Commercial & Employment Core,14855,14718,-137,5247,2022-08-01
2022-08-24,2022,Summer,Weekday,Commuter-Heavy Transit Hub,1145,1349,204,330,2022-08-01
2022-08-24,2022,Summer,Weekday,Leisure & Waterfront,3038,3169,131,1144,2022-08-01
2022-08-24,2022,Summer,Weekday,Residential & Inner-Suburban Feeder,3520,3310,-210,2083,2022-08-01
2022-08-25,2022,Summer,Weekday,Commercial & Employment Core,13659,13495,-164,5066,2022-08-01
2022-08-25,2022,Summer,Weekday,Commuter-Heavy Transit Hub,1056,1231,175,345,2022-08-01
2022-08-25,2022,Summer,Weekday,Leisure & Waterfront,2219,2354,135,1030,2022-08-01
2022-08-25,2022,Summer,Weekday,Residential & Inner-Suburban Feeder,2919,2778,-141,1914,2022-08-01
2022-08-26,2022,Summer,Weekday,Commercial & Employment Core,14913,14877,-36,5213,2022-08-01
2022-08-26,2022,Summer,Weekday,Commuter-Heavy Transit Hub,951,1085,134,336,2022-08-01
2022-08-26,2022,Summer,Weekday,Leisure & Waterfront,3275,3358,83,1142,2022-08-01
2022-08-26,2022,Summer,Weekday,Residential & Inner-Suburban Feeder,3325,3093,-232,2045,2022-08-01
2022-08-27,2022,Summer,Weekend,Commercial & Employment Core,15404,15177,-227,5425,2022-08-01
2022-08-27,2022,Summer,Weekend,Commuter-Heavy Transit Hub,542,532,-10,304,2022-08-01
2022-08-27,2022,Summer,Weekend,Leisure & Waterfront,6410,6828,418,1390,2022-08-01
2022-08-27,2022,Summer,Weekend,Residential & Inner-Suburban Feeder,3920,3677,-243,2148,2022-08-01
2022-08-28,2022,Summer,Weekend,Commercial & Employment Core,14039,14067,28,5259,2022-08-01
2022-08-28,2022,Summer,Weekend,Commuter-Heavy Transit Hub,532,516,-16,335,2022-08-01
2022-08-28,2022,Summer,Weekend,Leisure & Waterfront,5734,5918,184,1355,2022-08-01
2022-08-28,2022,Summer,Weekend,Residential & Inner-Suburban Feeder,3509,3417,-92,2105,2022-08-01
2022-08-29,2022,Summer,Weekday,Commercial & Employment Core,13364,13161,-203,5153,2022-08-01
2022-08-29,2022,Summer,Weekday,Commuter-Heavy Transit Hub,990,1085,95,342,2022-08-01
2022-08-29,2022,Summer,Weekday,Leisure & Waterfront,2648,2836,188,1107,2022-08-01
2022-08-29,2022,Summer,Weekday,Residential & Inner-Suburban Feeder,3145,3128,-17,2095,2022-08-01
2022-08-30,2022,Summer,Weekday,Commercial & Employment Core,11908,11710,-198,4785,2022-08-01
2022-08-30,2022,Summer,Weekday,Commuter-Heavy Transit Hub,885,987,102,329,2022-08-01
2022-08-30,2022,Summer,Weekday,Leisure & Waterfront,2057,2200,143,924,2022-08-01
2022-08-30,2022,Summer,Weekday,Residential & Inner-Suburban Feeder,2847,2764,-83,1903,2022-08-01
2022-08-31,2022,Summer,Weekday,Commercial & Employment Core,15324,15133,-191,5230,2022-08-01
2022-08-31,2022,Summer,Weekday,Commuter-Heavy Transit Hub,1114,1359,245,355,2022-08-01
2022-08-31,2022,Summer,Weekday,Leisure & Waterfront,3366,3419,53,1181,2022-08-01
2022-08-31,2022,Summer,Weekday,Residential & Inner-Suburban Feeder,3594,3480,-114,2138,2022-08-01
2022-09-01,2022,Fall,Weekday,Commercial & Employment Core,14505,14294,-211,5250,2022-09-01
2022-09-01,2022,Fall,Weekday,Commuter-Heavy Transit Hub,1111,1327,216,354,2022-09-01
2022-09-01,2022,Fall,Weekday,Leisure & Waterfront,3228,3313,85,1169,2022-09-01
2022-09-01,2022,Fall,Weekday,Residential & Inner-Suburban Feeder,3459,3285,-174,2033,2022-09-01
2022-09-02,2022,Fall,Weekday,Commercial & Employment Core,14304,14274,-30,5273,2022-09-01
2022-09-02,2022,Fall,Weekday,Commuter-Heavy Transit Hub,954,1093,139,369,2022-09-01
2022-09-02,2022,Fall,Weekday,Leisure & Waterfront,3482,3651,169,1227,2022-09-01
2022-09-02,2022,Fall,Weekday,Residential & Inner-Suburban Feeder,3326,3087,-239,2052,2022-09-01
2022-09-03,2022,Fall,Weekend,Commercial & Employment Core,13366,13249,-117,5079,2022-09-01
2022-09-03,2022,Fall,Weekend,Commuter-Heavy Transit Hub,460,513,53,299,2022-09-01
2022-09-03,2022,Fall,Weekend,Leisure & Waterfront,5286,5439,153,1215,2022-09-01
2022-09-03,2022,Fall,Weekend,Residential & Inner-Suburban Feeder,3242,3141,-101,1944,2022-09-01
2022-09-04,2022,Fall,Weekend,Commercial & Employment Core,11853,11709,-144,4962,2022-09-01
2022-09-04,2022,Fall,Weekend,Commuter-Heavy Transit Hub,433,419,-14,291,2022-09-01
2022-09-04,2022,Fall,Weekend,Leisure & Waterfront,3941,4145,204,1107,2022-09-01
2022-09-04,2022,Fall,Weekend,Residential & Inner-Suburban Feeder,2624,2587,-37,1826,2022-09-01
2022-09-05,2022,Fall,Weekday,Commercial & Employment Core,10758,10774,16,4774,2022-09-01
2022-09-05,2022,Fall,Weekday,Commuter-Heavy Transit Hub,501,517,16,306,2022-09-01
2022-09-05,2022,Fall,Weekday,Leisure & Waterfront,4584,4738,154,1163,2022-09-01
2022-09-05,2022,Fall,Weekday,Residential & Inner-Suburban Feeder,2612,2508,-104,1720,2022-09-01
2022-09-06,2022,Fall,Weekday,Commercial & Employment Core,14390,14031,-359,4972,2022-09-01
2022-09-06,2022,Fall,Weekday,Commuter-Heavy Transit Hub,1192,1412,220,333,2022-09-01
2022-09-06,2022,Fall,Weekday,Leisure & Waterfront,2404,2487,83,1095,2022-09-01
2022-09-06,2022,Fall,Weekday,Residential & Inner-Suburban Feeder,3130,3178,48,2041,2022-09-01
2022-09-07,2022,Fall,Weekday,Commercial & Employment Core,14142,13957,-185,5011,2022-09-01
2022-09-07,2022,Fall,Weekday,Commuter-Heavy Transit Hub,1221,1476,255,349,2022-09-01
2022-09-07,2022,Fall,Weekday,Leisure & Waterfront,2067,2073,6,1037,2022-09-01
2022-09-07,2022,Fall,Weekday,Residential & Inner-Suburban Feeder,3203,3126,-77,2006,2022-09-01
2022-09-08,2022,Fall,Weekday,Commercial & Employment Core,15410,15066,-344,5072,2022-09-01
2022-09-08,2022,Fall,Weekday,Commuter-Heavy Transit Hub,1385,1731,346,355,2022-09-01
2022-09-08,2022,Fall,Weekday,Leisure & Waterfront,2250,2350,100,1045,2022-09-01
2022-09-08,2022,Fall,Weekday,Residential & Inner-Suburban Feeder,3412,3238,-174,2045,2022-09-01
2022-09-09,2022,Fall,Weekday,Commercial & Employment Core,15535,15411,-124,5274,2022-09-01
2022-09-09,2022,Fall,Weekday,Commuter-Heavy Transit Hub,1302,1439,137,369,2022-09-01
2022-09-09,2022,Fall,Weekday,Leisure & Waterfront,2689,2814,125,1018,2022-09-01
2022-09-09,2022,Fall,Weekday,Residential & Inner-Suburban Feeder,3657,3386,-271,2143,2022-09-01
2022-09-10,2022,Fall,Weekend,Commercial & Employment Core,15905,15729,-176,5275,2022-09-01
2022-09-10,2022,Fall,Weekend,Commuter-Heavy Transit Hub,641,685,44,332,2022-09-01
2022-09-10,2022,Fall,Weekend,Leisure & Waterfront,4822,5115,293,1267,2022-09-01
2022-09-10,2022,Fall,Weekend,Residential & Inner-Suburban Feeder,3854,3662,-192,2187,2022-09-01
2022-09-11,2022,Fall,Weekend,Commercial & Employment Core,13655,13666,11,5107,2022-09-01
2022-09-11,2022,Fall,Weekend,Commuter-Heavy Transit Hub,636,619,-17,335,2022-09-01
2022-09-11,2022,Fall,Weekend,Leisure & Waterfront,3869,3957,88,1119,2022-09-01
2022-09-11,2022,Fall,Weekend,Residential & Inner-Suburban Feeder,2869,2916,47,1935,2022-09-01
2022-09-12,2022,Fall,Weekday,Commercial & Employment Core,11347,11240,-107,4638,2022-09-01
2022-09-12,2022,Fall,Weekday,Commuter-Heavy Transit Hub,1081,1065,-16,332,2022-09-01
2022-09-12,2022,Fall,Weekday,Leisure & Waterfront,1217,1299,82,753,2022-09-01
2022-09-12,2022,Fall,Weekday,Residential & Inner-Suburban Feeder,2233,2383,150,1716,2022-09-01
2022-09-13,2022,Fall,Weekday,Commercial & Employment Core,14491,14210,-281,4876,2022-09-01
2022-09-13,2022,Fall,Weekday,Commuter-Heavy Transit Hub,1429,1662,233,335,2022-09-01
2022-09-13,2022,Fall,Weekday,Leisure & Waterfront,1806,1908,102,958,2022-09-01
2022-09-13,2022,Fall,Weekday,Residential & Inner-Suburban Feeder,3038,2984,-54,1916,2022-09-01
2022-09-14,2022,Fall,Weekday,Commercial & Employment Core,14949,14894,-55,5054,2022-09-01
2022-09-14,2022,Fall,Weekday,Commuter-Heavy Transit Hub,1441,1612,171,340,2022-09-01
2022-09-14,2022,Fall,Weekday,Leisure & Waterfront,2204,2242,38,1050,2022-09-01
2022-09-14,2022,Fall,Weekday,Residential & Inner-Suburban Feeder,3235,3070,-165,1986,2022-09-01
2022-09-15,2022,Fall,Weekday,Commercial & Employment Core,14192,14004,-188,5010,2022-09-01
2022-09-15,2022,Fall,Weekday,Commuter-Heavy Transit Hub,1408,1632,224,337,2022-09-01
2022-09-15,2022,Fall,Weekday,Leisure & Waterfront,1778,1878,100,935,2022-09-01
2022-09-15,2022,Fall,Weekday,Residential & Inner-Suburban Feeder,3056,2908,-148,1933,2022-09-01
2022-09-16,2022,Fall,Weekday,Commercial & Employment Core,13633,13606,-27,5063,2022-09-01
2022-09-16,2022,Fall,Weekday,Commuter-Heavy Transit Hub,1195,1340,145,337,2022-09-01
2022-09-16,2022,Fall,Weekday,Leisure & Waterfront,1690,1725,35,898,2022-09-01
2022-09-16,2022,Fall,Weekday,Residential & Inner-Suburban Feeder,2902,2710,-192,1860,2022-09-01
2022-09-17,2022,Fall,Weekend,Commercial & Employment Core,13827,13853,26,5155,2022-09-01
2022-09-17,2022,Fall,Weekend,Commuter-Heavy Transit Hub,555,592,37,288,2022-09-01
2022-09-17,2022,Fall,Weekend,Leisure & Waterfront,3707,3802,95,1088,2022-09-01
2022-09-17,2022,Fall,Weekend,Residential & Inner-Suburban Feeder,3251,3088,-163,1998,2022-09-01
2022-09-18,2022,Fall,Weekend,Commercial & Employment Core,10352,10287,-65,4816,2022-09-01
2022-09-18,2022,Fall,Weekend,Commuter-Heavy Transit Hub,414,418,4,280,2022-09-01
2022-09-18,2022,Fall,Weekend,Leisure & Waterfront,2276,2400,124,1004,2022-09-01
2022-09-18,2022,Fall,Weekend,Residential & Inner-Suburban Feeder,2228,2229,1,1732,2022-09-01
2022-09-19,2022,Fall,Weekday,Commercial & Employment Core,12599,12445,-154,4806,2022-09-01
2022-09-19,2022,Fall,Weekday,Commuter-Heavy Transit Hub,1076,1172,96,313,2022-09-01
2022-09-19,2022,Fall,Weekday,Leisure & Waterfront,1794,1876,82,953,2022-09-01
2022-09-19,2022,Fall,Weekday,Residential & Inner-Suburban Feeder,2556,2570,14,1869,2022-09-01
2022-09-20,2022,Fall,Weekday,Commercial & Employment Core,14678,14444,-234,4931,2022-09-01
2022-09-20,2022,Fall,Weekday,Commuter-Heavy Transit Hub,1296,1471,175,323,2022-09-01
2022-09-20,2022,Fall,Weekday,Leisure & Waterfront,1974,2035,61,1020,2022-09-01
2022-09-20,2022,Fall,Weekday,Residential & Inner-Suburban Feeder,3074,3055,-19,1959,2022-09-01
2022-09-21,2022,Fall,Weekday,Commercial & Employment Core,14402,14203,-199,4935,2022-09-01
2022-09-21,2022,Fall,Weekday,Commuter-Heavy Transit Hub,1259,1465,206,325,2022-09-01
2022-09-21,2022,Fall,Weekday,Leisure & Waterfront,1745,1826,81,943,2022-09-01
2022-09-21,2022,Fall,Weekday,Residential & Inner-Suburban Feeder,2989,2887,-102,1901,2022-09-01
2022-09-22,2022,Fall,Weekday,Commercial & Employment Core,13163,13054,-109,4902,2022-09-01
2022-09-22,2022,Fall,Weekday,Commuter-Heavy Transit Hub,1251,1471,220,316,2022-09-01
2022-09-22,2022,Fall,Weekday,Leisure & Waterfront,1531,1590,59,898,2022-09-01
2022-09-22,2022,Fall,Weekday,Residential & Inner-Suburban Feeder,2718,2531,-187,1777,2022-09-01
2022-09-23,2022,Fall,Weekday,Commercial & Employment Core,12599,12636,37,4841,2022-09-01
2022-09-23,2022,Fall,Weekday,Commuter-Heavy Transit Hub,1010,1109,99,325,2022-09-01
2022-09-23,2022,Fall,Weekday,Leisure & Waterfront,1641,1722,81,905,2022-09-01
2022-09-23,2022,Fall,Weekday,Residential & Inner-Suburban Feeder,2675,2429,-246,1794,2022-09-01
2022-09-24,2022,Fall,Weekend,Commercial & Employment Core,12393,12293,-100,4936,2022-09-01
2022-09-24,2022,Fall,Weekend,Commuter-Heavy Transit Hub,460,506,46,267,2022-09-01
2022-09-24,2022,Fall,Weekend,Leisure & Waterfront,3583,3688,105,1129,2022-09-01
2022-09-24,2022,Fall,Weekend,Residential & Inner-Suburban Feeder,2836,2805,-31,1840,2022-09-01
2022-09-25,2022,Fall,Weekend,Commercial & Employment Core,6290,6236,-54,4104,2022-09-01
2022-09-25,2022,Fall,Weekend,Commuter-Heavy Transit Hub,201,200,-1,203,2022-09-01
2022-09-25,2022,Fall,Weekend,Leisure & Waterfront,768,817,49,584,2022-09-01
2022-09-25,2022,Fall,Weekend,Residential & Inner-Suburban Feeder,1251,1324,73,1287,2022-09-01
2022-09-26,2022,Fall,Weekday,Commercial & Employment Core,8974,8965,-9,4486,2022-09-01
2022-09-26,2022,Fall,Weekday,Commuter-Heavy Transit Hub,855,1093,238,302,2022-09-01
2022-09-26,2022,Fall,Weekday,Leisure & Waterfront,813,856,43,651,2022-09-01
2022-09-26,2022,Fall,Weekday,Residential & Inner-Suburban Feeder,1935,1662,-273,1590,2022-09-01
2022-09-27,2022,Fall,Weekday,Commercial & Employment Core,9476,9346,-130,4442,2022-09-01
2022-09-27,2022,Fall,Weekday,Commuter-Heavy Transit Hub,969,1206,237,315,2022-09-01
2022-09-27,2022,Fall,Weekday,Leisure & Waterfront,815,842,27,647,2022-09-01
2022-09-27,2022,Fall,Weekday,Residential & Inner-Suburban Feeder,1898,1758,-140,1574,2022-09-01
2022-09-28,2022,Fall,Weekday,Commercial & Employment Core,12493,12305,-188,4849,2022-09-01
2022-09-28,2022,Fall,Weekday,Commuter-Heavy Transit Hub,1238,1431,193,323,2022-09-01
2022-09-28,2022,Fall,Weekday,Leisure & Waterfront,1315,1310,-5,812,2022-09-01
2022-09-28,2022,Fall,Weekday,Residential & Inner-Suburban Feeder,2471,2437,-34,1773,2022-09-01
2022-09-29,2022,Fall,Weekday,Commercial & Employment Core,13110,12990,-120,4922,2022-09-01
2022-09-29,2022,Fall,Weekday,Commuter-Heavy Transit Hub,1267,1382,115,336,2022-09-01
2022-09-29,2022,Fall,Weekday,Leisure & Waterfront,1689,1821,132,934,2022-09-01
2022-09-29,2022,Fall,Weekday,Residential & Inner-Suburban Feeder,2809,2676,-133,1905,2022-09-01
2022-09-30,2022,Fall,Weekday,Commercial & Employment Core,13818,13717,-101,5086,2022-09-01
2022-09-30,2022,Fall,Weekday,Commuter-Heavy Transit Hub,1038,1164,126,348,2022-09-01
2022-09-30,2022,Fall,Weekday,Leisure & Waterfront,2138,2176,38,1037,2022-09-01
2022-09-30,2022,Fall,Weekday,Residential & Inner-Suburban Feeder,2974,2869,-105,1993,2022-09-01
2022-10-01,2022,Fall,Weekend,Commercial & Employment Core,13624,13564,-60,5178,2022-10-01
2022-10-01,2022,Fall,Weekend,Commuter-Heavy Transit Hub,572,573,1,309,2022-10-01
2022-10-01,2022,Fall,Weekend,Leisure & Waterfront,3175,3401,226,1095,2022-10-01
2022-10-01,2022,Fall,Weekend,Residential & Inner-Suburban Feeder,3032,2765,-267,1966,2022-10-01
2022-10-02,2022,Fall,Weekend,Commercial & Employment Core,11437,11454,17,5093,2022-10-01
2022-10-02,2022,Fall,Weekend,Commuter-Heavy Transit Hub,476,487,11,322,2022-10-01
2022-10-02,2022,Fall,Weekend,Leisure & Waterfront,3076,3116,40,1063,2022-10-01
2022-10-02,2022,Fall,Weekend,Residential & Inner-Suburban Feeder,2511,2626,115,1848,2022-10-01
2022-10-03,2022,Fall,Weekday,Commercial & Employment Core,11487,11369,-118,4722,2022-10-01
2022-10-03,2022,Fall,Weekday,Commuter-Heavy Transit Hub,1033,1122,89,321,2022-10-01
2022-10-03,2022,Fall,Weekday,Leisure & Waterfront,1379,1481,102,891,2022-10-01
2022-10-03,2022,Fall,Weekday,Residential & Inner-Suburban Feeder,2416,2332,-84,1787,2022-10-01
2022-10-04,2022,Fall,Weekday,Commercial & Employment Core,12722,12612,-110,4841,2022-10-01
2022-10-04,2022,Fall,Weekday,Commuter-Heavy Transit Hub,1161,1333,172,328,2022-10-01
2022-10-04,2022,Fall,Weekday,Leisure & Waterfront,1443,1518,75,895,2022-10-01
2022-10-04,2022,Fall,Weekday,Residential & Inner-Suburban Feeder,2808,2664,-144,1894,2022-10-01
2022-10-05,2022,Fall,Weekday,Commercial & Employment Core,13726,13632,-94,5007,2022-10-01
2022-10-05,2022,Fall,Weekday,Commuter-Heavy Transit Hub,1227,1402,175,332,2022-10-01
2022-10-05,2022,Fall,Weekday,Leisure & Waterfront,1958,1995,37,1026,2022-10-01
2022-10-05,2022,Fall,Weekday,Residential & Inner-Suburban Feeder,3084,2952,-132,1939,2022-10-01
2022-10-06,2022,Fall,Weekday,Commercial & Employment Core,13178,12974,-204,4999,2022-10-01
2022-10-06,2022,Fall,Weekday,Commuter-Heavy Transit Hub,1174,1354,180,323,2022-10-01
2022-10-06,2022,Fall,Weekday,Leisure & Waterfront,1531,1611,80,927,2022-10-01
2022-10-06,2022,Fall,Weekday,Residential & Inner-Suburban Feeder,2882,2811,-71,1950,2022-10-01
2022-10-07,2022,Fall,Weekday,Commercial & Employment Core,11214,11269,55,4892,2022-10-01
2022-10-07,2022,Fall,Weekday,Commuter-Heavy Transit Hub,883,1012,129,318,2022-10-01
2022-10-07,2022,Fall,Weekday,Leisure & Waterfront,1106,1226,120,787,2022-10-01
2022-10-07,2022,Fall,Weekday,Residential & Inner-Suburban Feeder,2381,2099,-282,1792,2022-10-01
2022-10-08,2022,Fall,Weekend,Commercial & Employment Core,8941,8912,-29,4656,2022-10-01
2022-10-08,2022,Fall,Weekend,Commuter-Heavy Transit Hub,347,397,50,281,2022-10-01
2022-10-08,2022,Fall,Weekend,Leisure & Waterfront,1530,1645,115,883,2022-10-01
2022-10-08,2022,Fall,Weekend,Residential & Inner-Suburban Feeder,1953,1818,-135,1634,2022-10-01
2022-10-09,2022,Fall,Weekend,Commercial & Employment Core,8421,8446,25,4502,2022-10-01
2022-10-09,2022,Fall,Weekend,Commuter-Heavy Transit Hub,324,342,18,261,2022-10-01
2022-10-09,2022,Fall,Weekend,Leisure & Waterfront,1936,1891,-45,887,2022-10-01
2022-10-09,2022,Fall,Weekend,Residential & Inner-Suburban Feeder,1800,1799,-1,1541,2022-10-01
2022-10-10,2022,Fall,Weekday,Commercial & Employment Core,7823,7872,49,4312,2022-10-01
2022-10-10,2022,Fall,Weekday,Commuter-Heavy Transit Hub,325,322,-3,238,2022-10-01
2022-10-10,2022,Fall,Weekday,Leisure & Waterfront,2701,2739,38,935,2022-10-01
2022-10-10,2022,Fall,Weekday,Residential & Inner-Suburban Feeder,2070,2011,-59,1559,2022-10-01
2022-10-11,2022,Fall,Weekday,Commercial & Employment Core,12733,12536,-197,4939,2022-10-01
2022-10-11,2022,Fall,Weekday,Commuter-Heavy Transit Hub,1189,1317,128,335,2022-10-01
2022-10-11,2022,Fall,Weekday,Leisure & Waterfront,1918,2004,86,1033,2022-10-01
2022-10-11,2022,Fall,Weekday,Residential & Inner-Suburban Feeder,2857,2811,-46,1960,2022-10-01
2022-10-12,2022,Fall,Weekday,Commercial & Employment Core,12894,12803,-91,4969,2022-10-01
2022-10-12,2022,Fall,Weekday,Commuter-Heavy Transit Hub,1221,1423,202,340,2022-10-01
2022-10-12,2022,Fall,Weekday,Leisure & Waterfront,1367,1416,49,888,2022-10-01
2022-10-12,2022,Fall,Weekday,Residential & Inner-Suburban Feeder,2758,2626,-132,1961,2022-10-01
2022-10-13,2022,Fall,Weekday,Commercial & Employment Core,10390,10221,-169,4538,2022-10-01
2022-10-13,2022,Fall,Weekday,Commuter-Heavy Transit Hub,982,935,-47,298,2022-10-01
2022-10-13,2022,Fall,Weekday,Leisure & Waterfront,885,952,67,689,2022-10-01
2022-10-13,2022,Fall,Weekday,Residential & Inner-Suburban Feeder,2090,2210,120,1672,2022-10-01
2022-10-14,2022,Fall,Weekday,Commercial & Employment Core,11740,11773,33,4986,2022-10-01
2022-10-14,2022,Fall,Weekday,Commuter-Heavy Transit Hub,936,1006,70,322,2022-10-01
2022-10-14,2022,Fall,Weekday,Leisure & Waterfront,1298,1419,121,821,2022-10-01
2022-10-14,2022,Fall,Weekday,Residential & Inner-Suburban Feeder,2530,2300,-230,1896,2022-10-01
2022-10-15,2022,Fall,Weekend,Commercial & Employment Core,10227,10265,38,4968,2022-10-01
2022-10-15,2022,Fall,Weekend,Commuter-Heavy Transit Hub,389,432,43,279,2022-10-01
2022-10-15,2022,Fall,Weekend,Leisure & Waterfront,1636,1747,111,901,2022-10-01
2022-10-15,2022,Fall,Weekend,Residential & Inner-Suburban Feeder,2395,2193,-202,1853,2022-10-01
2022-10-16,2022,Fall,Weekend,Commercial & Employment Core,11432,11431,-1,5005,2022-10-01
2022-10-16,2022,Fall,Weekend,Commuter-Heavy Transit Hub,489,481,-8,276,2022-10-01
2022-10-16,2022,Fall,Weekend,Leisure & Waterfront,2404,2523,119,1034,2022-10-01
2022-10-16,2022,Fall,Weekend,Residential & Inner-Suburban Feeder,2547,2478,-69,1847,2022-10-01
2022-10-17,2022,Fall,Weekday,Commercial & Employment Core,9475,9426,-49,4691,2022-10-01
2022-10-17,2022,Fall,Weekday,Commuter-Heavy Transit Hub,907,1064,157,311,2022-10-01
2022-10-17,2022,Fall,Weekday,Leisure & Waterfront,715,793,78,678,2022-10-01
2022-10-17,2022,Fall,Weekday,Residential & Inner-Suburban Feeder,2091,1919,-172,1742,2022-10-01
2022-10-18,2022,Fall,Weekday,Commercial & Employment Core,8764,8712,-52,4497,2022-10-01
2022-10-18,2022,Fall,Weekday,Commuter-Heavy Transit Hub,886,1126,240,314,2022-10-01
2022-10-18,2022,Fall,Weekday,Leisure & Waterfront,655,708,53,614,2022-10-01
2022-10-18,2022,Fall,Weekday,Residential & Inner-Suburban Feeder,1911,1672,-239,1605,2022-10-01
2022-10-19,2022,Fall,Weekday,Commercial & Employment Core,9236,9149,-87,4642,2022-10-01
2022-10-19,2022,Fall,Weekday,Commuter-Heavy Transit Hub,843,1121,278,325,2022-10-01
2022-10-19,2022,Fall,Weekday,Leisure & Waterfront,729,754,25,661,2022-10-01
2022-10-19,2022,Fall,Weekday,Residential & Inner-Suburban Feeder,2022,1794,-228,1702,2022-10-01
2022-10-20,2022,Fall,Weekday,Commercial & Employment Core,9398,9409,11,4699,2022-10-01
2022-10-20,2022,Fall,Weekday,Commuter-Heavy Transit Hub,948,1105,157,321,2022-10-01
2022-10-20,2022,Fall,Weekday,Leisure & Waterfront,697,740,43,612,2022-10-01
2022-10-20,2022,Fall,Weekday,Residential & Inner-Suburban Feeder,2031,1817,-214,1656,2022-10-01
2022-10-21,2022,Fall,Weekday,Commercial & Employment Core,11104,11064,-40,4939,2022-10-01
2022-10-21,2022,Fall,Weekday,Commuter-Heavy Transit Hub,895,1016,121,326,2022-10-01
2022-10-21,2022,Fall,Weekday,Leisure & Waterfront,1256,1358,102,874,2022-10-01
2022-10-21,2022,Fall,Weekday,Residential & Inner-Suburban Feeder,2462,2229,-233,1858,2022-10-01
2022-10-22,2022,Fall,Weekend,Commercial & Employment Core,12564,12543,-21,5076,2022-10-01
2022-10-22,2022,Fall,Weekend,Commuter-Heavy Transit Hub,451,515,64,306,2022-10-01
2022-10-22,2022,Fall,Weekend,Leisure & Waterfront,3437,3481,44,1134,2022-10-01
2022-10-22,2022,Fall,Weekend,Residential & Inner-Suburban Feeder,2982,2899,-83,1980,2022-10-01
2022-10-23,2022,Fall,Weekend,Commercial & Employment Core,11103,11130,27,4917,2022-10-01
2022-10-23,2022,Fall,Weekend,Commuter-Heavy Transit Hub,484,410,-74,283,2022-10-01
2022-10-23,2022,Fall,Weekend,Leisure & Waterfront,3526,3669,143,1130,2022-10-01
2022-10-23,2022,Fall,Weekend,Residential & Inner-Suburban Feeder,2712,2647,-65,1892,2022-10-01
2022-10-24,2022,Fall,Weekday,Commercial & Employment Core,11227,11163,-64,4822,2022-10-01
2022-10-24,2022,Fall,Weekday,Commuter-Heavy Transit Hub,1008,1108,100,309,2022-10-01
2022-10-24,2022,Fall,Weekday,Leisure & Waterfront,1441,1568,127,898,2022-10-01
2022-10-24,2022,Fall,Weekday,Residential & Inner-Suburban Feeder,2523,2377,-146,1889,2022-10-01
2022-10-25,2022,Fall,Weekday,Commercial & Employment Core,11947,11791,-156,4823,2022-10-01
2022-10-25,2022,Fall,Weekday,Commuter-Heavy Transit Hub,1131,1313,182,320,2022-10-01
2022-10-25,2022,Fall,Weekday,Leisure & Waterfront,1145,1223,78,836,2022-10-01
2022-10-25,2022,Fall,Weekday,Residential & Inner-Suburban Feeder,2653,2546,-107,1894,2022-10-01
2022-10-26,2022,Fall,Weekday,Commercial & Employment Core,8034,7977,-57,4364,2022-10-01
2022-10-26,2022,Fall,Weekday,Commuter-Heavy Transit Hub,695,1041,346,301,2022-10-01
2022-10-26,2022,Fall,Weekday,Leisure & Waterfront,547,598,51,518,2022-10-01
2022-10-26,2022,Fall,Weekday,Residential & Inner-Suburban Feeder,1787,1465,-322,1494,2022-10-01
2022-10-27,2022,Fall,Weekday,Commercial & Employment Core,11508,11372,-136,4796,2022-10-01
2022-10-27,2022,Fall,Weekday,Commuter-Heavy Transit Hub,1007,1178,171,320,2022-10-01
2022-10-27,2022,Fall,Weekday,Leisure & Waterfront,1174,1192,18,807,2022-10-01
2022-10-27,2022,Fall,Weekday,Residential & Inner-Suburban Feeder,2352,2276,-76,1773,2022-10-01
2022-10-28,2022,Fall,Weekday,Commercial & Employment Core,10958,11054,96,4866,2022-10-01
2022-10-28,2022,Fall,Weekday,Commuter-Heavy Transit Hub,886,1052,166,315,2022-10-01
2022-10-28,2022,Fall,Weekday,Leisure & Waterfront,972,1051,79,759,2022-10-01
2022-10-28,2022,Fall,Weekday,Residential & Inner-Suburban Feeder,2445,2091,-354,1823,2022-10-01
2022-10-29,2022,Fall,Weekend,Commercial & Employment Core,10893,10868,-25,4894,2022-10-01
2022-10-29,2022,Fall,Weekend,Commuter-Heavy Transit Hub,438,440,2,297,2022-10-01
2022-10-29,2022,Fall,Weekend,Leisure & Waterfront,2164,2283,119,945,2022-10-01
2022-10-29,2022,Fall,Weekend,Residential & Inner-Suburban Feeder,2470,2362,-108,1847,2022-10-01
2022-10-30,2022,Fall,Weekend,Commercial & Employment Core,9490,9418,-72,4756,2022-10-01
2022-10-30,2022,Fall,Weekend,Commuter-Heavy Transit Hub,376,348,-28,273,2022-10-01
2022-10-30,2022,Fall,Weekend,Leisure & Waterfront,1658,1709,51,861,2022-10-01
2022-10-30,2022,Fall,Weekend,Residential & Inner-Suburban Feeder,2133,2214,81,1740,2022-10-01
2022-10-31,2022,Fall,Weekday,Commercial & Employment Core,7286,7249,-37,4293,2022-10-01
2022-10-31,2022,Fall,Weekday,Commuter-Heavy Transit Hub,658,720,62,294,2022-10-01
2022-10-31,2022,Fall,Weekday,Leisure & Waterfront,421,464,43,458,2022-10-01
2022-10-31,2022,Fall,Weekday,Residential & Inner-Suburban Feeder,1510,1452,-58,1458,2022-10-01
2022-11-01,2022,Fall,Weekday,Commercial & Employment Core,10708,10510,-198,4711,2022-11-01
2022-11-01,2022,Fall,Weekday,Commuter-Heavy Transit Hub,1034,1091,57,306,2022-11-01
2022-11-01,2022,Fall,Weekday,Leisure & Waterfront,1043,1108,65,753,2022-11-01
2022-11-01,2022,Fall,Weekday,Residential & Inner-Suburban Feeder,2343,2406,63,1780,2022-11-01
2022-11-02,2022,Fall,Weekday,Commercial & Employment Core,10722,10785,63,4659,2022-11-01
2022-11-02,2022,Fall,Weekday,Commuter-Heavy Transit Hub,1003,1051,48,300,2022-11-01
2022-11-02,2022,Fall,Weekday,Leisure & Waterfront,930,1005,75,710,2022-11-01
2022-11-02,2022,Fall,Weekday,Residential & Inner-Suburban Feeder,2436,2254,-182,1769,2022-11-01
2022-11-03,2022,Fall,Weekday,Commercial & Employment Core,10111,10040,-71,4527,2022-11-01
2022-11-03,2022,Fall,Weekday,Commuter-Heavy Transit Hub,972,1102,130,310,2022-11-01
2022-11-03,2022,Fall,Weekday,Leisure & Waterfront,803,834,31,663,2022-11-01
2022-11-03,2022,Fall,Weekday,Residential & Inner-Suburban Feeder,2102,2001,-101,1680,2022-11-01
2022-11-04,2022,Fall,Weekday,Commercial & Employment Core,11062,10997,-65,4776,2022-11-01
2022-11-04,2022,Fall,Weekday,Commuter-Heavy Transit Hub,945,1055,110,307,2022-11-01
2022-11-04,2022,Fall,Weekday,Leisure & Waterfront,1199,1261,62,799,2022-11-01
2022-11-04,2022,Fall,Weekday,Residential & Inner-Suburban Feeder,2340,2180,-160,1775,2022-11-01
2022-11-05,2022,Fall,Weekend,Commercial & Employment Core,12166,12090,-76,4964,2022-11-01
2022-11-05,2022,Fall,Weekend,Commuter-Heavy Transit Hub,420,446,26,264,2022-11-01
2022-11-05,2022,Fall,Weekend,Leisure & Waterfront,2857,2983,126,1075,2022-11-01
2022-11-05,2022,Fall,Weekend,Residential & Inner-Suburban Feeder,2861,2789,-72,1930,2022-11-01
2022-11-06,2022,Fall,Weekend,Commercial & Employment Core,10008,10032,24,4645,2022-11-01
2022-11-06,2022,Fall,Weekend,Commuter-Heavy Transit Hub,339,331,-8,246,2022-11-01
2022-11-06,2022,Fall,Weekend,Leisure & Waterfront,2395,2465,70,925,2022-11-01
2022-11-06,2022,Fall,Weekend,Residential & Inner-Suburban Feeder,2399,2374,-25,1706,2022-11-01
2022-11-07,2022,Fall,Weekday,Commercial & Employment Core,9169,9131,-38,4524,2022-11-01
2022-11-07,2022,Fall,Weekday,Commuter-Heavy Transit Hub,765,887,122,303,2022-11-01
2022-11-07,2022,Fall,Weekday,Leisure & Waterfront,782,818,36,668,2022-11-01
2022-11-07,2022,Fall,Weekday,Residential & Inner-Suburban Feeder,2043,1924,-119,1676,2022-11-01
2022-11-08,2022,Fall,Weekday,Commercial & Employment Core,9669,9535,-134,4560,2022-11-01
2022-11-08,2022,Fall,Weekday,Commuter-Heavy Transit Hub,778,1009,231,295,2022-11-01
2022-11-08,2022,Fall,Weekday,Leisure & Waterfront,894,876,-18,732,2022-11-01
2022-11-08,2022,Fall,Weekday,Residential & Inner-Suburban Feeder,2105,2035,-70,1701,2022-11-01
2022-11-09,2022,Fall,Weekday,Commercial & Employment Core,9616,9547,-69,4542,2022-11-01
2022-11-09,2022,Fall,Weekday,Commuter-Heavy Transit Hub,852,945,93,303,2022-11-01
2022-11-09,2022,Fall,Weekday,Leisure & Waterfront,855,893,38,710,2022-11-01
2022-11-09,2022,Fall,Weekday,Residential & Inner-Suburban Feeder,2146,2072,-74,1716,2022-11-01
2022-11-10,2022,Fall,Weekday,Commercial & Employment Core,11009,10857,-152,4796,2022-11-01
2022-11-10,2022,Fall,Weekday,Commuter-Heavy Transit Hub,876,1099,223,319,2022-11-01
2022-11-10,2022,Fall,Weekday,Leisure & Waterfront,1255,1281,26,860,2022-11-01
2022-11-10,2022,Fall,Weekday,Residential & Inner-Suburban Feeder,2469,2356,-113,1865,2022-11-01
2022-11-11,2022,Fall,Weekday,Commercial & Employment Core,6284,6297,13,4187,2022-11-01
2022-11-11,2022,Fall,Weekday,Commuter-Heavy Transit Hub,402,641,239,283,2022-11-01
2022-11-11,2022,Fall,Weekday,Leisure & Waterfront,484,524,40,496,2022-11-01
2022-11-11,2022,Fall,Weekday,Residential & Inner-Suburban Feeder,1549,1274,-275,1481,2022-11-01
2022-11-12,2022,Fall,Weekend,Commercial & Employment Core,7476,7449,-27,4376,2022-11-01
2022-11-12,2022,Fall,Weekend,Commuter-Heavy Transit Hub,248,317,69,251,2022-11-01
2022-11-12,2022,Fall,Weekend,Leisure & Waterfront,1033,1058,25,746,2022-11-01
2022-11-12,2022,Fall,Weekend,Residential & Inner-Suburban Feeder,1770,1679,-91,1571,2022-11-01
2022-11-13,2022,Fall,Weekend,Commercial & Employment Core,6081,6130,49,4112,2022-11-01
2022-11-13,2022,Fall,Weekend,Commuter-Heavy Transit Hub,215,210,-5,214,2022-11-01
2022-11-13,2022,Fall,Weekend,Leisure & Waterfront,649,688,39,569,2022-11-01
2022-11-13,2022,Fall,Weekend,Residential & Inner-Suburban Feeder,1286,1244,-42,1329,2022-11-01
2022-11-14,2022,Fall,Weekday,Commercial & Employment Core,7493,7555,62,4247,2022-11-01
2022-11-14,2022,Fall,Weekday,Commuter-Heavy Transit Hub,720,763,43,290,2022-11-01
2022-11-14,2022,Fall,Weekday,Leisure & Waterfront,503,526,23,534,2022-11-01
2022-11-14,2022,Fall,Weekday,Residential & Inner-Suburban Feeder,1682,1560,-122,1562,2022-11-01
2022-11-15,2022,Fall,Weekday,Commercial & Employment Core,4816,4754,-62,3414,2022-11-01
2022-11-15,2022,Fall,Weekday,Commuter-Heavy Transit Hub,410,668,258,275,2022-11-01
2022-11-15,2022,Fall,Weekday,Leisure & Waterfront,297,330,33,349,2022-11-01
2022-11-15,2022,Fall,Weekday,Residential & Inner-Suburban Feeder,1154,925,-229,1133,2022-11-01
2022-11-16,2022,Fall,Weekday,Commercial & Employment Core,2957,2905,-52,2766,2022-11-01
2022-11-16,2022,Fall,Weekday,Commuter-Heavy Transit Hub,298,274,-24,237,2022-11-01
2022-11-16,2022,Fall,Weekday,Leisure & Waterfront,207,227,20,268,2022-11-01
2022-11-16,2022,Fall,Weekday,Residential & Inner-Suburban Feeder,577,626,49,792,2022-11-01
2022-11-17,2022,Fall,Weekday,Commercial & Employment Core,5072,5082,10,3719,2022-11-01
2022-11-17,2022,Fall,Weekday,Commuter-Heavy Transit Hub,483,548,65,278,2022-11-01
2022-11-17,2022,Fall,Weekday,Leisure & Waterfront,331,363,32,393,2022-11-01
2022-11-17,2022,Fall,Weekday,Residential & Inner-Suburban Feeder,1050,950,-100,1161,2022-11-01
2022-11-18,2022,Fall,Weekday,Commercial & Employment Core,5462,5470,8,3881,2022-11-01
2022-11-18,2022,Fall,Weekday,Commuter-Heavy Transit Hub,444,490,46,281,2022-11-01
2022-11-18,2022,Fall,Weekday,Leisure & Waterfront,338,388,50,383,2022-11-01
2022-11-18,2022,Fall,Weekday,Residential & Inner-Suburban Feeder,1082,970,-112,1192,2022-11-01
2022-11-19,2022,Fall,Weekend,Commercial & Employment Core,4359,4423,64,3594,2022-11-01
2022-11-19,2022,Fall,Weekend,Commuter-Heavy Transit Hub,164,222,58,210,2022-11-01
2022-11-19,2022,Fall,Weekend,Leisure & Waterfront,350,346,-4,394,2022-11-01
2022-11-19,2022,Fall,Weekend,Residential & Inner-Suburban Feeder,915,793,-122,1040,2022-11-01
2022-11-20,2022,Fall,Weekend,Commercial & Employment Core,3419,3386,-33,3083,2022-11-01
2022-11-20,2022,Fall,Weekend,Commuter-Heavy Transit Hub,152,164,12,173,2022-11-01
2022-11-20,2022,Fall,Weekend,Leisure & Waterfront,197,213,16,257,2022-11-01
2022-11-20,2022,Fall,Weekend,Residential & Inner-Suburban Feeder,606,629,23,814,2022-11-01
2022-11-21,2022,Fall,Weekday,Commercial & Employment Core,5369,5381,12,3695,2022-11-01
2022-11-21,2022,Fall,Weekday,Commuter-Heavy Transit Hub,510,525,15,263,2022-11-01
2022-11-21,2022,Fall,Weekday,Leisure & Waterfront,283,308,25,347,2022-11-01
2022-11-21,2022,Fall,Weekday,Residential & Inner-Suburban Feeder,1074,1008,-66,1188,2022-11-01
2022-11-22,2022,Fall,Weekday,Commercial & Employment Core,7003,7084,81,4180,2022-11-01
2022-11-22,2022,Fall,Weekday,Commuter-Heavy Transit Hub,686,719,33,291,2022-11-01
2022-11-22,2022,Fall,Weekday,Leisure & Waterfront,489,518,29,517,2022-11-01
2022-11-22,2022,Fall,Weekday,Residential & Inner-Suburban Feeder,1574,1436,-138,1521,2022-11-01
2022-11-23,2022,Fall,Weekday,Commercial & Employment Core,7787,7821,34,4323,2022-11-01
2022-11-23,2022,Fall,Weekday,Commuter-Heavy Transit Hub,696,825,129,285,2022-11-01
2022-11-23,2022,Fall,Weekday,Leisure & Waterfront,582,614,32,551,2022-11-01
2022-11-23,2022,Fall,Weekday,Residential & Inner-Suburban Feeder,1720,1505,-215,1570,2022-11-01
2022-11-24,2022,Fall,Weekday,Commercial & Employment Core,7727,7696,-31,4295,2022-11-01
2022-11-24,2022,Fall,Weekday,Commuter-Heavy Transit Hub,642,806,164,280,2022-11-01
2022-11-24,2022,Fall,Weekday,Leisure & Waterfront,551,592,41,562,2022-11-01
2022-11-24,2022,Fall,Weekday,Residential & Inner-Suburban Feeder,1654,1481,-173,1539,2022-11-01
2022-11-25,2022,Fall,Weekday,Commercial & Employment Core,7538,7589,51,4330,2022-11-01
2022-11-25,2022,Fall,Weekday,Commuter-Heavy Transit Hub,609,668,59,284,2022-11-01
2022-11-25,2022,Fall,Weekday,Leisure & Waterfront,509,541,32,524,2022-11-01
2022-11-25,2022,Fall,Weekday,Residential & Inner-Suburban Feeder,1590,1432,-158,1526,2022-11-01
2022-11-26,2022,Fall,Weekend,Commercial & Employment Core,7236,7287,51,4366,2022-11-01
2022-11-26,2022,Fall,Weekend,Commuter-Heavy Transit Hub,303,357,54,251,2022-11-01
2022-11-26,2022,Fall,Weekend,Leisure & Waterfront,987,1065,78,726,2022-11-01
2022-11-26,2022,Fall,Weekend,Residential & Inner-Suburban Feeder,1663,1483,-180,1563,2022-11-01
2022-11-27,2022,Fall,Weekend,Commercial & Employment Core,3934,3960,26,3543,2022-11-01
2022-11-27,2022,Fall,Weekend,Commuter-Heavy Transit Hub,170,169,-1,176,2022-11-01
2022-11-27,2022,Fall,Weekend,Leisure & Waterfront,261,286,25,333,2022-11-01
2022-11-27,2022,Fall,Weekend,Residential & Inner-Suburban Feeder,821,800,-21,978,2022-11-01
2022-11-28,2022,Fall,Weekday,Commercial & Employment Core,6743,6763,20,4082,2022-11-01
2022-11-28,2022,Fall,Weekday,Commuter-Heavy Transit Hub,615,673,58,283,2022-11-01
2022-11-28,2022,Fall,Weekday,Leisure & Waterfront,471,470,-1,497,2022-11-01
2022-11-28,2022,Fall,Weekday,Residential & Inner-Suburban Feeder,1399,1332,-67,1424,2022-11-01
2022-11-29,2022,Fall,Weekday,Commercial & Employment Core,7558,7507,-51,4292,2022-11-01
2022-11-29,2022,Fall,Weekday,Commuter-Heavy Transit Hub,680,801,121,291,2022-11-01
2022-11-29,2022,Fall,Weekday,Leisure & Waterfront,499,517,18,536,2022-11-01
2022-11-29,2022,Fall,Weekday,Residential & Inner-Suburban Feeder,1679,1580,-99,1563,2022-11-01
2022-11-30,2022,Fall,Weekday,Commercial & Employment Core,4405,4321,-84,3350,2022-11-01
2022-11-30,2022,Fall,Weekday,Commuter-Heavy Transit Hub,453,422,-31,250,2022-11-01
2022-11-30,2022,Fall,Weekday,Leisure & Waterfront,241,303,62,323,2022-11-01
2022-11-30,2022,Fall,Weekday,Residential & Inner-Suburban Feeder,855,915,60,1037,2022-11-01
2022-12-01,2022,Winter,Weekday,Commercial & Employment Core,5881,5827,-54,3824,2022-12-01
2022-12-01,2022,Winter,Weekday,Commuter-Heavy Transit Hub,552,626,74,284,2022-12-01
2022-12-01,2022,Winter,Weekday,Leisure & Waterfront,352,381,29,420,2022-12-01
2022-12-01,2022,Winter,Weekday,Residential & Inner-Suburban Feeder,1210,1142,-68,1302,2022-12-01
2022-12-02,2022,Winter,Weekday,Commercial & Employment Core,6300,6265,-35,4101,2022-12-01
2022-12-02,2022,Winter,Weekday,Commuter-Heavy Transit Hub,496,610,114,288,2022-12-01
2022-12-02,2022,Winter,Weekday,Leisure & Waterfront,385,417,32,449,2022-12-01
2022-12-02,2022,Winter,Weekday,Residential & Inner-Suburban Feeder,1291,1193,-98,1390,2022-12-01
2022-12-03,2022,Winter,Weekend,Commercial & Employment Core,4321,4369,48,3489,2022-12-01
2022-12-03,2022,Winter,Weekend,Commuter-Heavy Transit Hub,156,185,29,179,2022-12-01
2022-12-03,2022,Winter,Weekend,Leisure & Waterfront,335,328,-7,381,2022-12-01
2022-12-03,2022,Winter,Weekend,Residential & Inner-Suburban Feeder,919,842,-77,1033,2022-12-01
2022-12-04,2022,Winter,Weekend,Commercial & Employment Core,4781,4764,-17,3609,2022-12-01
2022-12-04,2022,Winter,Weekend,Commuter-Heavy Transit Hub,192,209,17,188,2022-12-01
2022-12-04,2022,Winter,Weekend,Leisure & Waterfront,461,498,37,506,2022-12-01
2022-12-04,2022,Winter,Weekend,Residential & Inner-Suburban Feeder,987,968,-19,1108,2022-12-01
2022-12-05,2022,Winter,Weekday,Commercial & Employment Core,6160,6105,-55,3936,2022-12-01
2022-12-05,2022,Winter,Weekday,Commuter-Heavy Transit Hub,532,571,39,252,2022-12-01
2022-12-05,2022,Winter,Weekday,Leisure & Waterfront,356,411,55,452,2022-12-01
2022-12-05,2022,Winter,Weekday,Residential & Inner-Suburban Feeder,1270,1221,-49,1319,2022-12-01
2022-12-06,2022,Winter,Weekday,Commercial & Employment Core,6874,6808,-66,4090,2022-12-01
2022-12-06,2022,Winter,Weekday,Commuter-Heavy Transit Hub,604,753,149,278,2022-12-01
2022-12-06,2022,Winter,Weekday,Leisure & Waterfront,429,487,58,476,2022-12-01
2022-12-06,2022,Winter,Weekday,Residential & Inner-Suburban Feeder,1542,1393,-149,1474,2022-12-01
2022-12-07,2022,Winter,Weekday,Commercial & Employment Core,7335,7262,-73,4199,2022-12-01
2022-12-07,2022,Winter,Weekday,Commuter-Heavy Transit Hub,660,816,156,292,2022-12-01
2022-12-07,2022,Winter,Weekday,Leisure & Waterfront,517,583,66,539,2022-12-01
2022-12-07,2022,Winter,Weekday,Residential & Inner-Suburban Feeder,1610,1470,-140,1540,2022-12-01
2022-12-08,2022,Winter,Weekday,Commercial & Employment Core,6937,6845,-92,4191,2022-12-01
2022-12-08,2022,Winter,Weekday,Commuter-Heavy Transit Hub,607,781,174,304,2022-12-01
2022-12-08,2022,Winter,Weekday,Leisure & Waterfront,604,630,26,578,2022-12-01
2022-12-08,2022,Winter,Weekday,Residential & Inner-Suburban Feeder,1558,1428,-130,1465,2022-12-01
2022-12-09,2022,Winter,Weekday,Commercial & Employment Core,5948,5938,-10,3989,2022-12-01
2022-12-09,2022,Winter,Weekday,Commuter-Heavy Transit Hub,472,564,92,278,2022-12-01
2022-12-09,2022,Winter,Weekday,Leisure & Waterfront,339,344,5,370,2022-12-01
2022-12-09,2022,Winter,Weekday,Residential & Inner-Suburban Feeder,1303,1220,-83,1337,2022-12-01
2022-12-10,2022,Winter,Weekend,Commercial & Employment Core,4623,4626,3,3643,2022-12-01
2022-12-10,2022,Winter,Weekend,Commuter-Heavy Transit Hub,221,248,27,211,2022-12-01
2022-12-10,2022,Winter,Weekend,Leisure & Waterfront,298,322,24,346,2022-12-01
2022-12-10,2022,Winter,Weekend,Residential & Inner-Suburban Feeder,997,959,-38,1141,2022-12-01
2022-12-11,2022,Winter,Weekend,Commercial & Employment Core,1870,1810,-60,2216,2022-12-01
2022-12-11,2022,Winter,Weekend,Commuter-Heavy Transit Hub,79,88,9,116,2022-12-01
2022-12-11,2022,Winter,Weekend,Leisure & Waterfront,136,141,5,204,2022-12-01
2022-12-11,2022,Winter,Weekend,Residential & Inner-Suburban Feeder,327,385,58,528,2022-12-01
2022-12-12,2022,Winter,Weekday,Commercial & Employment Core,4051,4031,-20,3333,2022-12-01
2022-12-12,2022,Winter,Weekday,Commuter-Heavy Transit Hub,408,406,-2,255,2022-12-01
2022-12-12,2022,Winter,Weekday,Leisure & Waterfront,224,255,31,305,2022-12-01
2022-12-12,2022,Winter,Weekday,Residential & Inner-Suburban Feeder,845,833,-12,1006,2022-12-01
2022-12-13,2022,Winter,Weekday,Commercial & Employment Core,5017,4971,-46,3654,2022-12-01
2022-12-13,2022,Winter,Weekday,Commuter-Heavy Transit Hub,480,557,77,280,2022-12-01
2022-12-13,2022,Winter,Weekday,Leisure & Waterfront,305,325,20,358,2022-12-01
2022-12-13,2022,Winter,Weekday,Residential & Inner-Suburban Feeder,1099,1037,-62,1186,2022-12-01
2022-12-14,2022,Winter,Weekday,Commercial & Employment Core,4469,4451,-18,3459,2022-12-01
2022-12-14,2022,Winter,Weekday,Commuter-Heavy Transit Hub,408,489,81,265,2022-12-01
2022-12-14,2022,Winter,Weekday,Leisure & Waterfront,283,313,30,331,2022-12-01
2022-12-14,2022,Winter,Weekday,Residential & Inner-Suburban Feeder,1010,925,-85,1108,2022-12-01
2022-12-15,2022,Winter,Weekday,Commercial & Employment Core,1869,1856,-13,2190,2022-12-01
2022-12-15,2022,Winter,Weekday,Commuter-Heavy Transit Hub,173,311,138,207,2022-12-01
2022-12-15,2022,Winter,Weekday,Leisure & Waterfront,86,96,10,134,2022-12-01
2022-12-15,2022,Winter,Weekday,Residential & Inner-Suburban Feeder,465,336,-129,591,2022-12-01
2022-12-16,2022,Winter,Weekday,Commercial & Employment Core,5001,5061,60,3495,2022-12-01
2022-12-16,2022,Winter,Weekday,Commuter-Heavy Transit Hub,415,394,-21,248,2022-12-01
2022-12-16,2022,Winter,Weekday,Leisure & Waterfront,293,305,12,329,2022-12-01
2022-12-16,2022,Winter,Weekday,Residential & Inner-Suburban Feeder,968,905,-63,1090,2022-12-01
2022-12-17,2022,Winter,Weekend,Commercial & Employment Core,4475,4540,65,3642,2022-12-01
2022-12-17,2022,Winter,Weekend,Commuter-Heavy Transit Hub,192,232,40,211,2022-12-01
2022-12-17,2022,Winter,Weekend,Leisure & Waterfront,326,326,0,360,2022-12-01
2022-12-17,2022,Winter,Weekend,Residential & Inner-Suburban Feeder,1056,948,-108,1190,2022-12-01
2022-12-18,2022,Winter,Weekend,Commercial & Employment Core,3939,3957,18,3402,2022-12-01
2022-12-18,2022,Winter,Weekend,Commuter-Heavy Transit Hub,143,161,18,164,2022-12-01
2022-12-18,2022,Winter,Weekend,Leisure & Waterfront,314,319,5,338,2022-12-01
2022-12-18,2022,Winter,Weekend,Residential & Inner-Suburban Feeder,783,757,-26,984,2022-12-01
2022-12-19,2022,Winter,Weekday,Commercial & Employment Core,4483,4489,6,3556,2022-12-01
2022-12-19,2022,Winter,Weekday,Commuter-Heavy Transit Hub,343,400,57,249,2022-12-01
2022-12-19,2022,Winter,Weekday,Leisure & Waterfront,299,319,20,357,2022-12-01
2022-12-19,2022,Winter,Weekday,Residential & Inner-Suburban Feeder,1025,936,-89,1177,2022-12-01
2022-12-20,2022,Winter,Weekday,Commercial & Employment Core,5460,5442,-18,3817,2022-12-01
2022-12-20,2022,Winter,Weekday,Commuter-Heavy Transit Hub,451,529,78,262,2022-12-01
2022-12-20,2022,Winter,Weekday,Leisure & Waterfront,372,387,15,413,2022-12-01
2022-12-20,2022,Winter,Weekday,Residential & Inner-Suburban Feeder,1128,1044,-84,1228,2022-12-01
2022-12-21,2022,Winter,Weekday,Commercial & Employment Core,5246,5296,50,3796,2022-12-01
2022-12-21,2022,Winter,Weekday,Commuter-Heavy Transit Hub,369,437,68,249,2022-12-01
2022-12-21,2022,Winter,Weekday,Leisure & Waterfront,388,390,2,419,2022-12-01
2022-12-21,2022,Winter,Weekday,Residential & Inner-Suburban Feeder,1256,1134,-122,1309,2022-12-01
2022-12-22,2022,Winter,Weekday,Commercial & Employment Core,4805,4831,26,3472,2022-12-01
2022-12-22,2022,Winter,Weekday,Commuter-Heavy Transit Hub,306,378,72,256,2022-12-01
2022-12-22,2022,Winter,Weekday,Leisure & Waterfront,332,348,16,376,2022-12-01
2022-12-22,2022,Winter,Weekday,Residential & Inner-Suburban Feeder,1105,1010,-95,1207,2022-12-01
2022-12-23,2022,Winter,Weekday,Commercial & Employment Core,532,541,9,801,2022-12-01
2022-12-23,2022,Winter,Weekday,Commuter-Heavy Transit Hub,29,47,18,56,2022-12-01
2022-12-23,2022,Winter,Weekday,Leisure & Waterfront,43,40,-3,68,2022-12-01
2022-12-23,2022,Winter,Weekday,Residential & Inner-Suburban Feeder,144,123,-21,227,2022-12-01
2022-12-24,2022,Winter,Weekend,Commercial & Employment Core,630,636,6,892,2022-12-01
2022-12-24,2022,Winter,Weekend,Commuter-Heavy Transit Hub,11,11,0,20,2022-12-01
2022-12-24,2022,Winter,Weekend,Leisure & Waterfront,41,33,-8,58,2022-12-01
2022-12-24,2022,Winter,Weekend,Residential & Inner-Suburban Feeder,131,133,2,199,2022-12-01
2022-12-25,2022,Winter,Weekend,Commercial & Employment Core,649,660,11,927,2022-12-01
2022-12-25,2022,Winter,Weekend,Commuter-Heavy Transit Hub,28,34,6,48,2022-12-01
2022-12-25,2022,Winter,Weekend,Leisure & Waterfront,60,58,-2,85,2022-12-01
2022-12-25,2022,Winter,Weekend,Residential & Inner-Suburban Feeder,144,131,-13,203,2022-12-01
2022-12-26,2022,Winter,Weekday,Commercial & Employment Core,1386,1399,13,1589,2022-12-01
2022-12-26,2022,Winter,Weekday,Commuter-Heavy Transit Hub,57,76,19,86,2022-12-01
2022-12-26,2022,Winter,Weekday,Leisure & Waterfront,99,106,7,134,2022-12-01
2022-12-26,2022,Winter,Weekday,Residential & Inner-Suburban Feeder,285,244,-41,396,2022-12-01
2022-12-27,2022,Winter,Weekday,Commercial & Employment Core,2217,2200,-17,2274,2022-12-01
2022-12-27,2022,Winter,Weekday,Commuter-Heavy Transit Hub,90,102,12,129,2022-12-01
2022-12-27,2022,Winter,Weekday,Leisure & Waterfront,163,183,20,206,2022-12-01
2022-12-27,2022,Winter,Weekday,Residential & Inner-Suburban Feeder,445,425,-20,612,2022-12-01
2022-12-28,2022,Winter,Weekday,Commercial & Employment Core,3362,3386,24,3090,2022-12-01
2022-12-28,2022,Winter,Weekday,Commuter-Heavy Transit Hub,206,196,-10,197,2022-12-01
2022-12-28,2022,Winter,Weekday,Leisure & Waterfront,268,288,20,303,2022-12-01
2022-12-28,2022,Winter,Weekday,Residential & Inner-Suburban Feeder,702,664,-38,864,2022-12-01
2022-12-29,2022,Winter,Weekday,Commercial & Employment Core,4283,4328,45,3411,2022-12-01
2022-12-29,2022,Winter,Weekday,Commuter-Heavy Transit Hub,216,249,33,223,2022-12-01
2022-12-29,2022,Winter,Weekday,Leisure & Waterfront,454,440,-14,438,2022-12-01
2022-12-29,2022,Winter,Weekday,Residential & Inner-Suburban Feeder,896,820,-76,1057,2022-12-01
2022-12-30,2022,Winter,Weekday,Commercial & Employment Core,3976,4057,81,3315,2022-12-01
2022-12-30,2022,Winter,Weekday,Commuter-Heavy Transit Hub,209,244,35,212,2022-12-01
2022-12-30,2022,Winter,Weekday,Leisure & Waterfront,428,438,10,417,2022-12-01
2022-12-30,2022,Winter,Weekday,Residential & Inner-Suburban Feeder,868,757,-111,1007,2022-12-01
2022-12-31,2022,Winter,Weekend,Commercial & Employment Core,2107,2132,25,2209,2022-12-01
2022-12-31,2022,Winter,Weekend,Commuter-Heavy Transit Hub,70,57,-13,89,2022-12-01
2022-12-31,2022,Winter,Weekend,Leisure & Waterfront,218,273,55,265,2022-12-01
2022-12-31,2022,Winter,Weekend,Residential & Inner-Suburban Feeder,499,409,-90,603,2022-12-01
2023-01-01,2023,Winter,Weekend,Commercial & Employment Core,2603,2568,-35,2697,2023-01-01
2023-01-01,2023,Winter,Weekend,Commuter-Heavy Transit Hub,101,88,-13,112,2023-01-01
2023-01-01,2023,Winter,Weekend,Leisure & Waterfront,385,355,-30,393,2023-01-01
2023-01-01,2023,Winter,Weekend,Residential & Inner-Suburban Feeder,559,658,99,816,2023-01-01
2023-01-02,2023,Winter,Weekday,Commercial & Employment Core,3892,3930,38,3174,2023-01-01
2023-01-02,2023,Winter,Weekday,Commuter-Heavy Transit Hub,187,182,-5,179,2023-01-01
2023-01-02,2023,Winter,Weekday,Leisure & Waterfront,463,492,29,458,2023-01-01
2023-01-02,2023,Winter,Weekday,Residential & Inner-Suburban Feeder,897,834,-63,1028,2023-01-01
2023-01-03,2023,Winter,Weekday,Commercial & Employment Core,3890,3975,85,3280,2023-01-01
2023-01-03,2023,Winter,Weekday,Commuter-Heavy Transit Hub,265,310,45,212,2023-01-01
2023-01-03,2023,Winter,Weekday,Leisure & Waterfront,263,270,7,304,2023-01-01
2023-01-03,2023,Winter,Weekday,Residential & Inner-Suburban Feeder,882,748,-134,1007,2023-01-01
2023-01-04,2023,Winter,Weekday,Commercial & Employment Core,2492,2569,77,2668,2023-01-01
2023-01-04,2023,Winter,Weekday,Commuter-Heavy Transit Hub,191,274,83,203,2023-01-01
2023-01-04,2023,Winter,Weekday,Leisure & Waterfront,146,140,-6,203,2023-01-01
2023-01-04,2023,Winter,Weekday,Residential & Inner-Suburban Feeder,624,471,-153,791,2023-01-01
2023-01-05,2023,Winter,Weekday,Commercial & Employment Core,4622,4642,20,3538,2023-01-01
2023-01-05,2023,Winter,Weekday,Commuter-Heavy Transit Hub,341,338,-3,233,2023-01-01
2023-01-05,2023,Winter,Weekday,Leisure & Waterfront,336,364,28,382,2023-01-01
2023-01-05,2023,Winter,Weekday,Residential & Inner-Suburban Feeder,952,900,-52,1118,2023-01-01
2023-01-06,2023,Winter,Weekday,Commercial & Employment Core,5287,5298,11,3816,2023-01-01
2023-01-06,2023,Winter,Weekday,Commuter-Heavy Transit Hub,331,369,38,245,2023-01-01
2023-01-06,2023,Winter,Weekday,Leisure & Waterfront,351,387,36,419,2023-01-01
2023-01-06,2023,Winter,Weekday,Residential & Inner-Suburban Feeder,1151,1044,-107,1265,2023-01-01
2023-01-07,2023,Winter,Weekend,Commercial & Employment Core,4583,4632,49,3582,2023-01-01
2023-01-07,2023,Winter,Weekend,Commuter-Heavy Transit Hub,154,192,38,191,2023-01-01
2023-01-07,2023,Winter,Weekend,Leisure & Waterfront,473,475,2,459,2023-01-01
2023-01-07,2023,Winter,Weekend,Residential & Inner-Suburban Feeder,1016,941,-75,1111,2023-01-01
2023-01-08,2023,Winter,Weekend,Commercial & Employment Core,3897,3882,-15,3300,2023-01-01
2023-01-08,2023,Winter,Weekend,Commuter-Heavy Transit Hub,131,129,-2,153,2023-01-01
2023-01-08,2023,Winter,Weekend,Leisure & Waterfront,286,308,22,349,2023-01-01
2023-01-08,2023,Winter,Weekend,Residential & Inner-Suburban Feeder,756,765,9,962,2023-01-01
2023-01-09,2023,Winter,Weekday,Commercial & Employment Core,5084,5145,61,3593,2023-01-01
2023-01-09,2023,Winter,Weekday,Commuter-Heavy Transit Hub,457,439,-18,229,2023-01-01
2023-01-09,2023,Winter,Weekday,Leisure & Waterfront,323,331,8,377,2023-01-01
2023-01-09,2023,Winter,Weekday,Residential & Inner-Suburban Feeder,1040,991,-49,1166,2023-01-01
2023-01-10,2023,Winter,Weekday,Commercial & Employment Core,5841,5792,-49,3843,2023-01-01
2023-01-10,2023,Winter,Weekday,Commuter-Heavy Transit Hub,558,618,60,266,2023-01-01
2023-01-10,2023,Winter,Weekday,Leisure & Waterfront,363,344,-19,393,2023-01-01
2023-01-10,2023,Winter,Weekday,Residential & Inner-Suburban Feeder,1160,1159,-1,1267,2023-01-01
2023-01-11,2023,Winter,Weekday,Commercial & Employment Core,5348,5344,-4,3685,2023-01-01
2023-01-11,2023,Winter,Weekday,Commuter-Heavy Transit Hub,512,566,54,259,2023-01-01
2023-01-11,2023,Winter,Weekday,Leisure & Waterfront,332,359,27,399,2023-01-01
2023-01-11,2023,Winter,Weekday,Residential & Inner-Suburban Feeder,1150,1079,-71,1228,2023-01-01
2023-01-12,2023,Winter,Weekday,Commercial & Employment Core,4538,4614,76,3411,2023-01-01
2023-01-12,2023,Winter,Weekday,Commuter-Heavy Transit Hub,425,496,71,254,2023-01-01
2023-01-12,2023,Winter,Weekday,Leisure & Waterfront,274,271,-3,333,2023-01-01
2023-01-12,2023,Winter,Weekday,Residential & Inner-Suburban Feeder,923,783,-140,994,2023-01-01
2023-01-13,2023,Winter,Weekday,Commercial & Employment Core,2383,2383,0,2399,2023-01-01
2023-01-13,2023,Winter,Weekday,Commuter-Heavy Transit Hub,244,237,-7,199,2023-01-01
2023-01-13,2023,Winter,Weekday,Leisure & Waterfront,117,124,7,164,2023-01-01
2023-01-13,2023,Winter,Weekday,Residential & Inner-Suburban Feeder,387,379,-8,559,2023-01-01
2023-01-14,2023,Winter,Weekend,Commercial & Employment Core,2970,2969,-1,2672,2023-01-01
2023-01-14,2023,Winter,Weekend,Commuter-Heavy Transit Hub,146,146,0,150,2023-01-01
2023-01-14,2023,Winter,Weekend,Leisure & Waterfront,176,195,19,228,2023-01-01
2023-01-14,2023,Winter,Weekend,Residential & Inner-Suburban Feeder,515,501,-14,650,2023-01-01
2023-01-15,2023,Winter,Weekend,Commercial & Employment Core,3504,3468,-36,2917,2023-01-01
2023-01-15,2023,Winter,Weekend,Commuter-Heavy Transit Hub,124,116,-8,138,2023-01-01
2023-01-15,2023,Winter,Weekend,Leisure & Waterfront,349,366,17,344,2023-01-01
2023-01-15,2023,Winter,Weekend,Residential & Inner-Suburban Feeder,570,595,25,765,2023-01-01
2023-01-16,2023,Winter,Weekday,Commercial & Employment Core,4846,4847,1,3470,2023-01-01
2023-01-16,2023,Winter,Weekday,Commuter-Heavy Transit Hub,452,452,0,244,2023-01-01
2023-01-16,2023,Winter,Weekday,Leisure & Waterfront,319,331,12,354,2023-01-01
2023-01-16,2023,Winter,Weekday,Residential & Inner-Suburban Feeder,956,947,-9,1089,2023-01-01
2023-01-17,2023,Winter,Weekday,Commercial & Employment Core,4472,4424,-48,3290,2023-01-01
2023-01-17,2023,Winter,Weekday,Commuter-Heavy Transit Hub,455,537,82,247,2023-01-01
2023-01-17,2023,Winter,Weekday,Leisure & Waterfront,244,250,6,298,2023-01-01
2023-01-17,2023,Winter,Weekday,Residential & Inner-Suburban Feeder,866,810,-56,996,2023-01-01
2023-01-18,2023,Winter,Weekday,Commercial & Employment Core,6291,6328,37,3885,2023-01-01
2023-01-18,2023,Winter,Weekday,Commuter-Heavy Transit Hub,584,619,35,280,2023-01-01
2023-01-18,2023,Winter,Weekday,Leisure & Waterfront,425,418,-7,423,2023-01-01
2023-01-18,2023,Winter,Weekday,Residential & Inner-Suburban Feeder,1244,1179,-65,1293,2023-01-01
2023-01-19,2023,Winter,Weekday,Commercial & Employment Core,4039,4086,47,3378,2023-01-01
2023-01-19,2023,Winter,Weekday,Commuter-Heavy Transit Hub,425,510,85,266,2023-01-01
2023-01-19,2023,Winter,Weekday,Leisure & Waterfront,183,210,27,264,2023-01-01
2023-01-19,2023,Winter,Weekday,Residential & Inner-Suburban Feeder,874,716,-158,977,2023-01-01
2023-01-20,2023,Winter,Weekday,Commercial & Employment Core,5676,5786,110,3848,2023-01-01
2023-01-20,2023,Winter,Weekday,Commuter-Heavy Transit Hub,438,460,22,265,2023-01-01
2023-01-20,2023,Winter,Weekday,Leisure & Waterfront,328,347,19,366,2023-01-01
2023-01-20,2023,Winter,Weekday,Residential & Inner-Suburban Feeder,1164,1005,-159,1220,2023-01-01
2023-01-21,2023,Winter,Weekend,Commercial & Employment Core,5186,5217,31,3711,2023-01-01
2023-01-21,2023,Winter,Weekend,Commuter-Heavy Transit Hub,231,249,18,207,2023-01-01
2023-01-21,2023,Winter,Weekend,Leisure & Waterfront,400,402,2,428,2023-01-01
2023-01-21,2023,Winter,Weekend,Residential & Inner-Suburban Feeder,990,938,-52,1127,2023-01-01
2023-01-22,2023,Winter,Weekend,Commercial & Employment Core,2925,2960,35,2834,2023-01-01
2023-01-22,2023,Winter,Weekend,Commuter-Heavy Transit Hub,148,129,-19,156,2023-01-01
2023-01-22,2023,Winter,Weekend,Leisure & Waterfront,225,229,4,295,2023-01-01
2023-01-22,2023,Winter,Weekend,Residential & Inner-Suburban Feeder,582,591,9,767,2023-01-01
2023-01-23,2023,Winter,Weekday,Commercial & Employment Core,4986,4965,-21,3454,2023-01-01
2023-01-23,2023,Winter,Weekday,Commuter-Heavy Transit Hub,535,459,-76,251,2023-01-01
2023-01-23,2023,Winter,Weekday,Leisure & Waterfront,272,282,10,323,2023-01-01
2023-01-23,2023,Winter,Weekday,Residential & Inner-Suburban Feeder,821,899,78,1011,2023-01-01
2023-01-24,2023,Winter,Weekday,Commercial & Employment Core,5974,5890,-84,3756,2023-01-01
2023-01-24,2023,Winter,Weekday,Commuter-Heavy Transit Hub,584,621,37,276,2023-01-01
2023-01-24,2023,Winter,Weekday,Leisure & Waterfront,340,358,18,397,2023-01-01
2023-01-24,2023,Winter,Weekday,Residential & Inner-Suburban Feeder,1106,1131,25,1232,2023-01-01
2023-01-25,2023,Winter,Weekday,Commercial & Employment Core,2382,2390,8,2241,2023-01-01
2023-01-25,2023,Winter,Weekday,Commuter-Heavy Transit Hub,166,426,260,189,2023-01-01
2023-01-25,2023,Winter,Weekday,Leisure & Waterfront,145,164,19,193,2023-01-01
2023-01-25,2023,Winter,Weekday,Residential & Inner-Suburban Feeder,616,339,-277,603,2023-01-01
2023-01-26,2023,Winter,Weekday,Commercial & Employment Core,2847,2866,19,2564,2023-01-01
2023-01-26,2023,Winter,Weekday,Commuter-Heavy Transit Hub,303,221,-82,209,2023-01-01
2023-01-26,2023,Winter,Weekday,Leisure & Waterfront,166,179,13,211,2023-01-01
2023-01-26,2023,Winter,Weekday,Residential & Inner-Suburban Feeder,425,472,47,593,2023-01-01
2023-01-27,2023,Winter,Weekday,Commercial & Employment Core,3944,3999,55,3174,2023-01-01
2023-01-27,2023,Winter,Weekday,Commuter-Heavy Transit Hub,362,375,13,247,2023-01-01
2023-01-27,2023,Winter,Weekday,Leisure & Waterfront,213,236,23,257,2023-01-01
2023-01-27,2023,Winter,Weekday,Residential & Inner-Suburban Feeder,665,568,-97,751,2023-01-01
2023-01-28,2023,Winter,Weekend,Commercial & Employment Core,4015,3959,-56,3240,2023-01-01
2023-01-28,2023,Winter,Weekend,Commuter-Heavy Transit Hub,147,185,38,185,2023-01-01
2023-01-28,2023,Winter,Weekend,Leisure & Waterfront,275,300,25,313,2023-01-01
2023-01-28,2023,Winter,Weekend,Residential & Inner-Suburban Feeder,606,596,-10,772,2023-01-01
2023-01-29,2023,Winter,Weekend,Commercial & Employment Core,2448,2421,-27,2405,2023-01-01
2023-01-29,2023,Winter,Weekend,Commuter-Heavy Transit Hub,102,103,1,131,2023-01-01
2023-01-29,2023,Winter,Weekend,Leisure & Waterfront,124,130,6,183,2023-01-01
2023-01-29,2023,Winter,Weekend,Residential & Inner-Suburban Feeder,357,383,26,524,2023-01-01
2023-01-30,2023,Winter,Weekday,Commercial & Employment Core,4242,4230,-12,3285,2023-01-01
2023-01-30,2023,Winter,Weekday,Commuter-Heavy Transit Hub,398,402,4,253,2023-01-01
2023-01-30,2023,Winter,Weekday,Leisure & Waterfront,223,230,7,280,2023-01-01
2023-01-30,2023,Winter,Weekday,Residential & Inner-Suburban Feeder,736,734,-2,868,2023-01-01
2023-01-31,2023,Winter,Weekday,Commercial & Employment Core,4499,4512,13,3322,2023-01-01
2023-01-31,2023,Winter,Weekday,Commuter-Heavy Transit Hub,510,508,-2,278,2023-01-01
2023-01-31,2023,Winter,Weekday,Leisure & Waterfront,246,237,-9,280,2023-01-01
2023-01-31,2023,Winter,Weekday,Residential & Inner-Suburban Feeder,773,775,2,913,2023-01-01
2023-02-01,2023,Winter,Weekday,Commercial & Employment Core,4286,4294,8,3349,2023-02-01
2023-02-01,2023,Winter,Weekday,Commuter-Heavy Transit Hub,476,482,6,276,2023-02-01
2023-02-01,2023,Winter,Weekday,Leisure & Waterfront,219,240,21,277,2023-02-01
2023-02-01,2023,Winter,Weekday,Residential & Inner-Suburban Feeder,750,717,-33,904,2023-02-01
2023-02-02,2023,Winter,Weekday,Commercial & Employment Core,4550,4553,3,3408,2023-02-01
2023-02-02,2023,Winter,Weekday,Commuter-Heavy Transit Hub,460,501,41,262,2023-02-01
2023-02-02,2023,Winter,Weekday,Leisure & Waterfront,219,233,14,275,2023-02-01
2023-02-02,2023,Winter,Weekday,Residential & Inner-Suburban Feeder,843,786,-57,971,2023-02-01
2023-02-03,2023,Winter,Weekday,Commercial & Employment Core,2281,2283,2,2451,2023-02-01
2023-02-03,2023,Winter,Weekday,Commuter-Heavy Transit Hub,245,266,21,233,2023-02-01
2023-02-03,2023,Winter,Weekday,Leisure & Waterfront,134,139,5,185,2023-02-01
2023-02-03,2023,Winter,Weekday,Residential & Inner-Suburban Feeder,405,380,-25,565,2023-02-01
2023-02-04,2023,Winter,Weekend,Commercial & Employment Core,1937,1932,-5,2047,2023-02-01
2023-02-04,2023,Winter,Weekend,Commuter-Heavy Transit Hub,76,74,-2,98,2023-02-01
2023-02-04,2023,Winter,Weekend,Leisure & Waterfront,84,105,21,144,2023-02-01
2023-02-04,2023,Winter,Weekend,Residential & Inner-Suburban Feeder,348,320,-28,486,2023-02-01
2023-02-05,2023,Winter,Weekend,Commercial & Employment Core,3973,3987,14,3128,2023-02-01
2023-02-05,2023,Winter,Weekend,Commuter-Heavy Transit Hub,161,148,-13,167,2023-02-01
2023-02-05,2023,Winter,Weekend,Leisure & Waterfront,283,311,28,329,2023-02-01
2023-02-05,2023,Winter,Weekend,Residential & Inner-Suburban Feeder,712,683,-29,867,2023-02-01
2023-02-06,2023,Winter,Weekday,Commercial & Employment Core,4875,4928,53,3531,2023-02-01
2023-02-06,2023,Winter,Weekday,Commuter-Heavy Transit Hub,473,474,1,256,2023-02-01
2023-02-06,2023,Winter,Weekday,Leisure & Waterfront,309,309,0,376,2023-02-01
2023-02-06,2023,Winter,Weekday,Residential & Inner-Suburban Feeder,938,888,-50,1078,2023-02-01
2023-02-07,2023,Winter,Weekday,Commercial & Employment Core,6082,6022,-60,3787,2023-02-01
2023-02-07,2023,Winter,Weekday,Commuter-Heavy Transit Hub,544,606,62,255,2023-02-01
2023-02-07,2023,Winter,Weekday,Leisure & Waterfront,371,361,-10,383,2023-02-01
2023-02-07,2023,Winter,Weekday,Residential & Inner-Suburban Feeder,1075,1084,9,1157,2023-02-01
2023-02-08,2023,Winter,Weekday,Commercial & Employment Core,6616,6596,-20,4029,2023-02-01
2023-02-08,2023,Winter,Weekday,Commuter-Heavy Transit Hub,590,676,86,285,2023-02-01
2023-02-08,2023,Winter,Weekday,Leisure & Waterfront,492,509,17,466,2023-02-01
2023-02-08,2023,Winter,Weekday,Residential & Inner-Suburban Feeder,1361,1267,-94,1328,2023-02-01
2023-02-09,2023,Winter,Weekday,Commercial & Employment Core,2684,2680,-4,2684,2023-02-01
2023-02-09,2023,Winter,Weekday,Commuter-Heavy Transit Hub,283,257,-26,234,2023-02-01
2023-02-09,2023,Winter,Weekday,Leisure & Waterfront,126,143,17,187,2023-02-01
2023-02-09,2023,Winter,Weekday,Residential & Inner-Suburban Feeder,471,496,25,707,2023-02-01
2023-02-10,2023,Winter,Weekday,Commercial & Employment Core,5881,5942,61,3859,2023-02-01
2023-02-10,2023,Winter,Weekday,Commuter-Heavy Transit Hub,487,537,50,281,2023-02-01
2023-02-10,2023,Winter,Weekday,Leisure & Waterfront,356,377,21,404,2023-02-01
2023-02-10,2023,Winter,Weekday,Residential & Inner-Suburban Feeder,1154,1014,-140,1218,2023-02-01
2023-02-11,2023,Winter,Weekend,Commercial & Employment Core,5318,5300,-18,3640,2023-02-01
2023-02-11,2023,Winter,Weekend,Commuter-Heavy Transit Hub,213,231,18,207,2023-02-01
2023-02-11,2023,Winter,Weekend,Leisure & Waterfront,456,512,56,453,2023-02-01
2023-02-11,2023,Winter,Weekend,Residential & Inner-Suburban Feeder,945,883,-62,1061,2023-02-01
2023-02-12,2023,Winter,Weekend,Commercial & Employment Core,5778,5756,-22,3725,2023-02-01
2023-02-12,2023,Winter,Weekend,Commuter-Heavy Transit Hub,212,212,0,209,2023-02-01
2023-02-12,2023,Winter,Weekend,Leisure & Waterfront,1045,1078,33,646,2023-02-01
2023-02-12,2023,Winter,Weekend,Residential & Inner-Suburban Feeder,1101,1099,-2,1197,2023-02-01
2023-02-13,2023,Winter,Weekday,Commercial & Employment Core,6037,6042,5,3899,2023-02-01
2023-02-13,2023,Winter,Weekday,Commuter-Heavy Transit Hub,539,568,29,263,2023-02-01
2023-02-13,2023,Winter,Weekday,Leisure & Waterfront,468,491,23,494,2023-02-01
2023-02-13,2023,Winter,Weekday,Residential & Inner-Suburban Feeder,1223,1169,-54,1317,2023-02-01
2023-02-14,2023,Winter,Weekday,Commercial & Employment Core,7206,7199,-7,4056,2023-02-01
2023-02-14,2023,Winter,Weekday,Commuter-Heavy Transit Hub,589,660,71,273,2023-02-01
2023-02-14,2023,Winter,Weekday,Leisure & Waterfront,578,635,57,561,2023-02-01
2023-02-14,2023,Winter,Weekday,Residential & Inner-Suburban Feeder,1478,1336,-142,1415,2023-02-01
2023-02-15,2023,Winter,Weekday,Commercial & Employment Core,7088,7070,-18,4099,2023-02-01
2023-02-15,2023,Winter,Weekday,Commuter-Heavy Transit Hub,657,710,53,283,2023-02-01
2023-02-15,2023,Winter,Weekday,Leisure & Waterfront,535,547,12,496,2023-02-01
2023-02-15,2023,Winter,Weekday,Residential & Inner-Suburban Feeder,1401,1369,-32,1354,2023-02-01
2023-02-16,2023,Winter,Weekday,Commercial & Employment Core,5509,5575,66,3689,2023-02-01
2023-02-16,2023,Winter,Weekday,Commuter-Heavy Transit Hub,530,666,136,263,2023-02-01
2023-02-16,2023,Winter,Weekday,Leisure & Waterfront,387,418,31,418,2023-02-01
2023-02-16,2023,Winter,Weekday,Residential & Inner-Suburban Feeder,1139,915,-224,1145,2023-02-01
2023-02-17,2023,Winter,Weekday,Commercial & Employment Core,4336,4315,-21,3222,2023-02-01
2023-02-17,2023,Winter,Weekday,Commuter-Heavy Transit Hub,351,395,44,253,2023-02-01
2023-02-17,2023,Winter,Weekday,Leisure & Waterfront,243,250,7,285,2023-02-01
2023-02-17,2023,Winter,Weekday,Residential & Inner-Suburban Feeder,723,692,-31,863,2023-02-01
2023-02-18,2023,Winter,Weekend,Commercial & Employment Core,4897,4926,29,3402,2023-02-01
2023-02-18,2023,Winter,Weekend,Commuter-Heavy Transit Hub,190,218,28,204,2023-02-01
2023-02-18,2023,Winter,Weekend,Leisure & Waterfront,396,435,39,411,2023-02-01
2023-02-18,2023,Winter,Weekend,Residential & Inner-Suburban Feeder,903,802,-101,974,2023-02-01
2023-02-19,2023,Winter,Weekend,Commercial & Employment Core,5637,5642,5,3609,2023-02-01
2023-02-19,2023,Winter,Weekend,Commuter-Heavy Transit Hub,205,205,0,207,2023-02-01
2023-02-19,2023,Winter,Weekend,Leisure & Waterfront,803,854,51,549,2023-02-01
2023-02-19,2023,Winter,Weekend,Residential & Inner-Suburban Feeder,1022,947,-75,1082,2023-02-01
2023-02-20,2023,Winter,Weekday,Commercial & Employment Core,5119,5051,-68,3469,2023-02-01
2023-02-20,2023,Winter,Weekday,Commuter-Heavy Transit Hub,186,209,23,191,2023-02-01
2023-02-20,2023,Winter,Weekday,Leisure & Waterfront,1080,1126,46,597,2023-02-01
2023-02-20,2023,Winter,Weekday,Residential & Inner-Suburban Feeder,977,998,21,1080,2023-02-01
2023-02-21,2023,Winter,Weekday,Commercial & Employment Core,5613,5582,-31,3789,2023-02-01
2023-02-21,2023,Winter,Weekday,Commuter-Heavy Transit Hub,450,510,60,248,2023-02-01
2023-02-21,2023,Winter,Weekday,Leisure & Waterfront,358,382,24,386,2023-02-01
2023-02-21,2023,Winter,Weekday,Residential & Inner-Suburban Feeder,1128,1073,-55,1243,2023-02-01
2023-02-22,2023,Winter,Weekday,Commercial & Employment Core,2889,2905,16,2690,2023-02-01
2023-02-22,2023,Winter,Weekday,Commuter-Heavy Transit Hub,203,416,213,212,2023-02-01
2023-02-22,2023,Winter,Weekday,Leisure & Waterfront,163,175,12,213,2023-02-01
2023-02-22,2023,Winter,Weekday,Residential & Inner-Suburban Feeder,690,465,-225,752,2023-02-01
2023-02-23,2023,Winter,Weekday,Commercial & Employment Core,919,918,-1,1278,2023-02-01
2023-02-23,2023,Winter,Weekday,Commuter-Heavy Transit Hub,82,80,-2,116,2023-02-01
2023-02-23,2023,Winter,Weekday,Leisure & Waterfront,81,75,-6,107,2023-02-01
2023-02-23,2023,Winter,Weekday,Residential & Inner-Suburban Feeder,149,157,8,253,2023-02-01
2023-02-24,2023,Winter,Weekday,Commercial & Employment Core,2215,2201,-14,2309,2023-02-01
2023-02-24,2023,Winter,Weekday,Commuter-Heavy Transit Hub,155,178,23,183,2023-02-01
2023-02-24,2023,Winter,Weekday,Leisure & Waterfront,137,172,35,203,2023-02-01
2023-02-24,2023,Winter,Weekday,Residential & Inner-Suburban Feeder,409,355,-54,535,2023-02-01
2023-02-25,2023,Winter,Weekend,Commercial & Employment Core,1914,1933,19,2074,2023-02-01
2023-02-25,2023,Winter,Weekend,Commuter-Heavy Transit Hub,63,70,7,100,2023-02-01
2023-02-25,2023,Winter,Weekend,Leisure & Waterfront,109,113,4,159,2023-02-01
2023-02-25,2023,Winter,Weekend,Residential & Inner-Suburban Feeder,345,310,-35,452,2023-02-01
2023-02-26,2023,Winter,Weekend,Commercial & Employment Core,3438,3416,-22,2860,2023-02-01
2023-02-26,2023,Winter,Weekend,Commuter-Heavy Transit Hub,151,144,-7,149,2023-02-01
2023-02-26,2023,Winter,Weekend,Leisure & Waterfront,260,279,19,294,2023-02-01
2023-02-26,2023,Winter,Weekend,Residential & Inner-Suburban Feeder,545,563,18,743,2023-02-01
2023-02-27,2023,Winter,Weekday,Commercial & Employment Core,2658,2676,18,2403,2023-02-01
2023-02-27,2023,Winter,Weekday,Commuter-Heavy Transit Hub,217,344,127,193,2023-02-01
2023-02-27,2023,Winter,Weekday,Leisure & Waterfront,149,156,7,189,2023-02-01
2023-02-27,2023,Winter,Weekday,Residential & Inner-Suburban Feeder,557,412,-145,629,2023-02-01
2023-02-28,2023,Winter,Weekday,Commercial & Employment Core,3890,3854,-36,2977,2023-02-01
2023-02-28,2023,Winter,Weekday,Commuter-Heavy Transit Hub,374,345,-29,231,2023-02-01
2023-02-28,2023,Winter,Weekday,Leisure & Waterfront,193,206,13,240,2023-02-01
2023-02-28,2023,Winter,Weekday,Residential & Inner-Suburban Feeder,601,639,38,772,2023-02-01
2023-03-01,2023,Spring,Weekday,Commercial & Employment Core,5041,5018,-23,3596,2023-03-01
2023-03-01,2023,Spring,Weekday,Commuter-Heavy Transit Hub,479,501,22,273,2023-03-01
2023-03-01,2023,Spring,Weekday,Leisure & Waterfront,263,298,35,324,2023-03-01
2023-03-01,2023,Spring,Weekday,Residential & Inner-Suburban Feeder,897,860,-37,1025,2023-03-01
2023-03-02,2023,Spring,Weekday,Commercial & Employment Core,5718,5785,67,3795,2023-03-01
2023-03-02,2023,Spring,Weekday,Commuter-Heavy Transit Hub,511,579,68,284,2023-03-01
2023-03-02,2023,Spring,Weekday,Leisure & Waterfront,334,343,9,363,2023-03-01
2023-03-02,2023,Spring,Weekday,Residential & Inner-Suburban Feeder,1113,974,-139,1167,2023-03-01
2023-03-03,2023,Spring,Weekday,Commercial & Employment Core,4145,4240,95,3115,2023-03-01
2023-03-03,2023,Spring,Weekday,Commuter-Heavy Transit Hub,372,430,58,236,2023-03-01
2023-03-03,2023,Spring,Weekday,Leisure & Waterfront,182,218,36,252,2023-03-01
2023-03-03,2023,Spring,Weekday,Residential & Inner-Suburban Feeder,865,691,-174,925,2023-03-01
2023-03-04,2023,Spring,Weekend,Commercial & Employment Core,2155,2133,-22,1989,2023-03-01
2023-03-04,2023,Spring,Weekend,Commuter-Heavy Transit Hub,85,79,-6,100,2023-03-01
2023-03-04,2023,Spring,Weekend,Leisure & Waterfront,230,217,-13,215,2023-03-01
2023-03-04,2023,Spring,Weekend,Residential & Inner-Suburban Feeder,342,366,24,483,2023-03-01
2023-03-05,2023,Spring,Weekend,Commercial & Employment Core,3971,3957,-14,3161,2023-03-01
2023-03-05,2023,Spring,Weekend,Commuter-Heavy Transit Hub,142,133,-9,142,2023-03-01
2023-03-05,2023,Spring,Weekend,Leisure & Waterfront,380,391,11,378,2023-03-01
2023-03-05,2023,Spring,Weekend,Residential & Inner-Suburban Feeder,668,687,19,791,2023-03-01
2023-03-06,2023,Spring,Weekday,Commercial & Employment Core,4969,4943,-26,3460,2023-03-01
2023-03-06,2023,Spring,Weekday,Commuter-Heavy Transit Hub,432,475,43,262,2023-03-01
2023-03-06,2023,Spring,Weekday,Leisure & Waterfront,315,333,18,338,2023-03-01
2023-03-06,2023,Spring,Weekday,Residential & Inner-Suburban Feeder,889,850,-39,1009,2023-03-01
2023-03-07,2023,Spring,Weekday,Commercial & Employment Core,5401,5338,-63,3623,2023-03-01
2023-03-07,2023,Spring,Weekday,Commuter-Heavy Transit Hub,475,557,82,270,2023-03-01
2023-03-07,2023,Spring,Weekday,Leisure & Waterfront,341,359,18,375,2023-03-01
2023-03-07,2023,Spring,Weekday,Residential & Inner-Suburban Feeder,964,917,-47,1065,2023-03-01
2023-03-08,2023,Spring,Weekday,Commercial & Employment Core,5759,5732,-27,3699,2023-03-01
2023-03-08,2023,Spring,Weekday,Commuter-Heavy Transit Hub,500,543,43,252,2023-03-01
2023-03-08,2023,Spring,Weekday,Leisure & Waterfront,427,426,-1,414,2023-03-01
2023-03-08,2023,Spring,Weekday,Residential & Inner-Suburban Feeder,1077,1075,-2,1165,2023-03-01
2023-03-09,2023,Spring,Weekday,Commercial & Employment Core,6077,6088,11,3863,2023-03-01
2023-03-09,2023,Spring,Weekday,Commuter-Heavy Transit Hub,512,564,52,269,2023-03-01
2023-03-09,2023,Spring,Weekday,Leisure & Waterfront,430,466,36,445,2023-03-01
2023-03-09,2023,Spring,Weekday,Residential & Inner-Suburban Feeder,1200,1088,-112,1188,2023-03-01
2023-03-10,2023,Spring,Weekday,Commercial & Employment Core,2271,2339,68,2401,2023-03-01
2023-03-10,2023,Spring,Weekday,Commuter-Heavy Transit Hub,161,308,147,188,2023-03-01
2023-03-10,2023,Spring,Weekday,Leisure & Waterfront,99,121,22,145,2023-03-01
2023-03-10,2023,Spring,Weekday,Residential & Inner-Suburban Feeder,534,318,-216,582,2023-03-01
2023-03-11,2023,Spring,Weekend,Commercial & Employment Core,3614,3588,-26,2832,2023-03-01
2023-03-11,2023,Spring,Weekend,Commuter-Heavy Transit Hub,138,138,0,144,2023-03-01
2023-03-11,2023,Spring,Weekend,Leisure & Waterfront,293,339,46,325,2023-03-01
2023-03-11,2023,Spring,Weekend,Residential & Inner-Suburban Feeder,616,568,-48,715,2023-03-01
2023-03-12,2023,Spring,Weekend,Commercial & Employment Core,3493,3489,-4,2839,2023-03-01
2023-03-12,2023,Spring,Weekend,Commuter-Heavy Transit Hub,113,122,9,138,2023-03-01
2023-03-12,2023,Spring,Weekend,Leisure & Waterfront,231,240,9,289,2023-03-01
2023-03-12,2023,Spring,Weekend,Residential & Inner-Suburban Feeder,599,605,6,756,2023-03-01
2023-03-13,2023,Spring,Weekday,Commercial & Employment Core,3693,3714,21,3077,2023-03-01
2023-03-13,2023,Spring,Weekday,Commuter-Heavy Transit Hub,319,303,-16,217,2023-03-01
2023-03-13,2023,Spring,Weekday,Leisure & Waterfront,198,215,17,255,2023-03-01
2023-03-13,2023,Spring,Weekday,Residential & Inner-Suburban Feeder,705,681,-24,867,2023-03-01
2023-03-14,2023,Spring,Weekday,Commercial & Employment Core,4733,4732,-1,3477,2023-03-01
2023-03-14,2023,Spring,Weekday,Commuter-Heavy Transit Hub,408,435,27,259,2023-03-01
2023-03-14,2023,Spring,Weekday,Leisure & Waterfront,271,275,4,300,2023-03-01
2023-03-14,2023,Spring,Weekday,Residential & Inner-Suburban Feeder,853,819,-34,1003,2023-03-01
2023-03-15,2023,Spring,Weekday,Commercial & Employment Core,5812,5841,29,3743,2023-03-01
2023-03-15,2023,Spring,Weekday,Commuter-Heavy Transit Hub,500,516,16,264,2023-03-01
2023-03-15,2023,Spring,Weekday,Leisure & Waterfront,449,455,6,416,2023-03-01
2023-03-15,2023,Spring,Weekday,Residential & Inner-Suburban Feeder,1093,1049,-44,1154,2023-03-01
2023-03-16,2023,Spring,Weekday,Commercial & Employment Core,6522,6508,-14,3921,2023-03-01
2023-03-16,2023,Spring,Weekday,Commuter-Heavy Transit Hub,549,619,70,276,2023-03-01
2023-03-16,2023,Spring,Weekday,Leisure & Waterfront,543,565,22,475,2023-03-01
2023-03-16,2023,Spring,Weekday,Residential & Inner-Suburban Feeder,1261,1168,-93,1255,2023-03-01
2023-03-17,2023,Spring,Weekday,Commercial & Employment Core,4764,4814,50,3371,2023-03-01
2023-03-17,2023,Spring,Weekday,Commuter-Heavy Transit Hub,352,313,-39,231,2023-03-01
2023-03-17,2023,Spring,Weekday,Leisure & Waterfront,266,300,34,313,2023-03-01
2023-03-17,2023,Spring,Weekday,Residential & Inner-Suburban Feeder,815,752,-63,943,2023-03-01
2023-03-18,2023,Spring,Weekend,Commercial & Employment Core,4364,4416,52,3473,2023-03-01
2023-03-18,2023,Spring,Weekend,Commuter-Heavy Transit Hub,170,183,13,182,2023-03-01
2023-03-18,2023,Spring,Weekend,Leisure & Waterfront,364,402,38,383,2023-03-01
2023-03-18,2023,Spring,Weekend,Residential & Inner-Suburban Feeder,799,729,-70,970,2023-03-01
2023-03-19,2023,Spring,Weekend,Commercial & Employment Core,3525,3546,21,2926,2023-03-01
2023-03-19,2023,Spring,Weekend,Commuter-Heavy Transit Hub,133,121,-12,134,2023-03-01
2023-03-19,2023,Spring,Weekend,Leisure & Waterfront,274,285,11,321,2023-03-01
2023-03-19,2023,Spring,Weekend,Residential & Inner-Suburban Feeder,595,572,-23,753,2023-03-01
2023-03-20,2023,Spring,Weekday,Commercial & Employment Core,5911,5907,-4,3752,2023-03-01
2023-03-20,2023,Spring,Weekday,Commuter-Heavy Transit Hub,503,510,7,261,2023-03-01
2023-03-20,2023,Spring,Weekday,Leisure & Waterfront,522,574,52,521,2023-03-01
2023-03-20,2023,Spring,Weekday,Residential & Inner-Suburban Feeder,1196,1139,-57,1243,2023-03-01
2023-03-21,2023,Spring,Weekday,Commercial & Employment Core,7580,7552,-28,4157,2023-03-01
2023-03-21,2023,Spring,Weekday,Commuter-Heavy Transit Hub,635,670,35,281,2023-03-01
2023-03-21,2023,Spring,Weekday,Leisure & Waterfront,641,701,60,559,2023-03-01
2023-03-21,2023,Spring,Weekday,Residential & Inner-Suburban Feeder,1525,1456,-69,1442,2023-03-01
2023-03-22,2023,Spring,Weekday,Commercial & Employment Core,6982,6959,-23,4126,2023-03-01
2023-03-22,2023,Spring,Weekday,Commuter-Heavy Transit Hub,598,632,34,287,2023-03-01
2023-03-22,2023,Spring,Weekday,Leisure & Waterfront,496,551,55,491,2023-03-01
2023-03-22,2023,Spring,Weekday,Residential & Inner-Suburban Feeder,1455,1365,-90,1435,2023-03-01
2023-03-23,2023,Spring,Weekday,Commercial & Employment Core,6070,6028,-42,3779,2023-03-01
2023-03-23,2023,Spring,Weekday,Commuter-Heavy Transit Hub,471,466,-5,263,2023-03-01
2023-03-23,2023,Spring,Weekday,Leisure & Waterfront,422,452,30,408,2023-03-01
2023-03-23,2023,Spring,Weekday,Residential & Inner-Suburban Feeder,1116,1156,40,1217,2023-03-01
2023-03-24,2023,Spring,Weekday,Commercial & Employment Core,7176,7190,14,4212,2023-03-01
2023-03-24,2023,Spring,Weekday,Commuter-Heavy Transit Hub,482,557,75,275,2023-03-01
2023-03-24,2023,Spring,Weekday,Leisure & Waterfront,649,689,40,565,2023-03-01
2023-03-24,2023,Spring,Weekday,Residential & Inner-Suburban Feeder,1479,1319,-160,1402,2023-03-01
2023-03-25,2023,Spring,Weekend,Commercial & Employment Core,2763,2761,-2,2704,2023-03-01
2023-03-25,2023,Spring,Weekend,Commuter-Heavy Transit Hub,94,90,-4,117,2023-03-01
2023-03-25,2023,Spring,Weekend,Leisure & Waterfront,188,194,6,216,2023-03-01
2023-03-25,2023,Spring,Weekend,Residential & Inner-Suburban Feeder,493,518,25,685,2023-03-01
2023-03-26,2023,Spring,Weekend,Commercial & Employment Core,7055,7066,11,3951,2023-03-01
2023-03-26,2023,Spring,Weekend,Commuter-Heavy Transit Hub,257,220,-37,217,2023-03-01
2023-03-26,2023,Spring,Weekend,Leisure & Waterfront,1943,1985,42,787,2023-03-01
2023-03-26,2023,Spring,Weekend,Residential & Inner-Suburban Feeder,1447,1436,-11,1394,2023-03-01
2023-03-27,2023,Spring,Weekday,Commercial & Employment Core,5528,5494,-34,3729,2023-03-01
2023-03-27,2023,Spring,Weekday,Commuter-Heavy Transit Hub,466,477,11,262,2023-03-01
2023-03-27,2023,Spring,Weekday,Leisure & Waterfront,380,394,14,399,2023-03-01
2023-03-27,2023,Spring,Weekday,Residential & Inner-Suburban Feeder,1121,1138,17,1226,2023-03-01
2023-03-28,2023,Spring,Weekday,Commercial & Employment Core,7735,7738,3,4182,2023-03-01
2023-03-28,2023,Spring,Weekday,Commuter-Heavy Transit Hub,658,681,23,279,2023-03-01
2023-03-28,2023,Spring,Weekday,Leisure & Waterfront,766,813,47,648,2023-03-01
2023-03-28,2023,Spring,Weekday,Residential & Inner-Suburban Feeder,1745,1659,-86,1559,2023-03-01
2023-03-29,2023,Spring,Weekday,Commercial & Employment Core,6270,6324,54,3983,2023-03-01
2023-03-29,2023,Spring,Weekday,Commuter-Heavy Transit Hub,551,650,99,290,2023-03-01
2023-03-29,2023,Spring,Weekday,Leisure & Waterfront,410,477,67,451,2023-03-01
2023-03-29,2023,Spring,Weekday,Residential & Inner-Suburban Feeder,1404,1191,-213,1338,2023-03-01
2023-03-30,2023,Spring,Weekday,Commercial & Employment Core,7079,7054,-25,4049,2023-03-01
2023-03-30,2023,Spring,Weekday,Commuter-Heavy Transit Hub,597,632,35,290,2023-03-01
2023-03-30,2023,Spring,Weekday,Leisure & Waterfront,575,622,47,535,2023-03-01
2023-03-30,2023,Spring,Weekday,Residential & Inner-Suburban Feeder,1412,1348,-64,1362,2023-03-01
2023-03-31,2023,Spring,Weekday,Commercial & Employment Core,4178,4188,10,3510,2023-03-01
2023-03-31,2023,Spring,Weekday,Commuter-Heavy Transit Hub,298,400,102,251,2023-03-01
2023-03-31,2023,Spring,Weekday,Leisure & Waterfront,228,260,32,299,2023-03-01
2023-03-31,2023,Spring,Weekday,Residential & Inner-Suburban Feeder,867,720,-147,1008,2023-03-01
2023-04-01,2023,Spring,Weekend,Commercial & Employment Core,6302,6416,114,3737,2023-04-01
2023-04-01,2023,Spring,Weekend,Commuter-Heavy Transit Hub,224,232,8,209,2023-04-01
2023-04-01,2023,Spring,Weekend,Leisure & Waterfront,1216,1242,26,723,2023-04-01
2023-04-01,2023,Spring,Weekend,Residential & Inner-Suburban Feeder,1518,1370,-148,1351,2023-04-01
2023-04-02,2023,Spring,Weekend,Commercial & Employment Core,5890,5903,13,3807,2023-04-01
2023-04-02,2023,Spring,Weekend,Commuter-Heavy Transit Hub,202,215,13,208,2023-04-01
2023-04-02,2023,Spring,Weekend,Leisure & Waterfront,1132,1207,75,724,2023-04-01
2023-04-02,2023,Spring,Weekend,Residential & Inner-Suburban Feeder,1308,1217,-91,1273,2023-04-01
2023-04-03,2023,Spring,Weekday,Commercial & Employment Core,7535,7518,-17,4215,2023-04-01
2023-04-03,2023,Spring,Weekday,Commuter-Heavy Transit Hub,631,648,17,276,2023-04-01
2023-04-03,2023,Spring,Weekday,Leisure & Waterfront,776,838,62,651,2023-04-01
2023-04-03,2023,Spring,Weekday,Residential & Inner-Suburban Feeder,1642,1571,-71,1532,2023-04-01
2023-04-04,2023,Spring,Weekday,Commercial & Employment Core,7631,7548,-83,4210,2023-04-01
2023-04-04,2023,Spring,Weekday,Commuter-Heavy Transit Hub,671,657,-14,290,2023-04-01
2023-04-04,2023,Spring,Weekday,Leisure & Waterfront,627,677,50,604,2023-04-01
2023-04-04,2023,Spring,Weekday,Residential & Inner-Suburban Feeder,1586,1638,52,1524,2023-04-01
2023-04-05,2023,Spring,Weekday,Commercial & Employment Core,4109,4100,-9,3509,2023-04-01
2023-04-05,2023,Spring,Weekday,Commuter-Heavy Transit Hub,300,388,88,236,2023-04-01
2023-04-05,2023,Spring,Weekday,Leisure & Waterfront,218,240,22,272,2023-04-01
2023-04-05,2023,Spring,Weekday,Residential & Inner-Suburban Feeder,892,793,-99,1030,2023-04-01
2023-04-06,2023,Spring,Weekday,Commercial & Employment Core,8633,8712,79,4464,2023-04-01
2023-04-06,2023,Spring,Weekday,Commuter-Heavy Transit Hub,627,688,61,288,2023-04-01
2023-04-06,2023,Spring,Weekday,Leisure & Waterfront,847,900,53,696,2023-04-01
2023-04-06,2023,Spring,Weekday,Residential & Inner-Suburban Feeder,1981,1774,-207,1674,2023-04-01
2023-04-07,2023,Spring,Weekday,Commercial & Employment Core,6238,6250,12,4003,2023-04-01
2023-04-07,2023,Spring,Weekday,Commuter-Heavy Transit Hub,228,251,23,219,2023-04-01
2023-04-07,2023,Spring,Weekday,Leisure & Waterfront,1252,1319,67,741,2023-04-01
2023-04-07,2023,Spring,Weekday,Residential & Inner-Suburban Feeder,1387,1285,-102,1400,2023-04-01
2023-04-08,2023,Spring,Weekend,Commercial & Employment Core,6245,6380,135,4028,2023-04-01
2023-04-08,2023,Spring,Weekend,Commuter-Heavy Transit Hub,218,206,-12,204,2023-04-01
2023-04-08,2023,Spring,Weekend,Leisure & Waterfront,1091,1113,22,757,2023-04-01
2023-04-08,2023,Spring,Weekend,Residential & Inner-Suburban Feeder,1424,1279,-145,1403,2023-04-01
2023-04-09,2023,Spring,Weekend,Commercial & Employment Core,5854,5907,53,3934,2023-04-01
2023-04-09,2023,Spring,Weekend,Commuter-Heavy Transit Hub,183,176,-7,203,2023-04-01
2023-04-09,2023,Spring,Weekend,Leisure & Waterfront,1615,1690,75,832,2023-04-01
2023-04-09,2023,Spring,Weekend,Residential & Inner-Suburban Feeder,1441,1320,-121,1363,2023-04-01
2023-04-10,2023,Spring,Weekday,Commercial & Employment Core,8048,8156,108,4341,2023-04-01
2023-04-10,2023,Spring,Weekday,Commuter-Heavy Transit Hub,525,521,-4,284,2023-04-01
2023-04-10,2023,Spring,Weekday,Leisure & Waterfront,1497,1502,5,862,2023-04-01
2023-04-10,2023,Spring,Weekday,Residential & Inner-Suburban Feeder,1769,1671,-98,1595,2023-04-01
2023-04-11,2023,Spring,Weekday,Commercial & Employment Core,10311,10161,-150,4659,2023-04-01
2023-04-11,2023,Spring,Weekday,Commuter-Heavy Transit Hub,794,860,66,305,2023-04-01
2023-04-11,2023,Spring,Weekday,Leisure & Waterfront,1324,1440,116,897,2023-04-01
2023-04-11,2023,Spring,Weekday,Residential & Inner-Suburban Feeder,2447,2390,-57,1870,2023-04-01
2023-04-12,2023,Spring,Weekday,Commercial & Employment Core,11950,11895,-55,4896,2023-04-01
2023-04-12,2023,Spring,Weekday,Commuter-Heavy Transit Hub,873,926,53,308,2023-04-01
2023-04-12,2023,Spring,Weekday,Leisure & Waterfront,1987,2059,72,1003,2023-04-01
2023-04-12,2023,Spring,Weekday,Residential & Inner-Suburban Feeder,2916,2845,-71,1996,2023-04-01
2023-04-13,2023,Spring,Weekday,Commercial & Employment Core,12193,12095,-98,4982,2023-04-01
2023-04-13,2023,Spring,Weekday,Commuter-Heavy Transit Hub,879,981,102,315,2023-04-01
2023-04-13,2023,Spring,Weekday,Leisure & Waterfront,2098,2221,123,1026,2023-04-01
2023-04-13,2023,Spring,Weekday,Residential & Inner-Suburban Feeder,2932,2777,-155,2036,2023-04-01
2023-04-14,2023,Spring,Weekday,Commercial & Employment Core,12452,12415,-37,5072,2023-04-01
2023-04-14,2023,Spring,Weekday,Commuter-Heavy Transit Hub,800,826,26,313,2023-04-01
2023-04-14,2023,Spring,Weekday,Leisure & Waterfront,2006,2190,184,1035,2023-04-01
2023-04-14,2023,Spring,Weekday,Residential & Inner-Suburban Feeder,2960,2767,-193,2070,2023-04-01
2023-04-15,2023,Spring,Weekend,Commercial & Employment Core,12798,12739,-59,5123,2023-04-01
2023-04-15,2023,Spring,Weekend,Commuter-Heavy Transit Hub,474,462,-12,289,2023-04-01
2023-04-15,2023,Spring,Weekend,Leisure & Waterfront,3303,3383,80,1165,2023-04-01
2023-04-15,2023,Spring,Weekend,Residential & Inner-Suburban Feeder,2915,2882,-33,1974,2023-04-01
2023-04-16,2023,Spring,Weekend,Commercial & Employment Core,10015,10053,38,4598,2023-04-01
2023-04-16,2023,Spring,Weekend,Commuter-Heavy Transit Hub,381,366,-15,269,2023-04-01
2023-04-16,2023,Spring,Weekend,Leisure & Waterfront,3070,3218,148,1022,2023-04-01
2023-04-16,2023,Spring,Weekend,Residential & Inner-Suburban Feeder,2468,2394,-74,1710,2023-04-01
2023-04-17,2023,Spring,Weekday,Commercial & Employment Core,6656,6640,-16,4189,2023-04-01
2023-04-17,2023,Spring,Weekday,Commuter-Heavy Transit Hub,493,665,172,280,2023-04-01
2023-04-17,2023,Spring,Weekday,Leisure & Waterfront,450,477,27,490,2023-04-01
2023-04-17,2023,Spring,Weekday,Residential & Inner-Suburban Feeder,1541,1355,-186,1457,2023-04-01
2023-04-18,2023,Spring,Weekday,Commercial & Employment Core,7441,7397,-44,4248,2023-04-01
2023-04-18,2023,Spring,Weekday,Commuter-Heavy Transit Hub,585,733,148,289,2023-04-01
2023-04-18,2023,Spring,Weekday,Leisure & Waterfront,539,571,32,532,2023-04-01
2023-04-18,2023,Spring,Weekday,Residential & Inner-Suburban Feeder,1681,1549,-132,1522,2023-04-01
2023-04-19,2023,Spring,Weekday,Commercial & Employment Core,8946,8983,37,4502,2023-04-01
2023-04-19,2023,Spring,Weekday,Commuter-Heavy Transit Hub,689,709,20,312,2023-04-01
2023-04-19,2023,Spring,Weekday,Leisure & Waterfront,877,910,33,685,2023-04-01
2023-04-19,2023,Spring,Weekday,Residential & Inner-Suburban Feeder,1970,1866,-104,1704,2023-04-01
2023-04-20,2023,Spring,Weekday,Commercial & Employment Core,9424,9385,-39,4641,2023-04-01
2023-04-20,2023,Spring,Weekday,Commuter-Heavy Transit Hub,738,820,82,312,2023-04-01
2023-04-20,2023,Spring,Weekday,Leisure & Waterfront,972,1064,92,799,2023-04-01
2023-04-20,2023,Spring,Weekday,Residential & Inner-Suburban Feeder,2177,2027,-150,1799,2023-04-01
2023-04-21,2023,Spring,Weekday,Commercial & Employment Core,9983,9911,-72,4643,2023-04-01
2023-04-21,2023,Spring,Weekday,Commuter-Heavy Transit Hub,636,748,112,298,2023-04-01
2023-04-21,2023,Spring,Weekday,Leisure & Waterfront,1190,1352,162,887,2023-04-01
2023-04-21,2023,Spring,Weekday,Residential & Inner-Suburban Feeder,2310,2119,-191,1851,2023-04-01
2023-04-22,2023,Spring,Weekend,Commercial & Employment Core,6036,6009,-27,4019,2023-04-01
2023-04-22,2023,Spring,Weekend,Commuter-Heavy Transit Hub,199,201,2,192,2023-04-01
2023-04-22,2023,Spring,Weekend,Leisure & Waterfront,679,705,26,605,2023-04-01
2023-04-22,2023,Spring,Weekend,Residential & Inner-Suburban Feeder,1284,1260,-24,1356,2023-04-01
2023-04-23,2023,Spring,Weekend,Commercial & Employment Core,7666,7685,19,4487,2023-04-01
2023-04-23,2023,Spring,Weekend,Commuter-Heavy Transit Hub,238,240,2,211,2023-04-01
2023-04-23,2023,Spring,Weekend,Leisure & Waterfront,1307,1354,47,847,2023-04-01
2023-04-23,2023,Spring,Weekend,Residential & Inner-Suburban Feeder,1736,1705,-31,1592,2023-04-01
2023-04-24,2023,Spring,Weekday,Commercial & Employment Core,7362,7444,82,4343,2023-04-01
2023-04-24,2023,Spring,Weekday,Commuter-Heavy Transit Hub,576,643,67,283,2023-04-01
2023-04-24,2023,Spring,Weekday,Leisure & Waterfront,756,778,22,671,2023-04-01
2023-04-24,2023,Spring,Weekday,Residential & Inner-Suburban Feeder,1760,1595,-165,1585,2023-04-01
2023-04-25,2023,Spring,Weekday,Commercial & Employment Core,10013,9957,-56,4717,2023-04-01
2023-04-25,2023,Spring,Weekday,Commuter-Heavy Transit Hub,783,929,146,315,2023-04-01
2023-04-25,2023,Spring,Weekday,Leisure & Waterfront,1007,1059,52,810,2023-04-01
2023-04-25,2023,Spring,Weekday,Residential & Inner-Suburban Feeder,2266,2109,-157,1820,2023-04-01
2023-04-26,2023,Spring,Weekday,Commercial & Employment Core,9979,9950,-29,4700,2023-04-01
2023-04-26,2023,Spring,Weekday,Commuter-Heavy Transit Hub,825,941,116,302,2023-04-01
2023-04-26,2023,Spring,Weekday,Leisure & Waterfront,1080,1137,57,815,2023-04-01
2023-04-26,2023,Spring,Weekday,Residential & Inner-Suburban Feeder,2246,2111,-135,1844,2023-04-01
2023-04-27,2023,Spring,Weekday,Commercial & Employment Core,11033,11001,-32,4881,2023-04-01
2023-04-27,2023,Spring,Weekday,Commuter-Heavy Transit Hub,893,1010,117,324,2023-04-01
2023-04-27,2023,Spring,Weekday,Leisure & Waterfront,1613,1704,91,963,2023-04-01
2023-04-27,2023,Spring,Weekday,Residential & Inner-Suburban Feeder,2664,2459,-205,1948,2023-04-01
2023-04-28,2023,Spring,Weekday,Commercial & Employment Core,7162,7289,127,4298,2023-04-01
2023-04-28,2023,Spring,Weekday,Commuter-Heavy Transit Hub,504,732,228,297,2023-04-01
2023-04-28,2023,Spring,Weekday,Leisure & Waterfront,566,623,57,561,2023-04-01
2023-04-28,2023,Spring,Weekday,Residential & Inner-Suburban Feeder,1743,1374,-369,1522,2023-04-01
2023-04-29,2023,Spring,Weekend,Commercial & Employment Core,4388,4262,-126,3625,2023-04-01
2023-04-29,2023,Spring,Weekend,Commuter-Heavy Transit Hub,134,165,31,176,2023-04-01
2023-04-29,2023,Spring,Weekend,Leisure & Waterfront,438,476,38,458,2023-04-01
2023-04-29,2023,Spring,Weekend,Residential & Inner-Suburban Feeder,934,944,10,1117,2023-04-01
2023-04-30,2023,Spring,Weekend,Commercial & Employment Core,3959,3968,9,3603,2023-04-01
2023-04-30,2023,Spring,Weekend,Commuter-Heavy Transit Hub,145,153,8,177,2023-04-01
2023-04-30,2023,Spring,Weekend,Leisure & Waterfront,444,452,8,470,2023-04-01
2023-04-30,2023,Spring,Weekend,Residential & Inner-Suburban Feeder,881,895,14,1120,2023-04-01
2023-05-01,2023,Spring,Weekday,Commercial & Employment Core,7917,7894,-23,4371,2023-05-01
2023-05-01,2023,Spring,Weekday,Commuter-Heavy Transit Hub,585,723,138,282,2023-05-01
2023-05-01,2023,Spring,Weekday,Leisure & Waterfront,686,767,81,634,2023-05-01
2023-05-01,2023,Spring,Weekday,Residential & Inner-Suburban Feeder,1955,1756,-199,1712,2023-05-01
2023-05-02,2023,Spring,Weekday,Commercial & Employment Core,6577,6698,121,4141,2023-05-01
2023-05-02,2023,Spring,Weekday,Commuter-Heavy Transit Hub,483,754,271,278,2023-05-01
2023-05-02,2023,Spring,Weekday,Leisure & Waterfront,555,596,41,568,2023-05-01
2023-05-02,2023,Spring,Weekday,Residential & Inner-Suburban Feeder,1702,1278,-424,1482,2023-05-01
2023-05-03,2023,Spring,Weekday,Commercial & Employment Core,5835,5836,1,3939,2023-05-01
2023-05-03,2023,Spring,Weekday,Commuter-Heavy Transit Hub,461,517,56,288,2023-05-01
2023-05-03,2023,Spring,Weekday,Leisure & Waterfront,506,531,25,486,2023-05-01
2023-05-03,2023,Spring,Weekday,Residential & Inner-Suburban Feeder,1311,1221,-90,1355,2023-05-01
2023-05-04,2023,Spring,Weekday,Commercial & Employment Core,10343,10283,-60,4669,2023-05-01
2023-05-04,2023,Spring,Weekday,Commuter-Heavy Transit Hub,741,919,178,293,2023-05-01
2023-05-04,2023,Spring,Weekday,Leisure & Waterfront,1120,1226,106,856,2023-05-01
2023-05-04,2023,Spring,Weekday,Residential & Inner-Suburban Feeder,2532,2286,-246,1905,2023-05-01
2023-05-05,2023,Spring,Weekday,Commercial & Employment Core,10945,10859,-86,4898,2023-05-01
2023-05-05,2023,Spring,Weekday,Commuter-Heavy Transit Hub,618,734,116,315,2023-05-01
2023-05-05,2023,Spring,Weekday,Leisure & Waterfront,1717,1875,158,1012,2023-05-01
2023-05-05,2023,Spring,Weekday,Residential & Inner-Suburban Feeder,2644,2422,-222,2040,2023-05-01
2023-05-06,2023,Spring,Weekend,Commercial & Employment Core,11795,11748,-47,4974,2023-05-01
2023-05-06,2023,Spring,Weekend,Commuter-Heavy Transit Hub,425,450,25,276,2023-05-01
2023-05-06,2023,Spring,Weekend,Leisure & Waterfront,3808,3860,52,1241,2023-05-01
2023-05-06,2023,Spring,Weekend,Residential & Inner-Suburban Feeder,2981,2933,-48,2080,2023-05-01
2023-05-07,2023,Spring,Weekend,Commercial & Employment Core,6077,6058,-19,4175,2023-05-01
2023-05-07,2023,Spring,Weekend,Commuter-Heavy Transit Hub,202,211,9,191,2023-05-01
2023-05-07,2023,Spring,Weekend,Leisure & Waterfront,1139,1223,84,758,2023-05-01
2023-05-07,2023,Spring,Weekend,Residential & Inner-Suburban Feeder,1345,1344,-1,1440,2023-05-01
2023-05-08,2023,Spring,Weekday,Commercial & Employment Core,11019,10946,-73,4746,2023-05-01
2023-05-08,2023,Spring,Weekday,Commuter-Heavy Transit Hub,818,887,69,302,2023-05-01
2023-05-08,2023,Spring,Weekday,Leisure & Waterfront,1818,1967,149,1012,2023-05-01
2023-05-08,2023,Spring,Weekday,Residential & Inner-Suburban Feeder,2729,2581,-148,1988,2023-05-01
2023-05-09,2023,Spring,Weekday,Commercial & Employment Core,11873,11713,-160,4838,2023-05-01
2023-05-09,2023,Spring,Weekday,Commuter-Heavy Transit Hub,841,1055,214,309,2023-05-01
2023-05-09,2023,Spring,Weekday,Leisure & Waterfront,1554,1702,148,944,2023-05-01
2023-05-09,2023,Spring,Weekday,Residential & Inner-Suburban Feeder,2865,2651,-214,1963,2023-05-01
2023-05-10,2023,Spring,Weekday,Commercial & Employment Core,13095,12806,-289,4929,2023-05-01
2023-05-10,2023,Spring,Weekday,Commuter-Heavy Transit Hub,917,1150,233,326,2023-05-01
2023-05-10,2023,Spring,Weekday,Leisure & Waterfront,1895,2074,179,1057,2023-05-01
2023-05-10,2023,Spring,Weekday,Residential & Inner-Suburban Feeder,3122,2994,-128,2080,2023-05-01
2023-05-11,2023,Spring,Weekday,Commercial & Employment Core,13662,13539,-123,5117,2023-05-01
2023-05-11,2023,Spring,Weekday,Commuter-Heavy Transit Hub,994,1105,111,331,2023-05-01
2023-05-11,2023,Spring,Weekday,Leisure & Waterfront,2201,2337,136,1110,2023-05-01
2023-05-11,2023,Spring,Weekday,Residential & Inner-Suburban Feeder,3395,3219,-176,2203,2023-05-01
2023-05-12,2023,Spring,Weekday,Commercial & Employment Core,13855,13858,3,5249,2023-05-01
2023-05-12,2023,Spring,Weekday,Commuter-Heavy Transit Hub,879,991,112,335,2023-05-01
2023-05-12,2023,Spring,Weekday,Leisure & Waterfront,2296,2410,114,1145,2023-05-01
2023-05-12,2023,Spring,Weekday,Residential & Inner-Suburban Feeder,3551,3277,-274,2232,2023-05-01
2023-05-13,2023,Spring,Weekend,Commercial & Employment Core,13739,13676,-63,5299,2023-05-01
2023-05-13,2023,Spring,Weekend,Commuter-Heavy Transit Hub,494,476,-18,303,2023-05-01
2023-05-13,2023,Spring,Weekend,Leisure & Waterfront,3770,3978,208,1339,2023-05-01
2023-05-13,2023,Spring,Weekend,Residential & Inner-Suburban Feeder,3517,3443,-74,2221,2023-05-01
2023-05-14,2023,Spring,Weekend,Commercial & Employment Core,10802,10781,-21,4978,2023-05-01
2023-05-14,2023,Spring,Weekend,Commuter-Heavy Transit Hub,372,346,-26,268,2023-05-01
2023-05-14,2023,Spring,Weekend,Leisure & Waterfront,2704,2760,56,1162,2023-05-01
2023-05-14,2023,Spring,Weekend,Residential & Inner-Suburban Feeder,2617,2667,50,2048,2023-05-01
2023-05-15,2023,Spring,Weekday,Commercial & Employment Core,12245,12097,-148,4866,2023-05-01
2023-05-15,2023,Spring,Weekday,Commuter-Heavy Transit Hub,900,988,88,325,2023-05-01
2023-05-15,2023,Spring,Weekday,Leisure & Waterfront,1899,2016,117,1046,2023-05-01
2023-05-15,2023,Spring,Weekday,Residential & Inner-Suburban Feeder,3001,2925,-76,2135,2023-05-01
2023-05-16,2023,Spring,Weekday,Commercial & Employment Core,13223,13135,-88,4950,2023-05-01
2023-05-16,2023,Spring,Weekday,Commuter-Heavy Transit Hub,1001,1146,145,329,2023-05-01
2023-05-16,2023,Spring,Weekday,Leisure & Waterfront,1639,1781,142,1015,2023-05-01
2023-05-16,2023,Spring,Weekday,Residential & Inner-Suburban Feeder,3159,2979,-180,2114,2023-05-01
2023-05-17,2023,Spring,Weekday,Commercial & Employment Core,12093,11915,-178,4888,2023-05-01
2023-05-17,2023,Spring,Weekday,Commuter-Heavy Transit Hub,941,1081,140,324,2023-05-01
2023-05-17,2023,Spring,Weekday,Leisure & Waterfront,1369,1542,173,944,2023-05-01
2023-05-17,2023,Spring,Weekday,Residential & Inner-Suburban Feeder,2895,2749,-146,2072,2023-05-01
2023-05-18,2023,Spring,Weekday,Commercial & Employment Core,12272,12103,-169,4955,2023-05-01
2023-05-18,2023,Spring,Weekday,Commuter-Heavy Transit Hub,906,1036,130,314,2023-05-01
2023-05-18,2023,Spring,Weekday,Leisure & Waterfront,1425,1592,167,961,2023-05-01
2023-05-18,2023,Spring,Weekday,Residential & Inner-Suburban Feeder,2955,2803,-152,2034,2023-05-01
2023-05-19,2023,Spring,Weekday,Commercial & Employment Core,11557,11637,80,4956,2023-05-01
2023-05-19,2023,Spring,Weekday,Commuter-Heavy Transit Hub,784,832,48,320,2023-05-01
2023-05-19,2023,Spring,Weekday,Leisure & Waterfront,1442,1608,166,945,2023-05-01
2023-05-19,2023,Spring,Weekday,Residential & Inner-Suburban Feeder,2755,2480,-275,1996,2023-05-01
2023-05-20,2023,Spring,Weekend,Commercial & Employment Core,7313,7191,-122,3942,2023-05-01
2023-05-20,2023,Spring,Weekend,Commuter-Heavy Transit Hub,235,216,-19,204,2023-05-01
2023-05-20,2023,Spring,Weekend,Leisure & Waterfront,1055,1142,87,695,2023-05-01
2023-05-20,2023,Spring,Weekend,Residential & Inner-Suburban Feeder,1507,1537,30,1435,2023-05-01
2023-05-21,2023,Spring,Weekend,Commercial & Employment Core,11248,11282,34,4918,2023-05-01
2023-05-21,2023,Spring,Weekend,Commuter-Heavy Transit Hub,341,329,-12,269,2023-05-01
2023-05-21,2023,Spring,Weekend,Leisure & Waterfront,3869,3936,67,1238,2023-05-01
2023-05-21,2023,Spring,Weekend,Residential & Inner-Suburban Feeder,2874,2766,-108,1998,2023-05-01
2023-05-22,2023,Spring,Weekday,Commercial & Employment Core,9474,9440,-34,4616,2023-05-01
2023-05-22,2023,Spring,Weekday,Commuter-Heavy Transit Hub,304,270,-34,248,2023-05-01
2023-05-22,2023,Spring,Weekday,Leisure & Waterfront,3289,3494,205,1255,2023-05-01
2023-05-22,2023,Spring,Weekday,Residential & Inner-Suburban Feeder,2640,2528,-112,1901,2023-05-01
2023-05-23,2023,Spring,Weekday,Commercial & Employment Core,13326,13268,-58,5022,2023-05-01
2023-05-23,2023,Spring,Weekday,Commuter-Heavy Transit Hub,988,1036,48,302,2023-05-01
2023-05-23,2023,Spring,Weekday,Leisure & Waterfront,1808,1939,131,1043,2023-05-01
2023-05-23,2023,Spring,Weekday,Residential & Inner-Suburban Feeder,3154,3047,-107,2139,2023-05-01
2023-05-24,2023,Spring,Weekday,Commercial & Employment Core,12901,12753,-148,5019,2023-05-01
2023-05-24,2023,Spring,Weekday,Commuter-Heavy Transit Hub,952,1125,173,314,2023-05-01
2023-05-24,2023,Spring,Weekday,Leisure & Waterfront,1541,1674,133,962,2023-05-01
2023-05-24,2023,Spring,Weekday,Residential & Inner-Suburban Feeder,3106,2963,-143,2121,2023-05-01
2023-05-25,2023,Spring,Weekday,Commercial & Employment Core,13312,13218,-94,5033,2023-05-01
2023-05-25,2023,Spring,Weekday,Commuter-Heavy Transit Hub,1055,1160,105,328,2023-05-01
2023-05-25,2023,Spring,Weekday,Leisure & Waterfront,1643,1778,135,1030,2023-05-01
2023-05-25,2023,Spring,Weekday,Residential & Inner-Suburban Feeder,3092,2918,-174,2099,2023-05-01
2023-05-26,2023,Spring,Weekday,Commercial & Employment Core,13897,13796,-101,5158,2023-05-01
2023-05-26,2023,Spring,Weekday,Commuter-Heavy Transit Hub,876,1011,135,343,2023-05-01
2023-05-26,2023,Spring,Weekday,Leisure & Waterfront,1997,2132,135,1140,2023-05-01
2023-05-26,2023,Spring,Weekday,Residential & Inner-Suburban Feeder,3232,3031,-201,2160,2023-05-01
2023-05-27,2023,Spring,Weekend,Commercial & Employment Core,14141,14191,50,5213,2023-05-01
2023-05-27,2023,Spring,Weekend,Commuter-Heavy Transit Hub,568,522,-46,303,2023-05-01
2023-05-27,2023,Spring,Weekend,Leisure & Waterfront,3950,4117,167,1282,2023-05-01
2023-05-27,2023,Spring,Weekend,Residential & Inner-Suburban Feeder,3554,3371,-183,2211,2023-05-01
2023-05-28,2023,Spring,Weekend,Commercial & Employment Core,13184,13210,26,5161,2023-05-01
2023-05-28,2023,Spring,Weekend,Commuter-Heavy Transit Hub,520,488,-32,292,2023-05-01
2023-05-28,2023,Spring,Weekend,Leisure & Waterfront,4000,4073,73,1276,2023-05-01
2023-05-28,2023,Spring,Weekend,Residential & Inner-Suburban Feeder,3125,3095,-30,2118,2023-05-01
2023-05-29,2023,Spring,Weekday,Commercial & Employment Core,13544,13449,-95,5146,2023-05-01
2023-05-29,2023,Spring,Weekday,Commuter-Heavy Transit Hub,954,982,28,326,2023-05-01
2023-05-29,2023,Spring,Weekday,Leisure & Waterfront,2307,2528,221,1170,2023-05-01
2023-05-29,2023,Spring,Weekday,Residential & Inner-Suburban Feeder,3360,3223,-137,2212,2023-05-01
2023-05-30,2023,Spring,Weekday,Commercial & Employment Core,15282,15044,-238,5165,2023-05-01
2023-05-30,2023,Spring,Weekday,Commuter-Heavy Transit Hub,1082,1247,165,320,2023-05-01
2023-05-30,2023,Spring,Weekday,Leisure & Waterfront,2204,2459,255,1150,2023-05-01
2023-05-30,2023,Spring,Weekday,Residential & Inner-Suburban Feeder,3644,3452,-192,2228,2023-05-01
2023-05-31,2023,Spring,Weekday,Commercial & Employment Core,15534,15281,-253,5277,2023-05-01
2023-05-31,2023,Spring,Weekday,Commuter-Heavy Transit Hub,1106,1248,142,322,2023-05-01
2023-05-31,2023,Spring,Weekday,Leisure & Waterfront,2611,2807,196,1211,2023-05-01
2023-05-31,2023,Spring,Weekday,Residential & Inner-Suburban Feeder,3809,3700,-109,2305,2023-05-01
2023-06-01,2023,Summer,Weekday,Commercial & Employment Core,15411,15272,-139,5291,2023-06-01
2023-06-01,2023,Summer,Weekday,Commuter-Heavy Transit Hub,1109,1200,91,337,2023-06-01
2023-06-01,2023,Summer,Weekday,Leisure & Waterfront,2389,2531,142,1185,2023-06-01
2023-06-01,2023,Summer,Weekday,Residential & Inner-Suburban Feeder,3671,3552,-119,2225,2023-06-01
2023-06-02,2023,Summer,Weekday,Commercial & Employment Core,13915,13847,-68,5300,2023-06-01
2023-06-02,2023,Summer,Weekday,Commuter-Heavy Transit Hub,807,944,137,337,2023-06-01
2023-06-02,2023,Summer,Weekday,Leisure & Waterfront,2037,2218,181,1140,2023-06-01
2023-06-02,2023,Summer,Weekday,Residential & Inner-Suburban Feeder,3240,2959,-281,2209,2023-06-01
2023-06-03,2023,Summer,Weekend,Commercial & Employment Core,14012,14068,56,5308,2023-06-01
2023-06-03,2023,Summer,Weekend,Commuter-Heavy Transit Hub,399,401,2,276,2023-06-01
2023-06-03,2023,Summer,Weekend,Leisure & Waterfront,3676,3943,267,1326,2023-06-01
2023-06-03,2023,Summer,Weekend,Residential & Inner-Suburban Feeder,3729,3429,-300,2235,2023-06-01
2023-06-04,2023,Summer,Weekend,Commercial & Employment Core,12605,12525,-80,5165,2023-06-01
2023-06-04,2023,Summer,Weekend,Commuter-Heavy Transit Hub,379,386,7,279,2023-06-01
2023-06-04,2023,Summer,Weekend,Leisure & Waterfront,3533,3749,216,1260,2023-06-01
2023-06-04,2023,Summer,Weekend,Residential & Inner-Suburban Feeder,3243,3161,-82,2116,2023-06-01
2023-06-05,2023,Summer,Weekday,Commercial & Employment Core,13709,13496,-213,5090,2023-06-01
2023-06-05,2023,Summer,Weekday,Commuter-Heavy Transit Hub,947,1032,85,321,2023-06-01
2023-06-05,2023,Summer,Weekday,Leisure & Waterfront,1834,2009,175,1069,2023-06-01
2023-06-05,2023,Summer,Weekday,Residential & Inner-Suburban Feeder,3265,3223,-42,2225,2023-06-01
2023-06-06,2023,Summer,Weekday,Commercial & Employment Core,15317,15211,-106,5120,2023-06-01
2023-06-06,2023,Summer,Weekday,Commuter-Heavy Transit Hub,1083,1149,66,316,2023-06-01
2023-06-06,2023,Summer,Weekday,Leisure & Waterfront,1958,2134,176,1118,2023-06-01
2023-06-06,2023,Summer,Weekday,Residential & Inner-Suburban Feeder,3636,3494,-142,2235,2023-06-01
2023-06-07,2023,Summer,Weekday,Commercial & Employment Core,14707,14515,-192,5186,2023-06-01
2023-06-07,2023,Summer,Weekday,Commuter-Heavy Transit Hub,1048,1231,183,323,2023-06-01
2023-06-07,2023,Summer,Weekday,Leisure & Waterfront,1658,1856,198,1022,2023-06-01
2023-06-07,2023,Summer,Weekday,Residential & Inner-Suburban Feeder,3364,3177,-187,2160,2023-06-01
2023-06-08,2023,Summer,Weekday,Commercial & Employment Core,12460,12359,-101,5075,2023-06-01
2023-06-08,2023,Summer,Weekday,Commuter-Heavy Transit Hub,906,1108,202,344,2023-06-01
2023-06-08,2023,Summer,Weekday,Leisure & Waterfront,1204,1359,155,929,2023-06-01
2023-06-08,2023,Summer,Weekday,Residential & Inner-Suburban Feeder,2962,2684,-278,2087,2023-06-01
2023-06-09,2023,Summer,Weekday,Commercial & Employment Core,12869,12791,-78,5136,2023-06-01
2023-06-09,2023,Summer,Weekday,Commuter-Heavy Transit Hub,713,718,5,325,2023-06-01
2023-06-09,2023,Summer,Weekday,Leisure & Waterfront,1568,1715,147,1003,2023-06-01
2023-06-09,2023,Summer,Weekday,Residential & Inner-Suburban Feeder,2976,2839,-137,2135,2023-06-01
2023-06-10,2023,Summer,Weekend,Commercial & Employment Core,15558,15654,96,5415,2023-06-01
2023-06-10,2023,Summer,Weekend,Commuter-Heavy Transit Hub,456,463,7,301,2023-06-01
2023-06-10,2023,Summer,Weekend,Leisure & Waterfront,4008,4087,79,1398,2023-06-01
2023-06-10,2023,Summer,Weekend,Residential & Inner-Suburban Feeder,4015,3815,-200,2404,2023-06-01
2023-06-11,2023,Summer,Weekend,Commercial & Employment Core,11146,11242,96,4895,2023-06-01
2023-06-11,2023,Summer,Weekend,Commuter-Heavy Transit Hub,307,315,8,247,2023-06-01
2023-06-11,2023,Summer,Weekend,Leisure & Waterfront,1825,1950,125,1026,2023-06-01
2023-06-11,2023,Summer,Weekend,Residential & Inner-Suburban Feeder,2550,2457,-93,1896,2023-06-01
2023-06-12,2023,Summer,Weekday,Commercial & Employment Core,5951,5801,-150,3490,2023-06-01
2023-06-12,2023,Summer,Weekday,Commuter-Heavy Transit Hub,399,249,-150,224,2023-06-01
2023-06-12,2023,Summer,Weekday,Leisure & Waterfront,569,636,67,505,2023-06-01
2023-06-12,2023,Summer,Weekday,Residential & Inner-Suburban Feeder,1226,1430,204,1234,2023-06-01
2023-06-13,2023,Summer,Weekday,Commercial & Employment Core,12463,12469,6,5030,2023-06-01
2023-06-13,2023,Summer,Weekday,Commuter-Heavy Transit Hub,913,1076,163,328,2023-06-01
2023-06-13,2023,Summer,Weekday,Leisure & Waterfront,1455,1567,112,989,2023-06-01
2023-06-13,2023,Summer,Weekday,Residential & Inner-Suburban Feeder,2998,2734,-264,2125,2023-06-01
2023-06-14,2023,Summer,Weekday,Commercial & Employment Core,13886,13789,-97,5097,2023-06-01
2023-06-14,2023,Summer,Weekday,Commuter-Heavy Transit Hub,1079,1210,131,341,2023-06-01
2023-06-14,2023,Summer,Weekday,Leisure & Waterfront,1773,1912,139,1069,2023-06-01
2023-06-14,2023,Summer,Weekday,Residential & Inner-Suburban Feeder,3249,3039,-210,2131,2023-06-01
2023-06-15,2023,Summer,Weekday,Commercial & Employment Core,13895,13882,-13,5115,2023-06-01
2023-06-15,2023,Summer,Weekday,Commuter-Heavy Transit Hub,1045,1223,178,320,2023-06-01
2023-06-15,2023,Summer,Weekday,Leisure & Waterfront,1755,1863,108,1078,2023-06-01
2023-06-15,2023,Summer,Weekday,Residential & Inner-Suburban Feeder,3201,2971,-230,2110,2023-06-01
2023-06-16,2023,Summer,Weekday,Commercial & Employment Core,14669,14527,-142,5344,2023-06-01
2023-06-16,2023,Summer,Weekday,Commuter-Heavy Transit Hub,862,990,128,345,2023-06-01
2023-06-16,2023,Summer,Weekday,Leisure & Waterfront,2132,2332,200,1168,2023-06-01
2023-06-16,2023,Summer,Weekday,Residential & Inner-Suburban Feeder,3443,3136,-307,2175,2023-06-01
2023-06-17,2023,Summer,Weekend,Commercial & Employment Core,16049,15912,-137,5480,2023-06-01
2023-06-17,2023,Summer,Weekend,Commuter-Heavy Transit Hub,489,449,-40,288,2023-06-01
2023-06-17,2023,Summer,Weekend,Leisure & Waterfront,4230,4473,243,1401,2023-06-01
2023-06-17,2023,Summer,Weekend,Residential & Inner-Suburban Feeder,3925,3812,-113,2342,2023-06-01
2023-06-18,2023,Summer,Weekend,Commercial & Employment Core,13672,13644,-28,5309,2023-06-01
2023-06-18,2023,Summer,Weekend,Commuter-Heavy Transit Hub,464,430,-34,294,2023-06-01
2023-06-18,2023,Summer,Weekend,Leisure & Waterfront,3417,3649,232,1370,2023-06-01
2023-06-18,2023,Summer,Weekend,Residential & Inner-Suburban Feeder,3172,3127,-45,2191,2023-06-01
2023-06-19,2023,Summer,Weekday,Commercial & Employment Core,14278,14242,-36,5200,2023-06-01
2023-06-19,2023,Summer,Weekday,Commuter-Heavy Transit Hub,994,1055,61,334,2023-06-01
2023-06-19,2023,Summer,Weekday,Leisure & Waterfront,2207,2299,92,1183,2023-06-01
2023-06-19,2023,Summer,Weekday,Residential & Inner-Suburban Feeder,3368,3258,-110,2248,2023-06-01
2023-06-20,2023,Summer,Weekday,Commercial & Employment Core,16451,16148,-303,5294,2023-06-01
2023-06-20,2023,Summer,Weekday,Commuter-Heavy Transit Hub,1152,1340,188,353,2023-06-01
2023-06-20,2023,Summer,Weekday,Leisure & Waterfront,2445,2639,194,1206,2023-06-01
2023-06-20,2023,Summer,Weekday,Residential & Inner-Suburban Feeder,3869,3783,-86,2325,2023-06-01
2023-06-21,2023,Summer,Weekday,Commercial & Employment Core,16683,16448,-235,5299,2023-06-01
2023-06-21,2023,Summer,Weekday,Commuter-Heavy Transit Hub,1162,1316,154,350,2023-06-01
2023-06-21,2023,Summer,Weekday,Leisure & Waterfront,2766,2947,181,1245,2023-06-01
2023-06-21,2023,Summer,Weekday,Residential & Inner-Suburban Feeder,4009,3837,-172,2307,2023-06-01
2023-06-22,2023,Summer,Weekday,Commercial & Employment Core,16398,16243,-155,5316,2023-06-01
2023-06-22,2023,Summer,Weekday,Commuter-Heavy Transit Hub,1172,1345,173,352,2023-06-01
2023-06-22,2023,Summer,Weekday,Leisure & Waterfront,2496,2658,162,1178,2023-06-01
2023-06-22,2023,Summer,Weekday,Residential & Inner-Suburban Feeder,3900,3718,-182,2278,2023-06-01
2023-06-23,2023,Summer,Weekday,Commercial & Employment Core,12622,12594,-28,5272,2023-06-01
2023-06-23,2023,Summer,Weekday,Commuter-Heavy Transit Hub,771,852,81,323,2023-06-01
2023-06-23,2023,Summer,Weekday,Leisure & Waterfront,1361,1515,154,957,2023-06-01
2023-06-23,2023,Summer,Weekday,Residential & Inner-Suburban Feeder,2873,2681,-192,2139,2023-06-01
2023-06-24,2023,Summer,Weekend,Commercial & Employment Core,14040,14043,3,5349,2023-06-01
2023-06-24,2023,Summer,Weekend,Commuter-Heavy Transit Hub,405,406,1,274,2023-06-01
2023-06-24,2023,Summer,Weekend,Leisure & Waterfront,2525,2580,55,1142,2023-06-01
2023-06-24,2023,Summer,Weekend,Residential & Inner-Suburban Feeder,3410,3245,-165,2221,2023-06-01
2023-06-25,2023,Summer,Weekend,Commercial & Employment Core,15541,15454,-87,5475,2023-06-01
2023-06-25,2023,Summer,Weekend,Commuter-Heavy Transit Hub,443,385,-58,272,2023-06-01
2023-06-25,2023,Summer,Weekend,Leisure & Waterfront,3426,3689,263,1322,2023-06-01
2023-06-25,2023,Summer,Weekend,Residential & Inner-Suburban Feeder,3626,3657,31,2293,2023-06-01
2023-06-26,2023,Summer,Weekday,Commercial & Employment Core,12820,12682,-138,5047,2023-06-01
2023-06-26,2023,Summer,Weekday,Commuter-Heavy Transit Hub,895,920,25,300,2023-06-01
2023-06-26,2023,Summer,Weekday,Leisure & Waterfront,1677,1743,66,985,2023-06-01
2023-06-26,2023,Summer,Weekday,Residential & Inner-Suburban Feeder,2829,2890,61,2000,2023-06-01
2023-06-27,2023,Summer,Weekday,Commercial & Employment Core,12464,12253,-211,5061,2023-06-01
2023-06-27,2023,Summer,Weekday,Commuter-Heavy Transit Hub,897,1030,133,322,2023-06-01
2023-06-27,2023,Summer,Weekday,Leisure & Waterfront,1425,1604,179,886,2023-06-01
2023-06-27,2023,Summer,Weekday,Residential & Inner-Suburban Feeder,2821,2712,-109,2017,2023-06-01
2023-06-28,2023,Summer,Weekday,Commercial & Employment Core,14953,14845,-108,5257,2023-06-01
2023-06-28,2023,Summer,Weekday,Commuter-Heavy Transit Hub,1101,1248,147,336,2023-06-01
2023-06-28,2023,Summer,Weekday,Leisure & Waterfront,1856,2056,200,1094,2023-06-01
2023-06-28,2023,Summer,Weekday,Residential & Inner-Suburban Feeder,3489,3249,-240,2245,2023-06-01
2023-06-29,2023,Summer,Weekday,Commercial & Employment Core,16487,16288,-199,5427,2023-06-01
2023-06-29,2023,Summer,Weekday,Commuter-Heavy Transit Hub,1124,1283,159,331,2023-06-01
2023-06-29,2023,Summer,Weekday,Leisure & Waterfront,2501,2773,272,1208,2023-06-01
2023-06-29,2023,Summer,Weekday,Residential & Inner-Suburban Feeder,3937,3653,-284,2369,2023-06-01
2023-06-30,2023,Summer,Weekday,Commercial & Employment Core,13946,14017,71,5316,2023-06-01
2023-06-30,2023,Summer,Weekday,Commuter-Heavy Transit Hub,748,840,92,342,2023-06-01
2023-06-30,2023,Summer,Weekday,Leisure & Waterfront,1951,2116,165,1114,2023-06-01
2023-06-30,2023,Summer,Weekday,Residential & Inner-Suburban Feeder,3183,2876,-307,2203,2023-06-01
2023-07-01,2023,Summer,Weekend,Commercial & Employment Core,12190,12102,-88,5248,2023-07-01
2023-07-01,2023,Summer,Weekend,Commuter-Heavy Transit Hub,375,351,-24,274,2023-07-01
2023-07-01,2023,Summer,Weekend,Leisure & Waterfront,3697,3928,231,1267,2023-07-01
2023-07-01,2023,Summer,Weekend,Residential & Inner-Suburban Feeder,3173,2989,-184,2123,2023-07-01
2023-07-02,2023,Summer,Weekend,Commercial & Employment Core,9033,9067,34,4913,2023-07-01
2023-07-02,2023,Summer,Weekend,Commuter-Heavy Transit Hub,235,223,-12,229,2023-07-01
2023-07-02,2023,Summer,Weekend,Leisure & Waterfront,1812,1893,81,1068,2023-07-01
2023-07-02,2023,Summer,Weekend,Residential & Inner-Suburban Feeder,2046,2031,-15,1881,2023-07-01
2023-07-03,2023,Summer,Weekday,Commercial & Employment Core,12030,11968,-62,4962,2023-07-01
2023-07-03,2023,Summer,Weekday,Commuter-Heavy Transit Hub,412,355,-57,273,2023-07-01
2023-07-03,2023,Summer,Weekday,Leisure & Waterfront,3643,3804,161,1255,2023-07-01
2023-07-03,2023,Summer,Weekday,Residential & Inner-Suburban Feeder,3044,3004,-40,2067,2023-07-01
2023-07-04,2023,Summer,Weekday,Commercial & Employment Core,15754,15525,-229,5344,2023-07-01
2023-07-04,2023,Summer,Weekday,Commuter-Heavy Transit Hub,1052,1173,121,324,2023-07-01
2023-07-04,2023,Summer,Weekday,Leisure & Waterfront,2769,2896,127,1197,2023-07-01
2023-07-04,2023,Summer,Weekday,Residential & Inner-Suburban Feeder,3625,3604,-21,2277,2023-07-01
2023-07-05,2023,Summer,Weekday,Commercial & Employment Core,15717,15586,-131,5364,2023-07-01
2023-07-05,2023,Summer,Weekday,Commuter-Heavy Transit Hub,1029,1166,137,332,2023-07-01
2023-07-05,2023,Summer,Weekday,Leisure & Waterfront,2517,2651,134,1162,2023-07-01
2023-07-05,2023,Summer,Weekday,Residential & Inner-Suburban Feeder,3649,3518,-131,2309,2023-07-01
2023-07-06,2023,Summer,Weekday,Commercial & Employment Core,14465,14328,-137,5258,2023-07-01
2023-07-06,2023,Summer,Weekday,Commuter-Heavy Transit Hub,994,1194,200,336,2023-07-01
2023-07-06,2023,Summer,Weekday,Leisure & Waterfront,1836,2035,199,1076,2023-07-01
2023-07-06,2023,Summer,Weekday,Residential & Inner-Suburban Feeder,3406,3114,-292,2221,2023-07-01
2023-07-07,2023,Summer,Weekday,Commercial & Employment Core,15957,15808,-149,5476,2023-07-01
2023-07-07,2023,Summer,Weekday,Commuter-Heavy Transit Hub,842,943,101,324,2023-07-01
2023-07-07,2023,Summer,Weekday,Leisure & Waterfront,2692,2910,218,1202,2023-07-01
2023-07-07,2023,Summer,Weekday,Residential & Inner-Suburban Feeder,3849,3607,-242,2402,2023-07-01
2023-07-08,2023,Summer,Weekend,Commercial & Employment Core,13926,13938,12,5401,2023-07-01
2023-07-08,2023,Summer,Weekend,Commuter-Heavy Transit Hub,398,420,22,298,2023-07-01
2023-07-08,2023,Summer,Weekend,Leisure & Waterfront,3588,3720,132,1338,2023-07-01
2023-07-08,2023,Summer,Weekend,Residential & Inner-Suburban Feeder,3459,3361,-98,2210,2023-07-01
2023-07-09,2023,Summer,Weekend,Commercial & Employment Core,13877,13748,-129,5331,2023-07-01
2023-07-09,2023,Summer,Weekend,Commuter-Heavy Transit Hub,432,365,-67,279,2023-07-01
2023-07-09,2023,Summer,Weekend,Leisure & Waterfront,3354,3546,192,1290,2023-07-01
2023-07-09,2023,Summer,Weekend,Residential & Inner-Suburban Feeder,3274,3255,-19,2247,2023-07-01
2023-07-10,2023,Summer,Weekday,Commercial & Employment Core,15305,15167,-138,5298,2023-07-01
2023-07-10,2023,Summer,Weekday,Commuter-Heavy Transit Hub,1025,1133,108,340,2023-07-01
2023-07-10,2023,Summer,Weekday,Leisure & Waterfront,2468,2662,194,1152,2023-07-01
2023-07-10,2023,Summer,Weekday,Residential & Inner-Suburban Feeder,3574,3450,-124,2307,2023-07-01
2023-07-11,2023,Summer,Weekday,Commercial & Employment Core,14054,13861,-193,5208,2023-07-01
2023-07-11,2023,Summer,Weekday,Commuter-Heavy Transit Hub,978,1273,295,328,2023-07-01
2023-07-11,2023,Summer,Weekday,Leisure & Waterfront,1706,1914,208,1032,2023-07-01
2023-07-11,2023,Summer,Weekday,Residential & Inner-Suburban Feeder,3348,3063,-285,2191,2023-07-01
2023-07-12,2023,Summer,Weekday,Commercial & Employment Core,16851,16704,-147,5390,2023-07-01
2023-07-12,2023,Summer,Weekday,Commuter-Heavy Transit Hub,1193,1354,161,336,2023-07-01
2023-07-12,2023,Summer,Weekday,Leisure & Waterfront,2577,2816,239,1211,2023-07-01
2023-07-12,2023,Summer,Weekday,Residential & Inner-Suburban Feeder,3928,3674,-254,2327,2023-07-01
2023-07-13,2023,Summer,Weekday,Commercial & Employment Core,15644,15377,-267,5092,2023-07-01
2023-07-13,2023,Summer,Weekday,Commuter-Heavy Transit Hub,1006,1094,88,314,2023-07-01
2023-07-13,2023,Summer,Weekday,Leisure & Waterfront,2262,2462,200,1132,2023-07-01
2023-07-13,2023,Summer,Weekday,Residential & Inner-Suburban Feeder,3608,3565,-43,2237,2023-07-01
2023-07-14,2023,Summer,Weekday,Commercial & Employment Core,16647,16502,-145,5525,2023-07-01
2023-07-14,2023,Summer,Weekday,Commuter-Heavy Transit Hub,921,1075,154,344,2023-07-01
2023-07-14,2023,Summer,Weekday,Leisure & Waterfront,3160,3413,253,1305,2023-07-01
2023-07-14,2023,Summer,Weekday,Residential & Inner-Suburban Feeder,4086,3758,-328,2421,2023-07-01
2023-07-15,2023,Summer,Weekend,Commercial & Employment Core,12178,12267,89,5284,2023-07-01
2023-07-15,2023,Summer,Weekend,Commuter-Heavy Transit Hub,356,378,22,284,2023-07-01
2023-07-15,2023,Summer,Weekend,Leisure & Waterfront,2332,2432,100,1151,2023-07-01
2023-07-15,2023,Summer,Weekend,Residential & Inner-Suburban Feeder,3024,2921,-103,2179,2023-07-01
2023-07-16,2023,Summer,Weekend,Commercial & Employment Core,13241,13058,-183,5065,2023-07-01
2023-07-16,2023,Summer,Weekend,Commuter-Heavy Transit Hub,376,356,-20,275,2023-07-01
2023-07-16,2023,Summer,Weekend,Leisure & Waterfront,3732,3889,157,1290,2023-07-01
2023-07-16,2023,Summer,Weekend,Residential & Inner-Suburban Feeder,3192,3204,12,2111,2023-07-01
2023-07-17,2023,Summer,Weekday,Commercial & Employment Core,14406,14219,-187,5274,2023-07-01
2023-07-17,2023,Summer,Weekday,Commuter-Heavy Transit Hub,990,1067,77,320,2023-07-01
2023-07-17,2023,Summer,Weekday,Leisure & Waterfront,2064,2267,203,1125,2023-07-01
2023-07-17,2023,Summer,Weekday,Residential & Inner-Suburban Feeder,3411,3342,-69,2250,2023-07-01
2023-07-18,2023,Summer,Weekday,Commercial & Employment Core,16718,16434,-284,5248,2023-07-01
2023-07-18,2023,Summer,Weekday,Commuter-Heavy Transit Hub,1146,1371,225,317,2023-07-01
2023-07-18,2023,Summer,Weekday,Leisure & Waterfront,2429,2655,226,1181,2023-07-01
2023-07-18,2023,Summer,Weekday,Residential & Inner-Suburban Feeder,3937,3751,-186,2253,2023-07-01
2023-07-19,2023,Summer,Weekday,Commercial & Employment Core,17624,17384,-240,5407,2023-07-01
2023-07-19,2023,Summer,Weekday,Commuter-Heavy Transit Hub,1213,1399,186,338,2023-07-01
2023-07-19,2023,Summer,Weekday,Leisure & Waterfront,2761,3019,258,1258,2023-07-01
2023-07-19,2023,Summer,Weekday,Residential & Inner-Suburban Feeder,4214,3989,-225,2449,2023-07-01
2023-07-20,2023,Summer,Weekday,Commercial & Employment Core,15108,14931,-177,5263,2023-07-01
2023-07-20,2023,Summer,Weekday,Commuter-Heavy Transit Hub,1059,1334,275,310,2023-07-01
2023-07-20,2023,Summer,Weekday,Leisure & Waterfront,1948,2115,167,1083,2023-07-01
2023-07-20,2023,Summer,Weekday,Residential & Inner-Suburban Feeder,3615,3370,-245,2208,2023-07-01
2023-07-21,2023,Summer,Weekday,Commercial & Employment Core,16407,16294,-113,5453,2023-07-01
2023-07-21,2023,Summer,Weekday,Commuter-Heavy Transit Hub,860,1022,162,328,2023-07-01
2023-07-21,2023,Summer,Weekday,Leisure & Waterfront,2554,2717,163,1212,2023-07-01
2023-07-21,2023,Summer,Weekday,Residential & Inner-Suburban Feeder,3994,3726,-268,2389,2023-07-01
2023-07-22,2023,Summer,Weekend,Commercial & Employment Core,15191,15227,36,5445,2023-07-01
2023-07-22,2023,Summer,Weekend,Commuter-Heavy Transit Hub,443,406,-37,279,2023-07-01
2023-07-22,2023,Summer,Weekend,Leisure & Waterfront,3910,4005,95,1377,2023-07-01
2023-07-22,2023,Summer,Weekend,Residential & Inner-Suburban Feeder,3859,3749,-110,2368,2023-07-01
2023-07-23,2023,Summer,Weekend,Commercial & Employment Core,12198,12133,-65,5238,2023-07-01
2023-07-23,2023,Summer,Weekend,Commuter-Heavy Transit Hub,321,341,20,277,2023-07-01
2023-07-23,2023,Summer,Weekend,Leisure & Waterfront,2810,2984,174,1214,2023-07-01
2023-07-23,2023,Summer,Weekend,Residential & Inner-Suburban Feeder,2990,2952,-38,2211,2023-07-01
2023-07-24,2023,Summer,Weekday,Commercial & Employment Core,13674,13583,-91,5159,2023-07-01
2023-07-24,2023,Summer,Weekday,Commuter-Heavy Transit Hub,958,1085,127,325,2023-07-01
2023-07-24,2023,Summer,Weekday,Leisure & Waterfront,2000,2086,86,1094,2023-07-01
2023-07-24,2023,Summer,Weekday,Residential & Inner-Suburban Feeder,3239,3095,-144,2234,2023-07-01
2023-07-25,2023,Summer,Weekday,Commercial & Employment Core,16465,16239,-226,5254,2023-07-01
2023-07-25,2023,Summer,Weekday,Commuter-Heavy Transit Hub,1103,1177,74,320,2023-07-01
2023-07-25,2023,Summer,Weekday,Leisure & Waterfront,2449,2661,212,1149,2023-07-01
2023-07-25,2023,Summer,Weekday,Residential & Inner-Suburban Feeder,3965,3866,-99,2361,2023-07-01
2023-07-26,2023,Summer,Weekday,Commercial & Employment Core,15467,15274,-193,5204,2023-07-01
2023-07-26,2023,Summer,Weekday,Commuter-Heavy Transit Hub,1152,1382,230,322,2023-07-01
2023-07-26,2023,Summer,Weekday,Leisure & Waterfront,2070,2386,316,1141,2023-07-01
2023-07-26,2023,Summer,Weekday,Residential & Inner-Suburban Feeder,3986,3698,-288,2304,2023-07-01
2023-07-26,2023,Summer,Weekday,Unassigned,0,1,1,1,2023-07-01
2023-07-27,2023,Summer,Weekday,Commercial & Employment Core,16327,16060,-267,5108,2023-07-01
2023-07-27,2023,Summer,Weekday,Commuter-Heavy Transit Hub,1191,1260,69,331,2023-07-01
2023-07-27,2023,Summer,Weekday,Leisure & Waterfront,2275,2580,305,1151,2023-07-01
2023-07-27,2023,Summer,Weekday,Residential & Inner-Suburban Feeder,3922,3750,-172,2289,2023-07-01
2023-07-28,2023,Summer,Weekday,Commercial & Employment Core,16422,16523,101,5484,2023-07-01
2023-07-28,2023,Summer,Weekday,Commuter-Heavy Transit Hub,936,1024,88,336,2023-07-01
2023-07-28,2023,Summer,Weekday,Leisure & Waterfront,2503,2651,148,1273,2023-07-01
2023-07-28,2023,Summer,Weekday,Residential & Inner-Suburban Feeder,4027,3643,-384,2439,2023-07-01
2023-07-29,2023,Summer,Weekend,Commercial & Employment Core,11175,11004,-171,4835,2023-07-01
2023-07-29,2023,Summer,Weekend,Commuter-Heavy Transit Hub,339,319,-20,242,2023-07-01
2023-07-29,2023,Summer,Weekend,Leisure & Waterfront,2249,2490,241,1036,2023-07-01
2023-07-29,2023,Summer,Weekend,Residential & Inner-Suburban Feeder,2666,2651,-15,1942,2023-07-01
2023-07-30,2023,Summer,Weekend,Commercial & Employment Core,14652,14550,-102,5346,2023-07-01
2023-07-30,2023,Summer,Weekend,Commuter-Heavy Transit Hub,408,370,-38,282,2023-07-01
2023-07-30,2023,Summer,Weekend,Leisure & Waterfront,4261,4427,166,1392,2023-07-01
2023-07-30,2023,Summer,Weekend,Residential & Inner-Suburban Feeder,3655,3675,20,2325,2023-07-01
2023-07-31,2023,Summer,Weekday,Commercial & Employment Core,15476,15331,-145,5313,2023-07-01
2023-07-31,2023,Summer,Weekday,Commuter-Heavy Transit Hub,1095,1178,83,341,2023-07-01
2023-07-31,2023,Summer,Weekday,Leisure & Waterfront,2439,2687,248,1172,2023-07-01
2023-07-31,2023,Summer,Weekday,Residential & Inner-Suburban Feeder,3802,3613,-189,2356,2023-07-01
2023-08-01,2023,Summer,Weekday,Commercial & Employment Core,17243,17028,-215,5389,2023-08-01
2023-08-01,2023,Summer,Weekday,Commuter-Heavy Transit Hub,1155,1374,219,332,2023-08-01
2023-08-01,2023,Summer,Weekday,Leisure & Waterfront,2520,2767,247,1227,2023-08-01
2023-08-01,2023,Summer,Weekday,Residential & Inner-Suburban Feeder,4300,4030,-270,2425,2023-08-01
2023-08-02,2023,Summer,Weekday,Commercial & Employment Core,17826,17497,-329,5423,2023-08-01
2023-08-02,2023,Summer,Weekday,Commuter-Heavy Transit Hub,1219,1406,187,335,2023-08-01
2023-08-02,2023,Summer,Weekday,Leisure & Waterfront,2541,2849,308,1220,2023-08-01
2023-08-02,2023,Summer,Weekday,Residential & Inner-Suburban Feeder,4142,3978,-164,2438,2023-08-01
2023-08-03,2023,Summer,Weekday,Commercial & Employment Core,16359,16358,-1,5227,2023-08-01
2023-08-03,2023,Summer,Weekday,Commuter-Heavy Transit Hub,1128,1273,145,326,2023-08-01
2023-08-03,2023,Summer,Weekday,Leisure & Waterfront,2349,2532,183,1128,2023-08-01
2023-08-03,2023,Summer,Weekday,Residential & Inner-Suburban Feeder,3920,3657,-263,2278,2023-08-01
2023-08-04,2023,Summer,Weekday,Commercial & Employment Core,15732,15639,-93,5526,2023-08-01
2023-08-04,2023,Summer,Weekday,Commuter-Heavy Transit Hub,820,937,117,346,2023-08-01
2023-08-04,2023,Summer,Weekday,Leisure & Waterfront,2638,2850,212,1220,2023-08-01
2023-08-04,2023,Summer,Weekday,Residential & Inner-Suburban Feeder,3882,3540,-342,2394,2023-08-01
2023-08-05,2023,Summer,Weekend,Commercial & Employment Core,14862,14783,-79,5439,2023-08-01
2023-08-05,2023,Summer,Weekend,Commuter-Heavy Transit Hub,393,434,41,302,2023-08-01
2023-08-05,2023,Summer,Weekend,Leisure & Waterfront,4763,4930,167,1353,2023-08-01
2023-08-05,2023,Summer,Weekend,Residential & Inner-Suburban Feeder,3909,3747,-162,2302,2023-08-01
2023-08-06,2023,Summer,Weekend,Commercial & Employment Core,11872,11892,20,5159,2023-08-01
2023-08-06,2023,Summer,Weekend,Commuter-Heavy Transit Hub,317,324,7,276,2023-08-01
2023-08-06,2023,Summer,Weekend,Leisure & Waterfront,2974,3119,145,1201,2023-08-01
2023-08-06,2023,Summer,Weekend,Residential & Inner-Suburban Feeder,2814,2765,-49,2042,2023-08-01
2023-08-07,2023,Summer,Weekday,Commercial & Employment Core,9666,9676,10,4598,2023-08-01
2023-08-07,2023,Summer,Weekday,Commuter-Heavy Transit Hub,383,366,-17,249,2023-08-01
2023-08-07,2023,Summer,Weekday,Leisure & Waterfront,1991,2117,126,1043,2023-08-01
2023-08-07,2023,Summer,Weekday,Residential & Inner-Suburban Feeder,2458,2325,-133,1885,2023-08-01
2023-08-08,2023,Summer,Weekday,Commercial & Employment Core,15703,15450,-253,5191,2023-08-01
2023-08-08,2023,Summer,Weekday,Commuter-Heavy Transit Hub,1041,1162,121,328,2023-08-01
2023-08-08,2023,Summer,Weekday,Leisure & Waterfront,2063,2287,224,1108,2023-08-01
2023-08-08,2023,Summer,Weekday,Residential & Inner-Suburban Feeder,3748,3646,-102,2316,2023-08-01
2023-08-09,2023,Summer,Weekday,Commercial & Employment Core,16969,16668,-301,5386,2023-08-01
2023-08-09,2023,Summer,Weekday,Commuter-Heavy Transit Hub,1100,1332,232,334,2023-08-01
2023-08-09,2023,Summer,Weekday,Leisure & Waterfront,2508,2747,239,1198,2023-08-01
2023-08-09,2023,Summer,Weekday,Residential & Inner-Suburban Feeder,4082,3890,-192,2410,2023-08-01
2023-08-10,2023,Summer,Weekday,Commercial & Employment Core,16388,16110,-278,5362,2023-08-01
2023-08-10,2023,Summer,Weekday,Commuter-Heavy Transit Hub,1159,1312,153,342,2023-08-01
2023-08-10,2023,Summer,Weekday,Leisure & Waterfront,2239,2613,374,1180,2023-08-01
2023-08-10,2023,Summer,Weekday,Residential & Inner-Suburban Feeder,4076,3820,-256,2436,2023-08-01
2023-08-11,2023,Summer,Weekday,Commercial & Employment Core,16915,16849,-66,5541,2023-08-01
2023-08-11,2023,Summer,Weekday,Commuter-Heavy Transit Hub,923,1039,116,350,2023-08-01
2023-08-11,2023,Summer,Weekday,Leisure & Waterfront,2664,2923,259,1219,2023-08-01
2023-08-11,2023,Summer,Weekday,Residential & Inner-Suburban Feeder,4345,3964,-381,2465,2023-08-01
2023-08-12,2023,Summer,Weekend,Commercial & Employment Core,13904,13915,11,5361,2023-08-01
2023-08-12,2023,Summer,Weekend,Commuter-Heavy Transit Hub,419,381,-38,290,2023-08-01
2023-08-12,2023,Summer,Weekend,Leisure & Waterfront,3006,3261,255,1235,2023-08-01
2023-08-12,2023,Summer,Weekend,Residential & Inner-Suburban Feeder,3645,3428,-217,2264,2023-08-01
2023-08-13,2023,Summer,Weekend,Commercial & Employment Core,14007,13889,-118,5257,2023-08-01
2023-08-13,2023,Summer,Weekend,Commuter-Heavy Transit Hub,461,404,-57,296,2023-08-01
2023-08-13,2023,Summer,Weekend,Leisure & Waterfront,3790,3941,151,1363,2023-08-01
2023-08-13,2023,Summer,Weekend,Residential & Inner-Suburban Feeder,3535,3662,127,2329,2023-08-01
2023-08-14,2023,Summer,Weekday,Commercial & Employment Core,14686,14587,-99,5165,2023-08-01
2023-08-14,2023,Summer,Weekday,Commuter-Heavy Transit Hub,1048,1124,76,337,2023-08-01
2023-08-14,2023,Summer,Weekday,Leisure & Waterfront,2163,2274,111,1152,2023-08-01
2023-08-14,2023,Summer,Weekday,Residential & Inner-Suburban Feeder,3557,3465,-92,2263,2023-08-01
2023-08-15,2023,Summer,Weekday,Commercial & Employment Core,14879,14751,-128,5093,2023-08-01
2023-08-15,2023,Summer,Weekday,Commuter-Heavy Transit Hub,1084,1302,218,328,2023-08-01
2023-08-15,2023,Summer,Weekday,Leisure & Waterfront,1680,1831,151,989,2023-08-01
2023-08-15,2023,Summer,Weekday,Residential & Inner-Suburban Feeder,3464,3295,-169,2235,2023-08-01
2023-08-16,2023,Summer,Weekday,Commercial & Employment Core,16957,16669,-288,4971,2023-08-01
2023-08-16,2023,Summer,Weekday,Commuter-Heavy Transit Hub,1160,1312,152,311,2023-08-01
2023-08-16,2023,Summer,Weekday,Leisure & Waterfront,2704,3091,387,1177,2023-08-01
2023-08-16,2023,Summer,Weekday,Residential & Inner-Suburban Feeder,4150,3825,-325,2319,2023-08-01
2023-08-17,2023,Summer,Weekday,Commercial & Employment Core,16131,16130,-1,5289,2023-08-01
2023-08-17,2023,Summer,Weekday,Commuter-Heavy Transit Hub,1197,1328,131,346,2023-08-01
2023-08-17,2023,Summer,Weekday,Leisure & Waterfront,2315,2477,162,1146,2023-08-01
2023-08-17,2023,Summer,Weekday,Residential & Inner-Suburban Feeder,3988,3707,-281,2353,2023-08-01
2023-08-18,2023,Summer,Weekday,Commercial & Employment Core,14824,14741,-83,5351,2023-08-01
2023-08-18,2023,Summer,Weekday,Commuter-Heavy Transit Hub,863,986,123,345,2023-08-01
2023-08-18,2023,Summer,Weekday,Leisure & Waterfront,1859,2103,244,1093,2023-08-01
2023-08-18,2023,Summer,Weekday,Residential & Inner-Suburban Feeder,3605,3266,-339,2284,2023-08-01
2023-08-19,2023,Summer,Weekend,Commercial & Employment Core,15388,15327,-61,5484,2023-08-01
2023-08-19,2023,Summer,Weekend,Commuter-Heavy Transit Hub,455,442,-13,309,2023-08-01
2023-08-19,2023,Summer,Weekend,Leisure & Waterfront,3977,4249,272,1329,2023-08-01
2023-08-19,2023,Summer,Weekend,Residential & Inner-Suburban Feeder,3994,3759,-235,2379,2023-08-01
2023-08-20,2023,Summer,Weekend,Commercial & Employment Core,13584,13518,-66,5375,2023-08-01
2023-08-20,2023,Summer,Weekend,Commuter-Heavy Transit Hub,423,392,-31,309,2023-08-01
2023-08-20,2023,Summer,Weekend,Leisure & Waterfront,3871,4068,197,1269,2023-08-01
2023-08-20,2023,Summer,Weekend,Residential & Inner-Suburban Feeder,3535,3500,-35,2316,2023-08-01
2023-08-21,2023,Summer,Weekday,Commercial & Employment Core,14999,14889,-110,5282,2023-08-01
2023-08-21,2023,Summer,Weekday,Commuter-Heavy Transit Hub,996,1050,54,325,2023-08-01
2023-08-21,2023,Summer,Weekday,Leisure & Waterfront,2299,2493,194,1132,2023-08-01
2023-08-21,2023,Summer,Weekday,Residential & Inner-Suburban Feeder,3630,3504,-126,2341,2023-08-01
2023-08-22,2023,Summer,Weekday,Commercial & Employment Core,16825,16569,-256,5311,2023-08-01
2023-08-22,2023,Summer,Weekday,Commuter-Heavy Transit Hub,1110,1373,263,329,2023-08-01
2023-08-22,2023,Summer,Weekday,Leisure & Waterfront,2777,3013,236,1228,2023-08-01
2023-08-22,2023,Summer,Weekday,Residential & Inner-Suburban Feeder,4330,4089,-241,2451,2023-08-01
2023-08-23,2023,Summer,Weekday,Commercial & Employment Core,13121,12873,-248,5151,2023-08-01
2023-08-23,2023,Summer,Weekday,Commuter-Heavy Transit Hub,825,799,-26,293,2023-08-01
2023-08-23,2023,Summer,Weekday,Leisure & Waterfront,1546,1741,195,971,2023-08-01
2023-08-23,2023,Summer,Weekday,Residential & Inner-Suburban Feeder,3091,3175,84,2170,2023-08-01
2023-08-24,2023,Summer,Weekday,Commercial & Employment Core,15003,14954,-49,5251,2023-08-01
2023-08-24,2023,Summer,Weekday,Commuter-Heavy Transit Hub,1044,1232,188,333,2023-08-01
2023-08-24,2023,Summer,Weekday,Leisure & Waterfront,1900,2141,241,1127,2023-08-01
2023-08-24,2023,Summer,Weekday,Residential & Inner-Suburban Feeder,3809,3455,-354,2333,2023-08-01
2023-08-25,2023,Summer,Weekday,Commercial & Employment Core,15886,15766,-120,5437,2023-08-01
2023-08-25,2023,Summer,Weekday,Commuter-Heavy Transit Hub,917,966,49,337,2023-08-01
2023-08-25,2023,Summer,Weekday,Leisure & Waterfront,2445,2750,305,1190,2023-08-01
2023-08-25,2023,Summer,Weekday,Residential & Inner-Suburban Feeder,4179,3798,-381,2528,2023-08-01
2023-08-26,2023,Summer,Weekend,Commercial & Employment Core,13653,13731,78,5472,2023-08-01
2023-08-26,2023,Summer,Weekend,Commuter-Heavy Transit Hub,386,379,-7,294,2023-08-01
2023-08-26,2023,Summer,Weekend,Leisure & Waterfront,2946,3167,221,1295,2023-08-01
2023-08-26,2023,Summer,Weekend,Residential & Inner-Suburban Feeder,3667,3449,-218,2428,2023-08-01
2023-08-27,2023,Summer,Weekend,Commercial & Employment Core,14227,14221,-6,5338,2023-08-01
2023-08-27,2023,Summer,Weekend,Commuter-Heavy Transit Hub,350,307,-43,276,2023-08-01
2023-08-27,2023,Summer,Weekend,Leisure & Waterfront,3897,4179,282,1286,2023-08-01
2023-08-27,2023,Summer,Weekend,Residential & Inner-Suburban Feeder,3651,3460,-191,2338,2023-08-01
2023-08-28,2023,Summer,Weekday,Commercial & Employment Core,15141,14726,-415,5354,2023-08-01
2023-08-28,2023,Summer,Weekday,Commuter-Heavy Transit Hub,981,1056,75,327,2023-08-01
2023-08-28,2023,Summer,Weekday,Leisure & Waterfront,2506,2899,393,1190,2023-08-01
2023-08-28,2023,Summer,Weekday,Residential & Inner-Suburban Feeder,3733,3675,-58,2387,2023-08-01
2023-08-29,2023,Summer,Weekday,Commercial & Employment Core,16811,16523,-288,5318,2023-08-01
2023-08-29,2023,Summer,Weekday,Commuter-Heavy Transit Hub,1093,1266,173,321,2023-08-01
2023-08-29,2023,Summer,Weekday,Leisure & Waterfront,2499,2924,425,1202,2023-08-01
2023-08-29,2023,Summer,Weekday,Residential & Inner-Suburban Feeder,4244,3987,-257,2429,2023-08-01
2023-08-30,2023,Summer,Weekday,Commercial & Employment Core,15753,15701,-52,5257,2023-08-01
2023-08-30,2023,Summer,Weekday,Commuter-Heavy Transit Hub,1190,1261,71,338,2023-08-01
2023-08-30,2023,Summer,Weekday,Leisure & Waterfront,2352,2701,349,1145,2023-08-01
2023-08-30,2023,Summer,Weekday,Residential & Inner-Suburban Feeder,4090,3650,-440,2355,2023-08-01
2023-08-31,2023,Summer,Weekday,Commercial & Employment Core,16452,16266,-186,5431,2023-08-01
2023-08-31,2023,Summer,Weekday,Commuter-Heavy Transit Hub,1196,1252,56,345,2023-08-01
2023-08-31,2023,Summer,Weekday,Leisure & Waterfront,2510,2876,366,1200,2023-08-01
2023-08-31,2023,Summer,Weekday,Residential & Inner-Suburban Feeder,4107,3855,-252,2480,2023-08-01
2023-09-01,2023,Fall,Weekday,Commercial & Employment Core,15478,15489,11,5485,2023-09-01
2023-09-01,2023,Fall,Weekday,Commuter-Heavy Transit Hub,791,837,46,336,2023-09-01
2023-09-01,2023,Fall,Weekday,Leisure & Waterfront,2563,2792,229,1238,2023-09-01
2023-09-01,2023,Fall,Weekday,Residential & Inner-Suburban Feeder,3905,3594,-311,2435,2023-09-01
2023-09-02,2023,Fall,Weekend,Commercial & Employment Core,13222,13268,46,5381,2023-09-01
2023-09-02,2023,Fall,Weekend,Commuter-Heavy Transit Hub,363,321,-42,263,2023-09-01
2023-09-02,2023,Fall,Weekend,Leisure & Waterfront,3595,3834,239,1277,2023-09-01
2023-09-02,2023,Fall,Weekend,Residential & Inner-Suburban Feeder,3514,3256,-258,2303,2023-09-01
2023-09-03,2023,Fall,Weekend,Commercial & Employment Core,13303,13162,-141,5341,2023-09-01
2023-09-03,2023,Fall,Weekend,Commuter-Heavy Transit Hub,374,317,-57,266,2023-09-01
2023-09-03,2023,Fall,Weekend,Leisure & Waterfront,4410,4741,331,1321,2023-09-01
2023-09-03,2023,Fall,Weekend,Residential & Inner-Suburban Feeder,3678,3552,-126,2386,2023-09-01
2023-09-04,2023,Fall,Weekday,Commercial & Employment Core,11821,11666,-155,5165,2023-09-01
2023-09-04,2023,Fall,Weekday,Commuter-Heavy Transit Hub,406,380,-26,286,2023-09-01
2023-09-04,2023,Fall,Weekday,Leisure & Waterfront,3841,4232,391,1267,2023-09-01
2023-09-04,2023,Fall,Weekday,Residential & Inner-Suburban Feeder,3317,3181,-136,2205,2023-09-01
2023-09-05,2023,Fall,Weekday,Commercial & Employment Core,15818,15676,-142,5358,2023-09-01
2023-09-05,2023,Fall,Weekday,Commuter-Heavy Transit Hub,1116,1285,169,340,2023-09-01
2023-09-05,2023,Fall,Weekday,Leisure & Waterfront,2038,2200,162,1086,2023-09-01
2023-09-05,2023,Fall,Weekday,Residential & Inner-Suburban Feeder,3929,3751,-178,2427,2023-09-01
2023-09-06,2023,Fall,Weekday,Commercial & Employment Core,16659,16482,-177,5437,2023-09-01
2023-09-06,2023,Fall,Weekday,Commuter-Heavy Transit Hub,1192,1332,140,324,2023-09-01
2023-09-06,2023,Fall,Weekday,Leisure & Waterfront,1930,2184,254,1124,2023-09-01
2023-09-06,2023,Fall,Weekday,Residential & Inner-Suburban Feeder,3967,3727,-240,2399,2023-09-01
2023-09-07,2023,Fall,Weekday,Commercial & Employment Core,17009,16779,-230,5293,2023-09-01
2023-09-07,2023,Fall,Weekday,Commuter-Heavy Transit Hub,1310,1469,159,327,2023-09-01
2023-09-07,2023,Fall,Weekday,Leisure & Waterfront,1777,1996,219,1063,2023-09-01
2023-09-07,2023,Fall,Weekday,Residential & Inner-Suburban Feeder,3995,3841,-154,2373,2023-09-01
2023-09-08,2023,Fall,Weekday,Commercial & Employment Core,16866,17088,222,5445,2023-09-01
2023-09-08,2023,Fall,Weekday,Commuter-Heavy Transit Hub,1252,1313,61,362,2023-09-01
2023-09-08,2023,Fall,Weekday,Leisure & Waterfront,1755,1878,123,1116,2023-09-01
2023-09-08,2023,Fall,Weekday,Residential & Inner-Suburban Feeder,4203,3748,-455,2465,2023-09-01
2023-09-09,2023,Fall,Weekend,Commercial & Employment Core,15364,15286,-78,5494,2023-09-01
2023-09-09,2023,Fall,Weekend,Commuter-Heavy Transit Hub,548,501,-47,312,2023-09-01
2023-09-09,2023,Fall,Weekend,Leisure & Waterfront,2451,2700,249,1259,2023-09-01
2023-09-09,2023,Fall,Weekend,Residential & Inner-Suburban Feeder,3927,3813,-114,2444,2023-09-01
2023-09-10,2023,Fall,Weekend,Commercial & Employment Core,15035,15076,41,5520,2023-09-01
2023-09-10,2023,Fall,Weekend,Commuter-Heavy Transit Hub,589,518,-71,301,2023-09-01
2023-09-10,2023,Fall,Weekend,Leisure & Waterfront,2748,2886,138,1278,2023-09-01
2023-09-10,2023,Fall,Weekend,Residential & Inner-Suburban Feeder,3585,3528,-57,2387,2023-09-01
2023-09-11,2023,Fall,Weekday,Commercial & Employment Core,16907,16838,-69,5421,2023-09-01
2023-09-11,2023,Fall,Weekday,Commuter-Heavy Transit Hub,1344,1409,65,336,2023-09-01
2023-09-11,2023,Fall,Weekday,Leisure & Waterfront,1787,1942,155,1086,2023-09-01
2023-09-11,2023,Fall,Weekday,Residential & Inner-Suburban Feeder,4115,3997,-118,2514,2023-09-01
2023-09-12,2023,Fall,Weekday,Commercial & Employment Core,15489,15314,-175,5239,2023-09-01
2023-09-12,2023,Fall,Weekday,Commuter-Heavy Transit Hub,1338,1063,-275,350,2023-09-01
2023-09-12,2023,Fall,Weekday,Leisure & Waterfront,1423,1618,195,936,2023-09-01
2023-09-12,2023,Fall,Weekday,Residential & Inner-Suburban Feeder,3380,3617,237,2290,2023-09-01
2023-09-13,2023,Fall,Weekday,Commercial & Employment Core,17805,17647,-158,5406,2023-09-01
2023-09-13,2023,Fall,Weekday,Commuter-Heavy Transit Hub,1540,1715,175,354,2023-09-01
2023-09-13,2023,Fall,Weekday,Leisure & Waterfront,1775,1969,194,1088,2023-09-01
2023-09-13,2023,Fall,Weekday,Residential & Inner-Suburban Feeder,4309,4095,-214,2505,2023-09-01
2023-09-14,2023,Fall,Weekday,Commercial & Employment Core,17779,17852,73,5400,2023-09-01
2023-09-14,2023,Fall,Weekday,Commuter-Heavy Transit Hub,1566,1694,128,372,2023-09-01
2023-09-14,2023,Fall,Weekday,Leisure & Waterfront,2030,2193,163,1110,2023-09-01
2023-09-14,2023,Fall,Weekday,Residential & Inner-Suburban Feeder,4351,3958,-393,2463,2023-09-01
2023-09-15,2023,Fall,Weekday,Commercial & Employment Core,17163,17204,41,5540,2023-09-01
2023-09-15,2023,Fall,Weekday,Commuter-Heavy Transit Hub,1157,1209,52,363,2023-09-01
2023-09-15,2023,Fall,Weekday,Leisure & Waterfront,1894,2108,214,1073,2023-09-01
2023-09-15,2023,Fall,Weekday,Residential & Inner-Suburban Feeder,4082,3711,-371,2423,2023-09-01
2023-09-16,2023,Fall,Weekend,Commercial & Employment Core,16684,16720,36,5629,2023-09-01
2023-09-16,2023,Fall,Weekend,Commuter-Heavy Transit Hub,618,661,43,330,2023-09-01
2023-09-16,2023,Fall,Weekend,Leisure & Waterfront,3904,4124,220,1302,2023-09-01
2023-09-16,2023,Fall,Weekend,Residential & Inner-Suburban Feeder,4307,3982,-325,2469,2023-09-01
2023-09-17,2023,Fall,Weekend,Commercial & Employment Core,14915,15003,88,5497,2023-09-01
2023-09-17,2023,Fall,Weekend,Commuter-Heavy Transit Hub,486,445,-41,312,2023-09-01
2023-09-17,2023,Fall,Weekend,Leisure & Waterfront,3247,3415,168,1247,2023-09-01
2023-09-17,2023,Fall,Weekend,Residential & Inner-Suburban Feeder,3699,3620,-79,2347,2023-09-01
2023-09-18,2023,Fall,Weekday,Commercial & Employment Core,15527,15433,-94,5202,2023-09-01
2023-09-18,2023,Fall,Weekday,Commuter-Heavy Transit Hub,1338,1396,58,366,2023-09-01
2023-09-18,2023,Fall,Weekday,Leisure & Waterfront,1439,1551,112,980,2023-09-01
2023-09-18,2023,Fall,Weekday,Residential & Inner-Suburban Feeder,3442,3376,-66,2264,2023-09-01
2023-09-19,2023,Fall,Weekday,Commercial & Employment Core,17720,17714,-6,5342,2023-09-01
2023-09-19,2023,Fall,Weekday,Commuter-Heavy Transit Hub,1553,1668,115,363,2023-09-01
2023-09-19,2023,Fall,Weekday,Leisure & Waterfront,2080,2196,116,1150,2023-09-01
2023-09-19,2023,Fall,Weekday,Residential & Inner-Suburban Feeder,4211,3969,-242,2428,2023-09-01
2023-09-20,2023,Fall,Weekday,Commercial & Employment Core,17576,17449,-127,5388,2023-09-01
2023-09-20,2023,Fall,Weekday,Commuter-Heavy Transit Hub,1574,1730,156,354,2023-09-01
2023-09-20,2023,Fall,Weekday,Leisure & Waterfront,1920,2145,225,1115,2023-09-01
2023-09-20,2023,Fall,Weekday,Residential & Inner-Suburban Feeder,4130,3881,-249,2386,2023-09-01
2023-09-21,2023,Fall,Weekday,Commercial & Employment Core,17798,17766,-32,5361,2023-09-01
2023-09-21,2023,Fall,Weekday,Commuter-Heavy Transit Hub,1384,1615,231,344,2023-09-01
2023-09-21,2023,Fall,Weekday,Leisure & Waterfront,2013,2165,152,1153,2023-09-01
2023-09-21,2023,Fall,Weekday,Residential & Inner-Suburban Feeder,4227,3853,-374,2413,2023-09-01
2023-09-22,2023,Fall,Weekday,Commercial & Employment Core,17214,17257,43,5461,2023-09-01
2023-09-22,2023,Fall,Weekday,Commuter-Heavy Transit Hub,1268,1311,43,372,2023-09-01
2023-09-22,2023,Fall,Weekday,Leisure & Waterfront,1940,2121,181,1141,2023-09-01
2023-09-22,2023,Fall,Weekday,Residential & Inner-Suburban Feeder,4067,3732,-335,2414,2023-09-01
2023-09-23,2023,Fall,Weekend,Commercial & Employment Core,16044,16156,112,5536,2023-09-01
2023-09-23,2023,Fall,Weekend,Commuter-Heavy Transit Hub,552,636,84,343,2023-09-01
2023-09-23,2023,Fall,Weekend,Leisure & Waterfront,3040,3132,92,1241,2023-09-01
2023-09-23,2023,Fall,Weekend,Residential & Inner-Suburban Feeder,3939,3599,-340,2396,2023-09-01
2023-09-24,2023,Fall,Weekend,Commercial & Employment Core,14426,14409,-17,5541,2023-09-01
2023-09-24,2023,Fall,Weekend,Commuter-Heavy Transit Hub,546,476,-70,345,2023-09-01
2023-09-24,2023,Fall,Weekend,Leisure & Waterfront,2444,2708,264,1238,2023-09-01
2023-09-24,2023,Fall,Weekend,Residential & Inner-Suburban Feeder,3395,3370,-25,2290,2023-09-01
2023-09-25,2023,Fall,Weekday,Commercial & Employment Core,15867,15763,-104,5299,2023-09-01
2023-09-25,2023,Fall,Weekday,Commuter-Heavy Transit Hub,1384,1439,55,359,2023-09-01
2023-09-25,2023,Fall,Weekday,Leisure & Waterfront,1584,1696,112,1099,2023-09-01
2023-09-25,2023,Fall,Weekday,Residential & Inner-Suburban Feeder,3726,3654,-72,2422,2023-09-01
2023-09-26,2023,Fall,Weekday,Commercial & Employment Core,17329,17284,-45,5334,2023-09-01
2023-09-26,2023,Fall,Weekday,Commuter-Heavy Transit Hub,1570,1653,83,354,2023-09-01
2023-09-26,2023,Fall,Weekday,Leisure & Waterfront,1869,2006,137,1114,2023-09-01
2023-09-26,2023,Fall,Weekday,Residential & Inner-Suburban Feeder,4093,3920,-173,2431,2023-09-01
2023-09-27,2023,Fall,Weekday,Commercial & Employment Core,17516,17554,38,5423,2023-09-01
2023-09-27,2023,Fall,Weekday,Commuter-Heavy Transit Hub,1609,1651,42,383,2023-09-01
2023-09-27,2023,Fall,Weekday,Leisure & Waterfront,1666,1834,168,1067,2023-09-01
2023-09-27,2023,Fall,Weekday,Residential & Inner-Suburban Feeder,4007,3739,-268,2424,2023-09-01
2023-09-28,2023,Fall,Weekday,Commercial & Employment Core,16502,16432,-70,5324,2023-09-01
2023-09-28,2023,Fall,Weekday,Commuter-Heavy Transit Hub,1501,1766,265,370,2023-09-01
2023-09-28,2023,Fall,Weekday,Leisure & Waterfront,1432,1610,178,1011,2023-09-01
2023-09-28,2023,Fall,Weekday,Residential & Inner-Suburban Feeder,3837,3481,-356,2335,2023-09-01
2023-09-29,2023,Fall,Weekday,Commercial & Employment Core,16718,16877,159,5426,2023-09-01
2023-09-29,2023,Fall,Weekday,Commuter-Heavy Transit Hub,1274,1294,20,399,2023-09-01
2023-09-29,2023,Fall,Weekday,Leisure & Waterfront,1635,1804,169,1048,2023-09-01
2023-09-29,2023,Fall,Weekday,Residential & Inner-Suburban Feeder,3930,3525,-405,2419,2023-09-01
2023-09-30,2023,Fall,Weekend,Commercial & Employment Core,15188,15158,-30,5452,2023-09-01
2023-09-30,2023,Fall,Weekend,Commuter-Heavy Transit Hub,483,519,36,332,2023-09-01
2023-09-30,2023,Fall,Weekend,Leisure & Waterfront,2686,2804,118,1181,2023-09-01
2023-09-30,2023,Fall,Weekend,Residential & Inner-Suburban Feeder,3734,3606,-128,2383,2023-09-01
2023-10-01,2023,Fall,Weekend,Commercial & Employment Core,13783,13780,-3,5388,2023-10-01
2023-10-01,2023,Fall,Weekend,Commuter-Heavy Transit Hub,432,415,-17,309,2023-10-01
2023-10-01,2023,Fall,Weekend,Leisure & Waterfront,2634,2762,128,1220,2023-10-01
2023-10-01,2023,Fall,Weekend,Residential & Inner-Suburban Feeder,3500,3464,-36,2367,2023-10-01
2023-10-02,2023,Fall,Weekday,Commercial & Employment Core,15658,15688,30,5269,2023-10-01
2023-10-02,2023,Fall,Weekday,Commuter-Heavy Transit Hub,1302,1257,-45,373,2023-10-01
2023-10-02,2023,Fall,Weekday,Leisure & Waterfront,1866,1979,113,1107,2023-10-01
2023-10-02,2023,Fall,Weekday,Residential & Inner-Suburban Feeder,3705,3597,-108,2441,2023-10-01
2023-10-03,2023,Fall,Weekday,Commercial & Employment Core,17204,17091,-113,5381,2023-10-01
2023-10-03,2023,Fall,Weekday,Commuter-Heavy Transit Hub,1427,1536,109,355,2023-10-01
2023-10-03,2023,Fall,Weekday,Leisure & Waterfront,2084,2201,117,1130,2023-10-01
2023-10-03,2023,Fall,Weekday,Residential & Inner-Suburban Feeder,4120,3990,-130,2432,2023-10-01
2023-10-03,2023,Fall,Weekday,Unassigned,0,1,1,1,2023-10-01
2023-10-04,2023,Fall,Weekday,Commercial & Employment Core,18053,17978,-75,5534,2023-10-01
2023-10-04,2023,Fall,Weekday,Commuter-Heavy Transit Hub,1467,1561,94,361,2023-10-01
2023-10-04,2023,Fall,Weekday,Leisure & Waterfront,1961,2183,222,1179,2023-10-01
2023-10-04,2023,Fall,Weekday,Residential & Inner-Suburban Feeder,4333,4100,-233,2471,2023-10-01
2023-10-05,2023,Fall,Weekday,Commercial & Employment Core,15361,15498,137,5140,2023-10-01
2023-10-05,2023,Fall,Weekday,Commuter-Heavy Transit Hub,1424,1587,163,359,2023-10-01
2023-10-05,2023,Fall,Weekday,Leisure & Waterfront,1483,1656,173,1001,2023-10-01
2023-10-05,2023,Fall,Weekday,Residential & Inner-Suburban Feeder,3746,3325,-421,2263,2023-10-01
2023-10-06,2023,Fall,Weekday,Commercial & Employment Core,14948,14936,-12,5024,2023-10-01
2023-10-06,2023,Fall,Weekday,Commuter-Heavy Transit Hub,1090,1086,-4,354,2023-10-01
2023-10-06,2023,Fall,Weekday,Leisure & Waterfront,1524,1655,131,971,2023-10-01
2023-10-06,2023,Fall,Weekday,Residential & Inner-Suburban Feeder,3445,3225,-220,2244,2023-10-01
2023-10-07,2023,Fall,Weekend,Commercial & Employment Core,11704,11778,74,5121,2023-10-01
2023-10-07,2023,Fall,Weekend,Commuter-Heavy Transit Hub,429,462,33,304,2023-10-01
2023-10-07,2023,Fall,Weekend,Leisure & Waterfront,1554,1652,98,1002,2023-10-01
2023-10-07,2023,Fall,Weekend,Residential & Inner-Suburban Feeder,2803,2655,-148,2189,2023-10-01
2023-10-08,2023,Fall,Weekend,Commercial & Employment Core,6447,6599,152,4360,2023-10-01
2023-10-08,2023,Fall,Weekend,Commuter-Heavy Transit Hub,229,229,0,243,2023-10-01
2023-10-08,2023,Fall,Weekend,Leisure & Waterfront,617,647,30,604,2023-10-01
2023-10-08,2023,Fall,Weekend,Residential & Inner-Suburban Feeder,1468,1321,-147,1518,2023-10-01
2023-10-09,2023,Fall,Weekday,Commercial & Employment Core,6625,6652,27,4140,2023-10-01
2023-10-09,2023,Fall,Weekday,Commuter-Heavy Transit Hub,252,233,-19,242,2023-10-01
2023-10-09,2023,Fall,Weekday,Leisure & Waterfront,819,835,16,663,2023-10-01
2023-10-09,2023,Fall,Weekday,Residential & Inner-Suburban Feeder,1462,1435,-27,1489,2023-10-01
2023-10-10,2023,Fall,Weekday,Commercial & Employment Core,11891,11881,-10,4883,2023-10-01
2023-10-10,2023,Fall,Weekday,Commuter-Heavy Transit Hub,1139,1192,53,335,2023-10-01
2023-10-10,2023,Fall,Weekday,Leisure & Waterfront,858,958,100,804,2023-10-01
2023-10-10,2023,Fall,Weekday,Residential & Inner-Suburban Feeder,2738,2604,-134,2029,2023-10-01
2023-10-11,2023,Fall,Weekday,Commercial & Employment Core,14334,14405,71,5060,2023-10-01
2023-10-11,2023,Fall,Weekday,Commuter-Heavy Transit Hub,1389,1405,16,350,2023-10-01
2023-10-11,2023,Fall,Weekday,Leisure & Waterfront,1228,1322,94,924,2023-10-01
2023-10-11,2023,Fall,Weekday,Residential & Inner-Suburban Feeder,3428,3210,-218,2272,2023-10-01
2023-10-12,2023,Fall,Weekday,Commercial & Employment Core,15065,14963,-102,5228,2023-10-01
2023-10-12,2023,Fall,Weekday,Commuter-Heavy Transit Hub,1315,1476,161,372,2023-10-01
2023-10-12,2023,Fall,Weekday,Leisure & Waterfront,1349,1521,172,1018,2023-10-01
2023-10-12,2023,Fall,Weekday,Residential & Inner-Suburban Feeder,3552,3325,-227,2315,2023-10-01
2023-10-13,2023,Fall,Weekday,Commercial & Employment Core,14341,14486,145,5246,2023-10-01
2023-10-13,2023,Fall,Weekday,Commuter-Heavy Transit Hub,1059,1165,106,380,2023-10-01
2023-10-13,2023,Fall,Weekday,Leisure & Waterfront,1415,1467,52,930,2023-10-01
2023-10-13,2023,Fall,Weekday,Residential & Inner-Suburban Feeder,3535,3198,-337,2313,2023-10-01
2023-10-14,2023,Fall,Weekend,Commercial & Employment Core,12307,12241,-66,5160,2023-10-01
2023-10-14,2023,Fall,Weekend,Commuter-Heavy Transit Hub,426,464,38,315,2023-10-01
2023-10-14,2023,Fall,Weekend,Leisure & Waterfront,1528,1698,170,955,2023-10-01
2023-10-14,2023,Fall,Weekend,Residential & Inner-Suburban Feeder,2852,2694,-158,2146,2023-10-01
2023-10-15,2023,Fall,Weekend,Commercial & Employment Core,11193,11192,-1,5064,2023-10-01
2023-10-15,2023,Fall,Weekend,Commuter-Heavy Transit Hub,472,547,75,312,2023-10-01
2023-10-15,2023,Fall,Weekend,Leisure & Waterfront,1410,1500,90,925,2023-10-01
2023-10-15,2023,Fall,Weekend,Residential & Inner-Suburban Feeder,2699,2611,-88,2113,2023-10-01
2023-10-16,2023,Fall,Weekday,Commercial & Employment Core,12073,12127,54,5017,2023-10-01
2023-10-16,2023,Fall,Weekday,Commuter-Heavy Transit Hub,1219,1247,28,352,2023-10-01
2023-10-16,2023,Fall,Weekday,Leisure & Waterfront,909,987,78,800,2023-10-01
2023-10-16,2023,Fall,Weekday,Residential & Inner-Suburban Feeder,2975,2800,-175,2157,2023-10-01
2023-10-17,2023,Fall,Weekday,Commercial & Employment Core,15128,15013,-115,5198,2023-10-01
2023-10-17,2023,Fall,Weekday,Commuter-Heavy Transit Hub,1445,1532,87,371,2023-10-01
2023-10-17,2023,Fall,Weekday,Leisure & Waterfront,1332,1448,116,981,2023-10-01
2023-10-17,2023,Fall,Weekday,Residential & Inner-Suburban Feeder,3583,3489,-94,2315,2023-10-01
2023-10-18,2023,Fall,Weekday,Commercial & Employment Core,15110,15031,-79,5277,2023-10-01
2023-10-18,2023,Fall,Weekday,Commuter-Heavy Transit Hub,1359,1542,183,366,2023-10-01
2023-10-18,2023,Fall,Weekday,Leisure & Waterfront,1233,1312,79,936,2023-10-01
2023-10-18,2023,Fall,Weekday,Residential & Inner-Suburban Feeder,3561,3382,-179,2362,2023-10-01
2023-10-19,2023,Fall,Weekday,Commercial & Employment Core,15142,15137,-5,5267,2023-10-01
2023-10-19,2023,Fall,Weekday,Commuter-Heavy Transit Hub,1401,1580,179,364,2023-10-01
2023-10-19,2023,Fall,Weekday,Leisure & Waterfront,1170,1324,154,953,2023-10-01
2023-10-19,2023,Fall,Weekday,Residential & Inner-Suburban Feeder,3654,3309,-345,2284,2023-10-01
2023-10-20,2023,Fall,Weekday,Commercial & Employment Core,11137,11174,37,4975,2023-10-01
2023-10-20,2023,Fall,Weekday,Commuter-Heavy Transit Hub,896,866,-30,364,2023-10-01
2023-10-20,2023,Fall,Weekday,Leisure & Waterfront,748,832,84,706,2023-10-01
2023-10-20,2023,Fall,Weekday,Residential & Inner-Suburban Feeder,2586,2480,-106,2066,2023-10-01
2023-10-21,2023,Fall,Weekend,Commercial & Employment Core,11847,11939,92,5250,2023-10-01
2023-10-21,2023,Fall,Weekend,Commuter-Heavy Transit Hub,450,486,36,316,2023-10-01
2023-10-21,2023,Fall,Weekend,Leisure & Waterfront,1268,1363,95,948,2023-10-01
2023-10-21,2023,Fall,Weekend,Residential & Inner-Suburban Feeder,2836,2625,-211,2163,2023-10-01
2023-10-22,2023,Fall,Weekend,Commercial & Employment Core,9734,9794,60,4910,2023-10-01
2023-10-22,2023,Fall,Weekend,Commuter-Heavy Transit Hub,365,363,-2,294,2023-10-01
2023-10-22,2023,Fall,Weekend,Leisure & Waterfront,1353,1401,48,929,2023-10-01
2023-10-22,2023,Fall,Weekend,Residential & Inner-Suburban Feeder,2351,2275,-76,1977,2023-10-01
2023-10-23,2023,Fall,Weekday,Commercial & Employment Core,12465,12387,-78,4957,2023-10-01
2023-10-23,2023,Fall,Weekday,Commuter-Heavy Transit Hub,1125,1184,59,338,2023-10-01
2023-10-23,2023,Fall,Weekday,Leisure & Waterfront,1066,1151,85,837,2023-10-01
2023-10-23,2023,Fall,Weekday,Residential & Inner-Suburban Feeder,2750,2684,-66,2094,2023-10-01
2023-10-24,2023,Fall,Weekday,Commercial & Employment Core,15294,15179,-115,5194,2023-10-01
2023-10-24,2023,Fall,Weekday,Commuter-Heavy Transit Hub,1392,1457,65,362,2023-10-01
2023-10-24,2023,Fall,Weekday,Leisure & Waterfront,1405,1529,124,976,2023-10-01
2023-10-24,2023,Fall,Weekday,Residential & Inner-Suburban Feeder,3517,3413,-104,2265,2023-10-01
2023-10-25,2023,Fall,Weekday,Commercial & Employment Core,14046,13983,-63,5124,2023-10-01
2023-10-25,2023,Fall,Weekday,Commuter-Heavy Transit Hub,1295,1319,24,360,2023-10-01
2023-10-25,2023,Fall,Weekday,Leisure & Waterfront,1146,1277,131,923,2023-10-01
2023-10-25,2023,Fall,Weekday,Residential & Inner-Suburban Feeder,3235,3167,-68,2218,2023-10-01
2023-10-26,2023,Fall,Weekday,Commercial & Employment Core,12732,12522,-210,4908,2023-10-01
2023-10-26,2023,Fall,Weekday,Commuter-Heavy Transit Hub,1087,1128,41,346,2023-10-01
2023-10-26,2023,Fall,Weekday,Leisure & Waterfront,934,1051,117,798,2023-10-01
2023-10-26,2023,Fall,Weekday,Residential & Inner-Suburban Feeder,2814,2802,-12,1997,2023-10-01
2023-10-27,2023,Fall,Weekday,Commercial & Employment Core,15352,15448,96,5394,2023-10-01
2023-10-27,2023,Fall,Weekday,Commuter-Heavy Transit Hub,1082,1156,74,359,2023-10-01
2023-10-27,2023,Fall,Weekday,Leisure & Waterfront,1422,1580,158,1021,2023-10-01
2023-10-27,2023,Fall,Weekday,Residential & Inner-Suburban Feeder,3685,3336,-349,2422,2023-10-01
2023-10-28,2023,Fall,Weekend,Commercial & Employment Core,13137,13277,140,5291,2023-10-01
2023-10-28,2023,Fall,Weekend,Commuter-Heavy Transit Hub,442,487,45,299,2023-10-01
2023-10-28,2023,Fall,Weekend,Leisure & Waterfront,1889,2044,155,1087,2023-10-01
2023-10-28,2023,Fall,Weekend,Residential & Inner-Suburban Feeder,3340,3046,-294,2259,2023-10-01
2023-10-29,2023,Fall,Weekend,Commercial & Employment Core,8358,8372,14,4618,2023-10-01
2023-10-29,2023,Fall,Weekend,Commuter-Heavy Transit Hub,302,288,-14,259,2023-10-01
2023-10-29,2023,Fall,Weekend,Leisure & Waterfront,810,841,31,764,2023-10-01
2023-10-29,2023,Fall,Weekend,Residential & Inner-Suburban Feeder,1932,1970,38,1832,2023-10-01
2023-10-30,2023,Fall,Weekday,Commercial & Employment Core,9816,9804,-12,4548,2023-10-01
2023-10-30,2023,Fall,Weekday,Commuter-Heavy Transit Hub,937,881,-56,340,2023-10-01
2023-10-30,2023,Fall,Weekday,Leisure & Waterfront,585,693,108,609,2023-10-01
2023-10-30,2023,Fall,Weekday,Residential & Inner-Suburban Feeder,2213,2159,-54,1872,2023-10-01
2023-10-31,2023,Fall,Weekday,Commercial & Employment Core,11701,11676,-25,4867,2023-10-01
2023-10-31,2023,Fall,Weekday,Commuter-Heavy Transit Hub,1108,1193,85,342,2023-10-01
2023-10-31,2023,Fall,Weekday,Leisure & Waterfront,841,901,60,749,2023-10-01
2023-10-31,2023,Fall,Weekday,Residential & Inner-Suburban Feeder,2744,2607,-137,2102,2023-10-01
2023-11-01,2023,Fall,Weekday,Commercial & Employment Core,11232,11282,50,4866,2023-11-01
2023-11-01,2023,Fall,Weekday,Commuter-Heavy Transit Hub,1051,1154,103,340,2023-11-01
2023-11-01,2023,Fall,Weekday,Leisure & Waterfront,791,872,81,732,2023-11-01
2023-11-01,2023,Fall,Weekday,Residential & Inner-Suburban Feeder,2720,2500,-220,2044,2023-11-01
2023-11-02,2023,Fall,Weekday,Commercial & Employment Core,11626,11514,-112,4836,2023-11-01
2023-11-02,2023,Fall,Weekday,Commuter-Heavy Transit Hub,1080,1235,155,358,2023-11-01
2023-11-02,2023,Fall,Weekday,Leisure & Waterfront,791,898,107,781,2023-11-01
2023-11-02,2023,Fall,Weekday,Residential & Inner-Suburban Feeder,2689,2527,-162,2032,2023-11-01
2023-11-03,2023,Fall,Weekday,Commercial & Employment Core,11501,11619,118,4913,2023-11-01
2023-11-03,2023,Fall,Weekday,Commuter-Heavy Transit Hub,866,940,74,362,2023-11-01
2023-11-03,2023,Fall,Weekday,Leisure & Waterfront,883,982,99,833,2023-11-01
2023-11-03,2023,Fall,Weekday,Residential & Inner-Suburban Feeder,2733,2419,-314,2069,2023-11-01
2023-11-04,2023,Fall,Weekend,Commercial & Employment Core,10343,10402,59,4782,2023-11-01
2023-11-04,2023,Fall,Weekend,Commuter-Heavy Transit Hub,400,447,47,293,2023-11-01
2023-11-04,2023,Fall,Weekend,Leisure & Waterfront,1086,1124,38,878,2023-11-01
2023-11-04,2023,Fall,Weekend,Residential & Inner-Suburban Feeder,2617,2455,-162,2029,2023-11-01
2023-11-05,2023,Fall,Weekend,Commercial & Employment Core,9105,9175,70,4731,2023-11-01
2023-11-05,2023,Fall,Weekend,Commuter-Heavy Transit Hub,307,304,-3,273,2023-11-01
2023-11-05,2023,Fall,Weekend,Leisure & Waterfront,1161,1240,79,907,2023-11-01
2023-11-05,2023,Fall,Weekend,Residential & Inner-Suburban Feeder,2300,2210,-90,1925,2023-11-01
2023-11-06,2023,Fall,Weekday,Commercial & Employment Core,8151,8082,-69,4572,2023-11-01
2023-11-06,2023,Fall,Weekday,Commuter-Heavy Transit Hub,641,841,200,332,2023-11-01
2023-11-06,2023,Fall,Weekday,Leisure & Waterfront,540,587,47,604,2023-11-01
2023-11-06,2023,Fall,Weekday,Residential & Inner-Suburban Feeder,1987,1806,-181,1773,2023-11-01
2023-11-07,2023,Fall,Weekday,Commercial & Employment Core,10597,10500,-97,4763,2023-11-01
2023-11-07,2023,Fall,Weekday,Commuter-Heavy Transit Hub,927,1154,227,349,2023-11-01
2023-11-07,2023,Fall,Weekday,Leisure & Waterfront,780,813,33,729,2023-11-01
2023-11-07,2023,Fall,Weekday,Residential & Inner-Suburban Feeder,2612,2458,-154,2037,2023-11-01
2023-11-08,2023,Fall,Weekday,Commercial & Employment Core,6369,6421,52,4046,2023-11-01
2023-11-08,2023,Fall,Weekday,Commuter-Heavy Transit Hub,459,865,406,305,2023-11-01
2023-11-08,2023,Fall,Weekday,Leisure & Waterfront,446,483,37,517,2023-11-01
2023-11-08,2023,Fall,Weekday,Residential & Inner-Suburban Feeder,1711,1232,-479,1508,2023-11-01
2023-11-09,2023,Fall,Weekday,Commercial & Employment Core,10428,10104,-324,4552,2023-11-01
2023-11-09,2023,Fall,Weekday,Commuter-Heavy Transit Hub,846,1078,232,324,2023-11-01
2023-11-09,2023,Fall,Weekday,Leisure & Waterfront,770,829,59,744,2023-11-01
2023-11-09,2023,Fall,Weekday,Residential & Inner-Suburban Feeder,2319,2312,-7,1930,2023-11-01
2023-11-10,2023,Fall,Weekday,Commercial & Employment Core,10312,10387,75,4922,2023-11-01
2023-11-10,2023,Fall,Weekday,Commuter-Heavy Transit Hub,715,839,124,344,2023-11-01
2023-11-10,2023,Fall,Weekday,Leisure & Waterfront,745,805,60,742,2023-11-01
2023-11-10,2023,Fall,Weekday,Residential & Inner-Suburban Feeder,2514,2243,-271,1981,2023-11-01
2023-11-11,2023,Fall,Weekend,Commercial & Employment Core,8305,8270,-35,4678,2023-11-01
2023-11-11,2023,Fall,Weekend,Commuter-Heavy Transit Hub,310,304,-6,264,2023-11-01
2023-11-11,2023,Fall,Weekend,Leisure & Waterfront,857,983,126,742,2023-11-01
2023-11-11,2023,Fall,Weekend,Residential & Inner-Suburban Feeder,2037,1938,-99,1823,2023-11-01
2023-11-12,2023,Fall,Weekend,Commercial & Employment Core,7500,7638,138,4509,2023-11-01
2023-11-12,2023,Fall,Weekend,Commuter-Heavy Transit Hub,283,274,-9,259,2023-11-01
2023-11-12,2023,Fall,Weekend,Leisure & Waterfront,880,906,26,762,2023-11-01
2023-11-12,2023,Fall,Weekend,Residential & Inner-Suburban Feeder,1876,1767,-109,1761,2023-11-01
2023-11-13,2023,Fall,Weekday,Commercial & Employment Core,10044,10083,39,4709,2023-11-01
2023-11-13,2023,Fall,Weekday,Commuter-Heavy Transit Hub,862,949,87,321,2023-11-01
2023-11-13,2023,Fall,Weekday,Leisure & Waterfront,842,878,36,743,2023-11-01
2023-11-13,2023,Fall,Weekday,Residential & Inner-Suburban Feeder,2411,2251,-160,1971,2023-11-01
2023-11-14,2023,Fall,Weekday,Commercial & Employment Core,10984,10937,-47,4797,2023-11-01
2023-11-14,2023,Fall,Weekday,Commuter-Heavy Transit Hub,1033,1154,121,345,2023-11-01
2023-11-14,2023,Fall,Weekday,Leisure & Waterfront,780,827,47,742,2023-11-01
2023-11-14,2023,Fall,Weekday,Residential & Inner-Suburban Feeder,2499,2374,-125,1936,2023-11-01
2023-11-15,2023,Fall,Weekday,Commercial & Employment Core,11630,11408,-222,4870,2023-11-01
2023-11-15,2023,Fall,Weekday,Commuter-Heavy Transit Hub,1107,1293,186,343,2023-11-01
2023-11-15,2023,Fall,Weekday,Leisure & Waterfront,898,960,62,803,2023-11-01
2023-11-15,2023,Fall,Weekday,Residential & Inner-Suburban Feeder,2556,2509,-47,2000,2023-11-01
2023-11-16,2023,Fall,Weekday,Commercial & Employment Core,11733,11614,-119,4850,2023-11-01
2023-11-16,2023,Fall,Weekday,Commuter-Heavy Transit Hub,1113,1345,232,361,2023-11-01
2023-11-16,2023,Fall,Weekday,Leisure & Waterfront,871,881,10,798,2023-11-01
2023-11-16,2023,Fall,Weekday,Residential & Inner-Suburban Feeder,2717,2585,-132,2013,2023-11-01
2023-11-17,2023,Fall,Weekday,Commercial & Employment Core,9179,9185,6,4626,2023-11-01
2023-11-17,2023,Fall,Weekday,Commuter-Heavy Transit Hub,715,879,164,332,2023-11-01
2023-11-17,2023,Fall,Weekday,Leisure & Waterfront,525,568,43,565,2023-11-01
2023-11-17,2023,Fall,Weekday,Residential & Inner-Suburban Feeder,2058,1832,-226,1768,2023-11-01
2023-11-18,2023,Fall,Weekend,Commercial & Employment Core,9085,9121,36,4721,2023-11-01
2023-11-18,2023,Fall,Weekend,Commuter-Heavy Transit Hub,380,402,22,286,2023-11-01
2023-11-18,2023,Fall,Weekend,Leisure & Waterfront,973,1070,97,815,2023-11-01
2023-11-18,2023,Fall,Weekend,Residential & Inner-Suburban Feeder,2164,2044,-120,1831,2023-11-01
2023-11-19,2023,Fall,Weekend,Commercial & Employment Core,7107,7121,14,4428,2023-11-01
2023-11-19,2023,Fall,Weekend,Commuter-Heavy Transit Hub,308,301,-7,273,2023-11-01
2023-11-19,2023,Fall,Weekend,Leisure & Waterfront,690,717,27,680,2023-11-01
2023-11-19,2023,Fall,Weekend,Residential & Inner-Suburban Feeder,1657,1637,-20,1648,2023-11-01
2023-11-20,2023,Fall,Weekday,Commercial & Employment Core,8225,8233,8,4519,2023-11-01
2023-11-20,2023,Fall,Weekday,Commuter-Heavy Transit Hub,777,873,96,334,2023-11-01
2023-11-20,2023,Fall,Weekday,Leisure & Waterfront,563,598,35,602,2023-11-01
2023-11-20,2023,Fall,Weekday,Residential & Inner-Suburban Feeder,1913,1779,-134,1758,2023-11-01
2023-11-21,2023,Fall,Weekday,Commercial & Employment Core,5577,5572,-5,3817,2023-11-01
2023-11-21,2023,Fall,Weekday,Commuter-Heavy Transit Hub,498,782,284,304,2023-11-01
2023-11-21,2023,Fall,Weekday,Leisure & Waterfront,383,390,7,400,2023-11-01
2023-11-21,2023,Fall,Weekday,Residential & Inner-Suburban Feeder,1400,1107,-293,1303,2023-11-01
2023-11-22,2023,Fall,Weekday,Commercial & Employment Core,9339,9337,-2,4531,2023-11-01
2023-11-22,2023,Fall,Weekday,Commuter-Heavy Transit Hub,887,967,80,312,2023-11-01
2023-11-22,2023,Fall,Weekday,Leisure & Waterfront,568,607,39,587,2023-11-01
2023-11-22,2023,Fall,Weekday,Residential & Inner-Suburban Feeder,2031,1911,-120,1778,2023-11-01
2023-11-23,2023,Fall,Weekday,Commercial & Employment Core,10259,10252,-7,4654,2023-11-01
2023-11-23,2023,Fall,Weekday,Commuter-Heavy Transit Hub,951,1108,157,331,2023-11-01
2023-11-23,2023,Fall,Weekday,Leisure & Waterfront,715,762,47,710,2023-11-01
2023-11-23,2023,Fall,Weekday,Residential & Inner-Suburban Feeder,2358,2156,-202,1879,2023-11-01
2023-11-24,2023,Fall,Weekday,Commercial & Employment Core,8652,8654,2,4647,2023-11-01
2023-11-24,2023,Fall,Weekday,Commuter-Heavy Transit Hub,626,811,185,317,2023-11-01
2023-11-24,2023,Fall,Weekday,Leisure & Waterfront,549,596,47,600,2023-11-01
2023-11-24,2023,Fall,Weekday,Residential & Inner-Suburban Feeder,1930,1683,-247,1692,2023-11-01
2023-11-25,2023,Fall,Weekend,Commercial & Employment Core,7290,7299,9,4383,2023-11-01
2023-11-25,2023,Fall,Weekend,Commuter-Heavy Transit Hub,261,304,43,255,2023-11-01
2023-11-25,2023,Fall,Weekend,Leisure & Waterfront,591,639,48,626,2023-11-01
2023-11-25,2023,Fall,Weekend,Residential & Inner-Suburban Feeder,1674,1561,-113,1617,2023-11-01
2023-11-26,2023,Fall,Weekend,Commercial & Employment Core,5889,5994,105,3879,2023-11-01
2023-11-26,2023,Fall,Weekend,Commuter-Heavy Transit Hub,280,266,-14,227,2023-11-01
2023-11-26,2023,Fall,Weekend,Leisure & Waterfront,515,537,22,548,2023-11-01
2023-11-26,2023,Fall,Weekend,Residential & Inner-Suburban Feeder,1291,1227,-64,1379,2023-11-01
2023-11-27,2023,Fall,Weekday,Commercial & Employment Core,7487,7467,-20,4257,2023-11-01
2023-11-27,2023,Fall,Weekday,Commuter-Heavy Transit Hub,664,777,113,317,2023-11-01
2023-11-27,2023,Fall,Weekday,Leisure & Waterfront,445,468,23,515,2023-11-01
2023-11-27,2023,Fall,Weekday,Residential & Inner-Suburban Feeder,1637,1515,-122,1599,2023-11-01
2023-11-28,2023,Fall,Weekday,Commercial & Employment Core,7804,7732,-72,4351,2023-11-01
2023-11-28,2023,Fall,Weekday,Commuter-Heavy Transit Hub,695,918,223,315,2023-11-01
2023-11-28,2023,Fall,Weekday,Leisure & Waterfront,515,543,28,532,2023-11-01
2023-11-28,2023,Fall,Weekday,Residential & Inner-Suburban Feeder,1781,1602,-179,1613,2023-11-01
2023-11-29,2023,Fall,Weekday,Commercial & Employment Core,7679,7620,-59,4322,2023-11-01
2023-11-29,2023,Fall,Weekday,Commuter-Heavy Transit Hub,732,875,143,321,2023-11-01
2023-11-29,2023,Fall,Weekday,Leisure & Waterfront,473,511,38,529,2023-11-01
2023-11-29,2023,Fall,Weekday,Residential & Inner-Suburban Feeder,1731,1599,-132,1650,2023-11-01
2023-11-30,2023,Fall,Weekday,Commercial & Employment Core,9723,9579,-144,4701,2023-11-01
2023-11-30,2023,Fall,Weekday,Commuter-Heavy Transit Hub,869,1060,191,353,2023-11-01
2023-11-30,2023,Fall,Weekday,Leisure & Waterfront,700,771,71,699,2023-11-01
2023-11-30,2023,Fall,Weekday,Residential & Inner-Suburban Feeder,2193,2054,-139,1883,2023-11-01
2023-12-01,2023,Winter,Weekday,Commercial & Employment Core,5414,5383,-31,4050,2023-12-01
2023-12-01,2023,Winter,Weekday,Commuter-Heavy Transit Hub,395,526,131,292,2023-12-01
2023-12-01,2023,Winter,Weekday,Leisure & Waterfront,325,372,47,434,2023-12-01
2023-12-01,2023,Winter,Weekday,Residential & Inner-Suburban Feeder,1301,1161,-140,1385,2023-12-01
2023-12-02,2023,Winter,Weekend,Commercial & Employment Core,5909,5997,88,4107,2023-12-01
2023-12-02,2023,Winter,Weekend,Commuter-Heavy Transit Hub,234,230,-4,250,2023-12-01
2023-12-02,2023,Winter,Weekend,Leisure & Waterfront,432,451,19,504,2023-12-01
2023-12-02,2023,Winter,Weekend,Residential & Inner-Suburban Feeder,1358,1256,-102,1456,2023-12-01
2023-12-03,2023,Winter,Weekend,Commercial & Employment Core,4911,4922,11,3785,2023-12-01
2023-12-03,2023,Winter,Weekend,Commuter-Heavy Transit Hub,166,167,1,193,2023-12-01
2023-12-03,2023,Winter,Weekend,Leisure & Waterfront,354,383,29,440,2023-12-01
2023-12-03,2023,Winter,Weekend,Residential & Inner-Suburban Feeder,1130,1106,-24,1288,2023-12-01
2023-12-04,2023,Winter,Weekday,Commercial & Employment Core,7528,7481,-47,4262,2023-12-01
2023-12-04,2023,Winter,Weekday,Commuter-Heavy Transit Hub,679,752,73,311,2023-12-01
2023-12-04,2023,Winter,Weekday,Leisure & Waterfront,470,500,30,534,2023-12-01
2023-12-04,2023,Winter,Weekday,Residential & Inner-Suburban Feeder,1695,1639,-56,1716,2023-12-01
2023-12-05,2023,Winter,Weekday,Commercial & Employment Core,8174,8169,-5,4433,2023-12-01
2023-12-05,2023,Winter,Weekday,Commuter-Heavy Transit Hub,773,913,140,327,2023-12-01
2023-12-05,2023,Winter,Weekday,Leisure & Waterfront,530,574,44,595,2023-12-01
2023-12-05,2023,Winter,Weekday,Residential & Inner-Suburban Feeder,1894,1719,-175,1709,2023-12-01
2023-12-06,2023,Winter,Weekday,Commercial & Employment Core,8566,8526,-40,4575,2023-12-01
2023-12-06,2023,Winter,Weekday,Commuter-Heavy Transit Hub,833,956,123,339,2023-12-01
2023-12-06,2023,Winter,Weekday,Leisure & Waterfront,565,604,39,596,2023-12-01
2023-12-06,2023,Winter,Weekday,Residential & Inner-Suburban Feeder,1937,1793,-144,1735,2023-12-01
2023-12-07,2023,Winter,Weekday,Commercial & Employment Core,8250,8109,-141,4433,2023-12-01
2023-12-07,2023,Winter,Weekday,Commuter-Heavy Transit Hub,761,836,75,330,2023-12-01
2023-12-07,2023,Winter,Weekday,Leisure & Waterfront,536,572,36,562,2023-12-01
2023-12-07,2023,Winter,Weekday,Residential & Inner-Suburban Feeder,1737,1762,25,1664,2023-12-01
2023-12-08,2023,Winter,Weekday,Commercial & Employment Core,8496,8479,-17,4672,2023-12-01
2023-12-08,2023,Winter,Weekday,Commuter-Heavy Transit Hub,634,750,116,328,2023-12-01
2023-12-08,2023,Winter,Weekday,Leisure & Waterfront,583,618,35,611,2023-12-01
2023-12-08,2023,Winter,Weekday,Residential & Inner-Suburban Feeder,1956,1802,-154,1823,2023-12-01
2023-12-09,2023,Winter,Weekend,Commercial & Employment Core,7155,7287,132,4281,2023-12-01
2023-12-09,2023,Winter,Weekend,Commuter-Heavy Transit Hub,306,344,38,266,2023-12-01
2023-12-09,2023,Winter,Weekend,Leisure & Waterfront,630,675,45,639,2023-12-01
2023-12-09,2023,Winter,Weekend,Residential & Inner-Suburban Feeder,1735,1559,-176,1616,2023-12-01
2023-12-10,2023,Winter,Weekend,Commercial & Employment Core,6455,6520,65,4168,2023-12-01
2023-12-10,2023,Winter,Weekend,Commuter-Heavy Transit Hub,272,268,-4,253,2023-12-01
2023-12-10,2023,Winter,Weekend,Leisure & Waterfront,497,492,-5,580,2023-12-01
2023-12-10,2023,Winter,Weekend,Residential & Inner-Suburban Feeder,1485,1439,-46,1488,2023-12-01
2023-12-11,2023,Winter,Weekday,Commercial & Employment Core,7308,7242,-66,4272,2023-12-01
2023-12-11,2023,Winter,Weekday,Commuter-Heavy Transit Hub,655,788,133,334,2023-12-01
2023-12-11,2023,Winter,Weekday,Leisure & Waterfront,463,497,34,505,2023-12-01
2023-12-11,2023,Winter,Weekday,Residential & Inner-Suburban Feeder,1580,1473,-107,1592,2023-12-01
2023-12-12,2023,Winter,Weekday,Commercial & Employment Core,7893,7826,-67,4350,2023-12-01
2023-12-12,2023,Winter,Weekday,Commuter-Heavy Transit Hub,714,878,164,314,2023-12-01
2023-12-12,2023,Winter,Weekday,Leisure & Waterfront,542,572,30,574,2023-12-01
2023-12-12,2023,Winter,Weekday,Residential & Inner-Suburban Feeder,1845,1718,-127,1663,2023-12-01
2023-12-13,2023,Winter,Weekday,Commercial & Employment Core,7967,7906,-61,4395,2023-12-01
2023-12-13,2023,Winter,Weekday,Commuter-Heavy Transit Hub,736,921,185,348,2023-12-01
2023-12-13,2023,Winter,Weekday,Leisure & Waterfront,537,550,13,556,2023-12-01
2023-12-13,2023,Winter,Weekday,Residential & Inner-Suburban Feeder,1740,1604,-136,1643,2023-12-01
2023-12-14,2023,Winter,Weekday,Commercial & Employment Core,8087,7998,-89,4451,2023-12-01
2023-12-14,2023,Winter,Weekday,Commuter-Heavy Transit Hub,723,866,143,340,2023-12-01
2023-12-14,2023,Winter,Weekday,Leisure & Waterfront,524,584,60,592,2023-12-01
2023-12-14,2023,Winter,Weekday,Residential & Inner-Suburban Feeder,1802,1677,-125,1667,2023-12-01
2023-12-15,2023,Winter,Weekday,Commercial & Employment Core,8857,8832,-25,4632,2023-12-01
2023-12-15,2023,Winter,Weekday,Commuter-Heavy Transit Hub,657,774,117,361,2023-12-01
2023-12-15,2023,Winter,Weekday,Leisure & Waterfront,763,786,23,715,2023-12-01
2023-12-15,2023,Winter,Weekday,Residential & Inner-Suburban Feeder,2107,1975,-132,1843,2023-12-01
2023-12-16,2023,Winter,Weekend,Commercial & Employment Core,6560,6542,-18,4295,2023-12-01
2023-12-16,2023,Winter,Weekend,Commuter-Heavy Transit Hub,244,307,63,256,2023-12-01
2023-12-16,2023,Winter,Weekend,Leisure & Waterfront,508,543,35,566,2023-12-01
2023-12-16,2023,Winter,Weekend,Residential & Inner-Suburban Feeder,1486,1411,-75,1537,2023-12-01
2023-12-17,2023,Winter,Weekend,Commercial & Employment Core,3221,3185,-36,3209,2023-12-01
2023-12-17,2023,Winter,Weekend,Commuter-Heavy Transit Hub,132,115,-17,158,2023-12-01
2023-12-17,2023,Winter,Weekend,Leisure & Waterfront,167,213,46,272,2023-12-01
2023-12-17,2023,Winter,Weekend,Residential & Inner-Suburban Feeder,676,712,36,959,2023-12-01
2023-12-18,2023,Winter,Weekday,Commercial & Employment Core,5291,5225,-66,3866,2023-12-01
2023-12-18,2023,Winter,Weekday,Commuter-Heavy Transit Hub,444,645,201,295,2023-12-01
2023-12-18,2023,Winter,Weekday,Leisure & Waterfront,347,359,12,405,2023-12-01
2023-12-18,2023,Winter,Weekday,Residential & Inner-Suburban Feeder,1177,1028,-149,1274,2023-12-01
2023-12-19,2023,Winter,Weekday,Commercial & Employment Core,6169,6069,-100,3935,2023-12-01
2023-12-19,2023,Winter,Weekday,Commuter-Heavy Transit Hub,529,596,67,293,2023-12-01
2023-12-19,2023,Winter,Weekday,Leisure & Waterfront,357,407,50,431,2023-12-01
2023-12-19,2023,Winter,Weekday,Residential & Inner-Suburban Feeder,1337,1323,-14,1394,2023-12-01
2023-12-20,2023,Winter,Weekday,Commercial & Employment Core,7341,7235,-106,4302,2023-12-01
2023-12-20,2023,Winter,Weekday,Commuter-Heavy Transit Hub,551,684,133,322,2023-12-01
2023-12-20,2023,Winter,Weekday,Leisure & Waterfront,493,512,19,537,2023-12-01
2023-12-20,2023,Winter,Weekday,Residential & Inner-Suburban Feeder,1655,1587,-68,1587,2023-12-01
2023-12-21,2023,Winter,Weekday,Commercial & Employment Core,5899,5880,-19,4032,2023-12-01
2023-12-21,2023,Winter,Weekday,Commuter-Heavy Transit Hub,378,517,139,276,2023-12-01
2023-12-21,2023,Winter,Weekday,Leisure & Waterfront,393,414,21,472,2023-12-01
2023-12-21,2023,Winter,Weekday,Residential & Inner-Suburban Feeder,1448,1318,-130,1497,2023-12-01
2023-12-22,2023,Winter,Weekday,Commercial & Employment Core,5509,5535,26,3987,2023-12-01
2023-12-22,2023,Winter,Weekday,Commuter-Heavy Transit Hub,272,343,71,254,2023-12-01
2023-12-22,2023,Winter,Weekday,Leisure & Waterfront,344,339,-5,408,2023-12-01
2023-12-22,2023,Winter,Weekday,Residential & Inner-Suburban Feeder,1277,1182,-95,1408,2023-12-01
2023-12-23,2023,Winter,Weekend,Commercial & Employment Core,2548,2565,17,2786,2023-12-01
2023-12-23,2023,Winter,Weekend,Commuter-Heavy Transit Hub,64,60,-4,98,2023-12-01
2023-12-23,2023,Winter,Weekend,Leisure & Waterfront,197,181,-16,256,2023-12-01
2023-12-23,2023,Winter,Weekend,Residential & Inner-Suburban Feeder,622,632,10,844,2023-12-01
2023-12-24,2023,Winter,Weekend,Commercial & Employment Core,3384,3406,22,2993,2023-12-01
2023-12-24,2023,Winter,Weekend,Commuter-Heavy Transit Hub,103,90,-13,128,2023-12-01
2023-12-24,2023,Winter,Weekend,Leisure & Waterfront,295,334,39,382,2023-12-01
2023-12-24,2023,Winter,Weekend,Residential & Inner-Suburban Feeder,753,705,-48,957,2023-12-01
2023-12-25,2023,Winter,Weekday,Commercial & Employment Core,1871,1905,34,2219,2023-12-01
2023-12-25,2023,Winter,Weekday,Commuter-Heavy Transit Hub,80,78,-2,108,2023-12-01
2023-12-25,2023,Winter,Weekday,Leisure & Waterfront,300,314,14,358,2023-12-01
2023-12-25,2023,Winter,Weekday,Residential & Inner-Suburban Feeder,494,453,-41,685,2023-12-01
2023-12-26,2023,Winter,Weekday,Commercial & Employment Core,2690,2714,24,2749,2023-12-01
2023-12-26,2023,Winter,Weekday,Commuter-Heavy Transit Hub,70,83,13,112,2023-12-01
2023-12-26,2023,Winter,Weekday,Leisure & Waterfront,253,251,-2,324,2023-12-01
2023-12-26,2023,Winter,Weekday,Residential & Inner-Suburban Feeder,636,597,-39,843,2023-12-01
2023-12-27,2023,Winter,Weekday,Commercial & Employment Core,2545,2519,-26,2700,2023-12-01
2023-12-27,2023,Winter,Weekday,Commuter-Heavy Transit Hub,135,143,8,175,2023-12-01
2023-12-27,2023,Winter,Weekday,Leisure & Waterfront,185,206,21,271,2023-12-01
2023-12-27,2023,Winter,Weekday,Residential & Inner-Suburban Feeder,580,577,-3,821,2023-12-01
2023-12-28,2023,Winter,Weekday,Commercial & Employment Core,3476,3501,25,3245,2023-12-01
2023-12-28,2023,Winter,Weekday,Commuter-Heavy Transit Hub,184,194,10,208,2023-12-01
2023-12-28,2023,Winter,Weekday,Leisure & Waterfront,246,244,-2,332,2023-12-01
2023-12-28,2023,Winter,Weekday,Residential & Inner-Suburban Feeder,810,782,-28,1030,2023-12-01
2023-12-29,2023,Winter,Weekday,Commercial & Employment Core,3990,4042,52,3366,2023-12-01
2023-12-29,2023,Winter,Weekday,Commuter-Heavy Transit Hub,186,228,42,204,2023-12-01
2023-12-29,2023,Winter,Weekday,Leisure & Waterfront,323,312,-11,398,2023-12-01
2023-12-29,2023,Winter,Weekday,Residential & Inner-Suburban Feeder,996,903,-93,1175,2023-12-01
2023-12-30,2023,Winter,Weekend,Commercial & Employment Core,4332,4360,28,3588,2023-12-01
2023-12-30,2023,Winter,Weekend,Commuter-Heavy Transit Hub,133,143,10,170,2023-12-01
2023-12-30,2023,Winter,Weekend,Leisure & Waterfront,361,371,10,431,2023-12-01
2023-12-30,2023,Winter,Weekend,Residential & Inner-Suburban Feeder,998,955,-43,1200,2023-12-01
2023-12-31,2023,Winter,Weekend,Commercial & Employment Core,3452,3460,8,3149,2023-12-01
2023-12-31,2023,Winter,Weekend,Commuter-Heavy Transit Hub,87,106,19,123,2023-12-01
2023-12-31,2023,Winter,Weekend,Leisure & Waterfront,331,398,67,402,2023-12-01
2023-12-31,2023,Winter,Weekend,Residential & Inner-Suburban Feeder,904,811,-93,1060,2023-12-01
2024-01-01,2024,Winter,Weekday,Commercial & Employment Core,2176,2111,-65,2426,2024-01-01
2024-01-01,2024,Winter,Weekday,Commuter-Heavy Transit Hub,81,64,-17,116,2024-01-01
2024-01-01,2024,Winter,Weekday,Leisure & Waterfront,216,214,-2,281,2024-01-01
2024-01-01,2024,Winter,Weekday,Residential & Inner-Suburban Feeder,432,527,95,688,2024-01-01
2024-01-02,2024,Winter,Weekday,Commercial & Employment Core,4505,4495,-10,3481,2024-01-01
2024-01-02,2024,Winter,Weekday,Commuter-Heavy Transit Hub,342,363,21,250,2024-01-01
2024-01-02,2024,Winter,Weekday,Leisure & Waterfront,353,372,19,427,2024-01-01
2024-01-02,2024,Winter,Weekday,Residential & Inner-Suburban Feeder,1150,1115,-35,1275,2024-01-01
2024-01-03,2024,Winter,Weekday,Commercial & Employment Core,5442,5393,-49,3882,2024-01-01
2024-01-03,2024,Winter,Weekday,Commuter-Heavy Transit Hub,449,517,68,303,2024-01-01
2024-01-03,2024,Winter,Weekday,Leisure & Waterfront,424,445,21,499,2024-01-01
2024-01-03,2024,Winter,Weekday,Residential & Inner-Suburban Feeder,1346,1305,-41,1433,2024-01-01
2024-01-04,2024,Winter,Weekday,Commercial & Employment Core,5077,4996,-81,3722,2024-01-01
2024-01-04,2024,Winter,Weekday,Commuter-Heavy Transit Hub,397,450,53,280,2024-01-01
2024-01-04,2024,Winter,Weekday,Leisure & Waterfront,406,435,29,462,2024-01-01
2024-01-04,2024,Winter,Weekday,Residential & Inner-Suburban Feeder,1182,1176,-6,1299,2024-01-01
2024-01-05,2024,Winter,Weekday,Commercial & Employment Core,5196,5248,52,3863,2024-01-01
2024-01-05,2024,Winter,Weekday,Commuter-Heavy Transit Hub,354,421,67,296,2024-01-01
2024-01-05,2024,Winter,Weekday,Leisure & Waterfront,354,397,43,430,2024-01-01
2024-01-05,2024,Winter,Weekday,Residential & Inner-Suburban Feeder,1251,1079,-172,1315,2024-01-01
2024-01-06,2024,Winter,Weekend,Commercial & Employment Core,3545,3638,93,3121,2024-01-01
2024-01-06,2024,Winter,Weekend,Commuter-Heavy Transit Hub,119,135,16,164,2024-01-01
2024-01-06,2024,Winter,Weekend,Leisure & Waterfront,294,308,14,356,2024-01-01
2024-01-06,2024,Winter,Weekend,Residential & Inner-Suburban Feeder,854,750,-104,986,2024-01-01
2024-01-07,2024,Winter,Weekend,Commercial & Employment Core,2054,2020,-34,2280,2024-01-01
2024-01-07,2024,Winter,Weekend,Commuter-Heavy Transit Hub,82,82,0,121,2024-01-01
2024-01-07,2024,Winter,Weekend,Leisure & Waterfront,147,159,12,207,2024-01-01
2024-01-07,2024,Winter,Weekend,Residential & Inner-Suburban Feeder,386,409,23,595,2024-01-01
2024-01-08,2024,Winter,Weekday,Commercial & Employment Core,5291,5222,-69,3691,2024-01-01
2024-01-08,2024,Winter,Weekday,Commuter-Heavy Transit Hub,539,536,-3,302,2024-01-01
2024-01-08,2024,Winter,Weekday,Leisure & Waterfront,313,322,9,398,2024-01-01
2024-01-08,2024,Winter,Weekday,Residential & Inner-Suburban Feeder,1089,1142,53,1279,2024-01-01
2024-01-09,2024,Winter,Weekday,Commercial & Employment Core,2976,2958,-18,2764,2024-01-01
2024-01-09,2024,Winter,Weekday,Commuter-Heavy Transit Hub,250,505,255,271,2024-01-01
2024-01-09,2024,Winter,Weekday,Leisure & Waterfront,138,180,42,201,2024-01-01
2024-01-09,2024,Winter,Weekday,Residential & Inner-Suburban Feeder,823,549,-274,834,2024-01-01
2024-01-10,2024,Winter,Weekday,Commercial & Employment Core,6302,6224,-78,4012,2024-01-01
2024-01-10,2024,Winter,Weekday,Commuter-Heavy Transit Hub,697,743,46,336,2024-01-01
2024-01-10,2024,Winter,Weekday,Leisure & Waterfront,341,372,31,428,2024-01-01
2024-01-10,2024,Winter,Weekday,Residential & Inner-Suburban Feeder,1282,1277,-5,1420,2024-01-01
2024-01-11,2024,Winter,Weekday,Commercial & Employment Core,5405,5338,-67,3790,2024-01-01
2024-01-11,2024,Winter,Weekday,Commuter-Heavy Transit Hub,505,541,36,320,2024-01-01
2024-01-11,2024,Winter,Weekday,Leisure & Waterfront,272,333,61,391,2024-01-01
2024-01-11,2024,Winter,Weekday,Residential & Inner-Suburban Feeder,1150,1118,-32,1313,2024-01-01
2024-01-12,2024,Winter,Weekday,Commercial & Employment Core,4838,4912,74,3460,2024-01-01
2024-01-12,2024,Winter,Weekday,Commuter-Heavy Transit Hub,483,606,123,307,2024-01-01
2024-01-12,2024,Winter,Weekday,Leisure & Waterfront,254,292,38,344,2024-01-01
2024-01-12,2024,Winter,Weekday,Residential & Inner-Suburban Feeder,1209,982,-227,1262,2024-01-01
2024-01-13,2024,Winter,Weekend,Commercial & Employment Core,3432,3392,-40,3053,2024-01-01
2024-01-13,2024,Winter,Weekend,Commuter-Heavy Transit Hub,143,154,11,176,2024-01-01
2024-01-13,2024,Winter,Weekend,Leisure & Waterfront,195,230,35,269,2024-01-01
2024-01-13,2024,Winter,Weekend,Residential & Inner-Suburban Feeder,677,665,-12,875,2024-01-01
2024-01-14,2024,Winter,Weekend,Commercial & Employment Core,3012,3038,26,2921,2024-01-01
2024-01-14,2024,Winter,Weekend,Commuter-Heavy Transit Hub,134,118,-16,163,2024-01-01
2024-01-14,2024,Winter,Weekend,Leisure & Waterfront,163,169,6,230,2024-01-01
2024-01-14,2024,Winter,Weekend,Residential & Inner-Suburban Feeder,555,552,-3,789,2024-01-01
2024-01-15,2024,Winter,Weekday,Commercial & Employment Core,4124,4077,-47,3280,2024-01-01
2024-01-15,2024,Winter,Weekday,Commuter-Heavy Transit Hub,464,496,32,325,2024-01-01
2024-01-15,2024,Winter,Weekday,Leisure & Waterfront,230,239,9,285,2024-01-01
2024-01-15,2024,Winter,Weekday,Residential & Inner-Suburban Feeder,834,836,2,1059,2024-01-01
2024-01-16,2024,Winter,Weekday,Commercial & Employment Core,3264,3228,-36,3006,2024-01-01
2024-01-16,2024,Winter,Weekday,Commuter-Heavy Transit Hub,396,397,1,292,2024-01-01
2024-01-16,2024,Winter,Weekday,Leisure & Waterfront,180,198,18,241,2024-01-01
2024-01-16,2024,Winter,Weekday,Residential & Inner-Suburban Feeder,654,674,20,885,2024-01-01
2024-01-17,2024,Winter,Weekday,Commercial & Employment Core,3869,3828,-41,3219,2024-01-01
2024-01-17,2024,Winter,Weekday,Commuter-Heavy Transit Hub,443,481,38,317,2024-01-01
2024-01-17,2024,Winter,Weekday,Leisure & Waterfront,213,238,25,272,2024-01-01
2024-01-17,2024,Winter,Weekday,Residential & Inner-Suburban Feeder,824,803,-21,1024,2024-01-01
2024-01-18,2024,Winter,Weekday,Commercial & Employment Core,4903,4911,8,3580,2024-01-01
2024-01-18,2024,Winter,Weekday,Commuter-Heavy Transit Hub,532,575,43,310,2024-01-01
2024-01-18,2024,Winter,Weekday,Leisure & Waterfront,277,308,31,342,2024-01-01
2024-01-18,2024,Winter,Weekday,Residential & Inner-Suburban Feeder,1070,981,-89,1252,2024-01-01
2024-01-19,2024,Winter,Weekday,Commercial & Employment Core,4439,4480,41,3568,2024-01-01
2024-01-19,2024,Winter,Weekday,Commuter-Heavy Transit Hub,431,493,62,319,2024-01-01
2024-01-19,2024,Winter,Weekday,Leisure & Waterfront,224,249,25,332,2024-01-01
2024-01-19,2024,Winter,Weekday,Residential & Inner-Suburban Feeder,946,813,-133,1104,2024-01-01
2024-01-20,2024,Winter,Weekend,Commercial & Employment Core,3131,3170,39,3059,2024-01-01
2024-01-20,2024,Winter,Weekend,Commuter-Heavy Transit Hub,153,160,7,177,2024-01-01
2024-01-20,2024,Winter,Weekend,Leisure & Waterfront,191,210,19,267,2024-01-01
2024-01-20,2024,Winter,Weekend,Residential & Inner-Suburban Feeder,657,595,-62,873,2024-01-01
2024-01-21,2024,Winter,Weekend,Commercial & Employment Core,3666,3672,6,3267,2024-01-01
2024-01-21,2024,Winter,Weekend,Commuter-Heavy Transit Hub,179,165,-14,196,2024-01-01
2024-01-21,2024,Winter,Weekend,Leisure & Waterfront,270,299,29,341,2024-01-01
2024-01-21,2024,Winter,Weekend,Residential & Inner-Suburban Feeder,756,737,-19,975,2024-01-01
2024-01-22,2024,Winter,Weekday,Commercial & Employment Core,4572,4537,-35,3518,2024-01-01
2024-01-22,2024,Winter,Weekday,Commuter-Heavy Transit Hub,490,550,60,331,2024-01-01
2024-01-22,2024,Winter,Weekday,Leisure & Waterfront,247,255,8,319,2024-01-01
2024-01-22,2024,Winter,Weekday,Residential & Inner-Suburban Feeder,957,928,-29,1157,2024-01-01
2024-01-23,2024,Winter,Weekday,Commercial & Employment Core,3917,3844,-73,3292,2024-01-01
2024-01-23,2024,Winter,Weekday,Commuter-Heavy Transit Hub,384,613,229,300,2024-01-01
2024-01-23,2024,Winter,Weekday,Leisure & Waterfront,192,257,65,263,2024-01-01
2024-01-23,2024,Winter,Weekday,Residential & Inner-Suburban Feeder,918,695,-223,1022,2024-01-01
2024-01-24,2024,Winter,Weekday,Commercial & Employment Core,4525,4473,-52,3568,2024-01-01
2024-01-24,2024,Winter,Weekday,Commuter-Heavy Transit Hub,425,564,139,307,2024-01-01
2024-01-24,2024,Winter,Weekday,Leisure & Waterfront,251,279,28,305,2024-01-01
2024-01-24,2024,Winter,Weekday,Residential & Inner-Suburban Feeder,911,799,-112,1028,2024-01-01
2024-01-25,2024,Winter,Weekday,Commercial & Employment Core,6489,6458,-31,4140,2024-01-01
2024-01-25,2024,Winter,Weekday,Commuter-Heavy Transit Hub,662,700,38,346,2024-01-01
2024-01-25,2024,Winter,Weekday,Leisure & Waterfront,353,412,59,435,2024-01-01
2024-01-25,2024,Winter,Weekday,Residential & Inner-Suburban Feeder,1343,1265,-78,1422,2024-01-01
2024-01-26,2024,Winter,Weekday,Commercial & Employment Core,5806,5865,59,3906,2024-01-01
2024-01-26,2024,Winter,Weekday,Commuter-Heavy Transit Hub,475,485,10,318,2024-01-01
2024-01-26,2024,Winter,Weekday,Leisure & Waterfront,332,370,38,380,2024-01-01
2024-01-26,2024,Winter,Weekday,Residential & Inner-Suburban Feeder,1200,1087,-113,1313,2024-01-01
2024-01-27,2024,Winter,Weekend,Commercial & Employment Core,5447,5379,-68,3941,2024-01-01
2024-01-27,2024,Winter,Weekend,Commuter-Heavy Transit Hub,208,237,29,227,2024-01-01
2024-01-27,2024,Winter,Weekend,Leisure & Waterfront,462,503,41,549,2024-01-01
2024-01-27,2024,Winter,Weekend,Residential & Inner-Suburban Feeder,1201,1191,-10,1336,2024-01-01
2024-01-28,2024,Winter,Weekend,Commercial & Employment Core,4622,4649,27,3738,2024-01-01
2024-01-28,2024,Winter,Weekend,Commuter-Heavy Transit Hub,208,192,-16,215,2024-01-01
2024-01-28,2024,Winter,Weekend,Leisure & Waterfront,431,459,28,512,2024-01-01
2024-01-28,2024,Winter,Weekend,Residential & Inner-Suburban Feeder,1065,1047,-18,1289,2024-01-01
2024-01-29,2024,Winter,Weekday,Commercial & Employment Core,6723,6660,-63,4155,2024-01-01
2024-01-29,2024,Winter,Weekday,Commuter-Heavy Transit Hub,688,730,42,348,2024-01-01
2024-01-29,2024,Winter,Weekday,Leisure & Waterfront,459,500,41,540,2024-01-01
2024-01-29,2024,Winter,Weekday,Residential & Inner-Suburban Feeder,1459,1434,-25,1508,2024-01-01
2024-01-30,2024,Winter,Weekday,Commercial & Employment Core,7304,7251,-53,4294,2024-01-01
2024-01-30,2024,Winter,Weekday,Commuter-Heavy Transit Hub,742,859,117,350,2024-01-01
2024-01-30,2024,Winter,Weekday,Leisure & Waterfront,461,482,21,505,2024-01-01
2024-01-30,2024,Winter,Weekday,Residential & Inner-Suburban Feeder,1666,1577,-89,1593,2024-01-01
2024-01-31,2024,Winter,Weekday,Commercial & Employment Core,7721,7682,-39,4342,2024-01-01
2024-01-31,2024,Winter,Weekday,Commuter-Heavy Transit Hub,756,868,112,360,2024-01-01
2024-01-31,2024,Winter,Weekday,Leisure & Waterfront,491,547,56,560,2024-01-01
2024-01-31,2024,Winter,Weekday,Residential & Inner-Suburban Feeder,1709,1581,-128,1608,2024-01-01
2024-02-01,2024,Winter,Weekday,Commercial & Employment Core,7533,7491,-42,4352,2024-02-01
2024-02-01,2024,Winter,Weekday,Commuter-Heavy Transit Hub,739,846,107,367,2024-02-01
2024-02-01,2024,Winter,Weekday,Leisure & Waterfront,423,511,88,514,2024-02-01
2024-02-01,2024,Winter,Weekday,Residential & Inner-Suburban Feeder,1624,1468,-156,1570,2024-02-01
2024-02-02,2024,Winter,Weekday,Commercial & Employment Core,6940,6997,57,4310,2024-02-01
2024-02-02,2024,Winter,Weekday,Commuter-Heavy Transit Hub,610,699,89,360,2024-02-01
2024-02-02,2024,Winter,Weekday,Leisure & Waterfront,561,564,3,574,2024-02-01
2024-02-02,2024,Winter,Weekday,Residential & Inner-Suburban Feeder,1483,1325,-158,1507,2024-02-01
2024-02-03,2024,Winter,Weekend,Commercial & Employment Core,5850,5909,59,4098,2024-02-01
2024-02-03,2024,Winter,Weekend,Commuter-Heavy Transit Hub,254,242,-12,246,2024-02-01
2024-02-03,2024,Winter,Weekend,Leisure & Waterfront,710,743,33,644,2024-02-01
2024-02-03,2024,Winter,Weekend,Residential & Inner-Suburban Feeder,1294,1218,-76,1390,2024-02-01
2024-02-04,2024,Winter,Weekend,Commercial & Employment Core,5375,5333,-42,3911,2024-02-01
2024-02-04,2024,Winter,Weekend,Commuter-Heavy Transit Hub,208,209,1,217,2024-02-01
2024-02-04,2024,Winter,Weekend,Leisure & Waterfront,663,715,52,632,2024-02-01
2024-02-04,2024,Winter,Weekend,Residential & Inner-Suburban Feeder,1091,1088,-3,1263,2024-02-01
2024-02-05,2024,Winter,Weekday,Commercial & Employment Core,7107,7010,-97,4267,2024-02-01
2024-02-05,2024,Winter,Weekday,Commuter-Heavy Transit Hub,667,722,55,333,2024-02-01
2024-02-05,2024,Winter,Weekday,Leisure & Waterfront,465,503,38,532,2024-02-01
2024-02-05,2024,Winter,Weekday,Residential & Inner-Suburban Feeder,1367,1379,12,1494,2024-02-01
2024-02-06,2024,Winter,Weekday,Commercial & Employment Core,7776,7664,-112,4370,2024-02-01
2024-02-06,2024,Winter,Weekday,Commuter-Heavy Transit Hub,770,932,162,361,2024-02-01
2024-02-06,2024,Winter,Weekday,Leisure & Waterfront,560,586,26,603,2024-02-01
2024-02-06,2024,Winter,Weekday,Residential & Inner-Suburban Feeder,1644,1557,-87,1521,2024-02-01
2024-02-07,2024,Winter,Weekday,Commercial & Employment Core,7895,7836,-59,4336,2024-02-01
2024-02-07,2024,Winter,Weekday,Commuter-Heavy Transit Hub,771,908,137,350,2024-02-01
2024-02-07,2024,Winter,Weekday,Leisure & Waterfront,537,552,15,569,2024-02-01
2024-02-07,2024,Winter,Weekday,Residential & Inner-Suburban Feeder,1643,1552,-91,1545,2024-02-01
2024-02-08,2024,Winter,Weekday,Commercial & Employment Core,8017,7934,-83,4319,2024-02-01
2024-02-08,2024,Winter,Weekday,Commuter-Heavy Transit Hub,795,917,122,373,2024-02-01
2024-02-08,2024,Winter,Weekday,Leisure & Waterfront,519,559,40,571,2024-02-01
2024-02-08,2024,Winter,Weekday,Residential & Inner-Suburban Feeder,1652,1565,-87,1551,2024-02-01
2024-02-09,2024,Winter,Weekday,Commercial & Employment Core,8328,8381,53,4486,2024-02-01
2024-02-09,2024,Winter,Weekday,Commuter-Heavy Transit Hub,749,796,47,369,2024-02-01
2024-02-09,2024,Winter,Weekday,Leisure & Waterfront,790,802,12,724,2024-02-01
2024-02-09,2024,Winter,Weekday,Residential & Inner-Suburban Feeder,1841,1685,-156,1687,2024-02-01
2024-02-10,2024,Winter,Weekend,Commercial & Employment Core,6735,6703,-32,4238,2024-02-01
2024-02-10,2024,Winter,Weekend,Commuter-Heavy Transit Hub,264,280,16,248,2024-02-01
2024-02-10,2024,Winter,Weekend,Leisure & Waterfront,963,1047,84,724,2024-02-01
2024-02-10,2024,Winter,Weekend,Residential & Inner-Suburban Feeder,1510,1478,-32,1534,2024-02-01
2024-02-11,2024,Winter,Weekend,Commercial & Employment Core,5427,5442,15,4017,2024-02-01
2024-02-11,2024,Winter,Weekend,Commuter-Heavy Transit Hub,202,217,15,227,2024-02-01
2024-02-11,2024,Winter,Weekend,Leisure & Waterfront,583,579,-4,616,2024-02-01
2024-02-11,2024,Winter,Weekend,Residential & Inner-Suburban Feeder,1216,1201,-15,1363,2024-02-01
2024-02-12,2024,Winter,Weekday,Commercial & Employment Core,7080,7069,-11,4246,2024-02-01
2024-02-12,2024,Winter,Weekday,Commuter-Heavy Transit Hub,747,762,15,369,2024-02-01
2024-02-12,2024,Winter,Weekday,Leisure & Waterfront,480,478,-2,533,2024-02-01
2024-02-12,2024,Winter,Weekday,Residential & Inner-Suburban Feeder,1394,1412,18,1470,2024-02-01
2024-02-13,2024,Winter,Weekday,Commercial & Employment Core,7274,7265,-9,4358,2024-02-01
2024-02-13,2024,Winter,Weekday,Commuter-Heavy Transit Hub,734,894,160,355,2024-02-01
2024-02-13,2024,Winter,Weekday,Leisure & Waterfront,454,460,6,473,2024-02-01
2024-02-13,2024,Winter,Weekday,Residential & Inner-Suburban Feeder,1493,1315,-178,1442,2024-02-01
2024-02-14,2024,Winter,Weekday,Commercial & Employment Core,6857,6828,-29,4181,2024-02-01
2024-02-14,2024,Winter,Weekday,Commuter-Heavy Transit Hub,674,781,107,353,2024-02-01
2024-02-14,2024,Winter,Weekday,Leisure & Waterfront,412,451,39,472,2024-02-01
2024-02-14,2024,Winter,Weekday,Residential & Inner-Suburban Feeder,1456,1347,-109,1428,2024-02-01
2024-02-15,2024,Winter,Weekday,Commercial & Employment Core,3829,3827,-2,3207,2024-02-01
2024-02-15,2024,Winter,Weekday,Commuter-Heavy Transit Hub,280,634,354,300,2024-02-01
2024-02-15,2024,Winter,Weekday,Leisure & Waterfront,262,267,5,310,2024-02-01
2024-02-15,2024,Winter,Weekday,Residential & Inner-Suburban Feeder,968,619,-349,957,2024-02-01
2024-02-16,2024,Winter,Weekday,Commercial & Employment Core,4205,4236,31,3443,2024-02-01
2024-02-16,2024,Winter,Weekday,Commuter-Heavy Transit Hub,362,336,-26,288,2024-02-01
2024-02-16,2024,Winter,Weekday,Leisure & Waterfront,227,251,24,288,2024-02-01
2024-02-16,2024,Winter,Weekday,Residential & Inner-Suburban Feeder,804,762,-42,980,2024-02-01
2024-02-17,2024,Winter,Weekend,Commercial & Employment Core,3682,3650,-32,3340,2024-02-01
2024-02-17,2024,Winter,Weekend,Commuter-Heavy Transit Hub,142,166,24,194,2024-02-01
2024-02-17,2024,Winter,Weekend,Leisure & Waterfront,269,294,25,369,2024-02-01
2024-02-17,2024,Winter,Weekend,Residential & Inner-Suburban Feeder,757,746,-11,951,2024-02-01
2024-02-18,2024,Winter,Weekend,Commercial & Employment Core,3273,3308,35,3149,2024-02-01
2024-02-18,2024,Winter,Weekend,Commuter-Heavy Transit Hub,129,109,-20,150,2024-02-01
2024-02-18,2024,Winter,Weekend,Leisure & Waterfront,204,240,36,317,2024-02-01
2024-02-18,2024,Winter,Weekend,Residential & Inner-Suburban Feeder,652,611,-41,849,2024-02-01
2024-02-19,2024,Winter,Weekday,Commercial & Employment Core,3184,3186,2,3089,2024-02-01
2024-02-19,2024,Winter,Weekday,Commuter-Heavy Transit Hub,132,161,29,182,2024-02-01
2024-02-19,2024,Winter,Weekday,Leisure & Waterfront,303,299,-4,360,2024-02-01
2024-02-19,2024,Winter,Weekday,Residential & Inner-Suburban Feeder,641,612,-29,860,2024-02-01
2024-02-20,2024,Winter,Weekday,Commercial & Employment Core,6602,6532,-70,4224,2024-02-01
2024-02-20,2024,Winter,Weekday,Commuter-Heavy Transit Hub,570,647,77,334,2024-02-01
2024-02-20,2024,Winter,Weekday,Leisure & Waterfront,475,524,49,530,2024-02-01
2024-02-20,2024,Winter,Weekday,Residential & Inner-Suburban Feeder,1432,1368,-64,1480,2024-02-01
2024-02-21,2024,Winter,Weekday,Commercial & Employment Core,7821,7561,-260,4484,2024-02-01
2024-02-21,2024,Winter,Weekday,Commuter-Heavy Transit Hub,658,788,130,353,2024-02-01
2024-02-21,2024,Winter,Weekday,Leisure & Waterfront,551,605,54,570,2024-02-01
2024-02-21,2024,Winter,Weekday,Residential & Inner-Suburban Feeder,1621,1692,71,1622,2024-02-01
2024-02-22,2024,Winter,Weekday,Commercial & Employment Core,8154,8119,-35,4597,2024-02-01
2024-02-22,2024,Winter,Weekday,Commuter-Heavy Transit Hub,731,828,97,379,2024-02-01
2024-02-22,2024,Winter,Weekday,Leisure & Waterfront,676,735,59,678,2024-02-01
2024-02-22,2024,Winter,Weekday,Residential & Inner-Suburban Feeder,1866,1739,-127,1692,2024-02-01
2024-02-23,2024,Winter,Weekday,Commercial & Employment Core,7164,7241,77,4436,2024-02-01
2024-02-23,2024,Winter,Weekday,Commuter-Heavy Transit Hub,541,719,178,376,2024-02-01
2024-02-23,2024,Winter,Weekday,Leisure & Waterfront,579,590,11,614,2024-02-01
2024-02-23,2024,Winter,Weekday,Residential & Inner-Suburban Feeder,1764,1511,-253,1656,2024-02-01
2024-02-24,2024,Winter,Weekend,Commercial & Employment Core,4366,4415,49,3709,2024-02-01
2024-02-24,2024,Winter,Weekend,Commuter-Heavy Transit Hub,144,175,31,197,2024-02-01
2024-02-24,2024,Winter,Weekend,Leisure & Waterfront,440,445,5,489,2024-02-01
2024-02-24,2024,Winter,Weekend,Residential & Inner-Suburban Feeder,1010,918,-92,1191,2024-02-01
2024-02-25,2024,Winter,Weekend,Commercial & Employment Core,4884,4877,-7,3835,2024-02-01
2024-02-25,2024,Winter,Weekend,Commuter-Heavy Transit Hub,190,189,-1,211,2024-02-01
2024-02-25,2024,Winter,Weekend,Leisure & Waterfront,390,411,21,462,2024-02-01
2024-02-25,2024,Winter,Weekend,Residential & Inner-Suburban Feeder,1038,1032,-6,1269,2024-02-01
2024-02-26,2024,Winter,Weekday,Commercial & Employment Core,7706,7650,-56,4425,2024-02-01
2024-02-26,2024,Winter,Weekday,Commuter-Heavy Transit Hub,749,797,48,350,2024-02-01
2024-02-26,2024,Winter,Weekday,Leisure & Waterfront,635,679,44,641,2024-02-01
2024-02-26,2024,Winter,Weekday,Residential & Inner-Suburban Feeder,1660,1627,-33,1616,2024-02-01
2024-02-27,2024,Winter,Weekday,Commercial & Employment Core,6326,6285,-41,4049,2024-02-01
2024-02-27,2024,Winter,Weekday,Commuter-Heavy Transit Hub,553,875,322,367,2024-02-01
2024-02-27,2024,Winter,Weekday,Leisure & Waterfront,376,406,30,438,2024-02-01
2024-02-27,2024,Winter,Weekday,Residential & Inner-Suburban Feeder,1442,1123,-319,1312,2024-02-01
2024-02-28,2024,Winter,Weekday,Commercial & Employment Core,6527,6491,-36,4122,2024-02-01
2024-02-28,2024,Winter,Weekday,Commuter-Heavy Transit Hub,635,829,194,372,2024-02-01
2024-02-28,2024,Winter,Weekday,Leisure & Waterfront,409,429,20,449,2024-02-01
2024-02-28,2024,Winter,Weekday,Residential & Inner-Suburban Feeder,1391,1219,-172,1403,2024-02-01
2024-02-29,2024,Winter,Weekday,Commercial & Employment Core,6337,6164,-173,4078,2024-02-01
2024-02-29,2024,Winter,Weekday,Commuter-Heavy Transit Hub,632,807,175,365,2024-02-01
2024-02-29,2024,Winter,Weekday,Leisure & Waterfront,327,396,69,397,2024-02-01
2024-02-29,2024,Winter,Weekday,Residential & Inner-Suburban Feeder,1260,1189,-71,1324,2024-02-01
2024-03-01,2024,Spring,Weekday,Commercial & Employment Core,7999,7973,-26,4513,2024-03-01
2024-03-01,2024,Spring,Weekday,Commuter-Heavy Transit Hub,728,836,108,380,2024-03-01
2024-03-01,2024,Spring,Weekday,Leisure & Waterfront,638,679,41,672,2024-03-01
2024-03-01,2024,Spring,Weekday,Residential & Inner-Suburban Feeder,1740,1589,-151,1635,2024-03-01
2024-03-02,2024,Spring,Weekend,Commercial & Employment Core,6168,6154,-14,4250,2024-03-01
2024-03-02,2024,Spring,Weekend,Commuter-Heavy Transit Hub,213,235,22,252,2024-03-01
2024-03-02,2024,Spring,Weekend,Leisure & Waterfront,529,591,62,560,2024-03-01
2024-03-02,2024,Spring,Weekend,Residential & Inner-Suburban Feeder,1375,1318,-57,1474,2024-03-01
2024-03-03,2024,Spring,Weekend,Commercial & Employment Core,5811,5824,13,4182,2024-03-01
2024-03-03,2024,Spring,Weekend,Commuter-Heavy Transit Hub,241,243,2,263,2024-03-01
2024-03-03,2024,Spring,Weekend,Leisure & Waterfront,658,703,45,676,2024-03-01
2024-03-03,2024,Spring,Weekend,Residential & Inner-Suburban Feeder,1335,1295,-40,1438,2024-03-01
2024-03-04,2024,Spring,Weekday,Commercial & Employment Core,8652,8503,-149,4596,2024-03-01
2024-03-04,2024,Spring,Weekday,Commuter-Heavy Transit Hub,826,914,88,362,2024-03-01
2024-03-04,2024,Spring,Weekday,Leisure & Waterfront,897,930,33,803,2024-03-01
2024-03-04,2024,Spring,Weekday,Residential & Inner-Suburban Feeder,1900,1910,10,1730,2024-03-01
2024-03-05,2024,Spring,Weekday,Commercial & Employment Core,8163,8150,-13,4559,2024-03-01
2024-03-05,2024,Spring,Weekday,Commuter-Heavy Transit Hub,763,1063,300,380,2024-03-01
2024-03-05,2024,Spring,Weekday,Leisure & Waterfront,699,728,29,692,2024-03-01
2024-03-05,2024,Spring,Weekday,Residential & Inner-Suburban Feeder,1950,1645,-305,1702,2024-03-01
2024-03-06,2024,Spring,Weekday,Commercial & Employment Core,8369,8158,-211,4499,2024-03-01
2024-03-06,2024,Spring,Weekday,Commuter-Heavy Transit Hub,860,968,108,391,2024-03-01
2024-03-06,2024,Spring,Weekday,Leisure & Waterfront,614,622,8,624,2024-03-01
2024-03-06,2024,Spring,Weekday,Residential & Inner-Suburban Feeder,1681,1762,81,1613,2024-03-01
2024-03-07,2024,Spring,Weekday,Commercial & Employment Core,9489,9305,-184,4629,2024-03-01
2024-03-07,2024,Spring,Weekday,Commuter-Heavy Transit Hub,886,1117,231,376,2024-03-01
2024-03-07,2024,Spring,Weekday,Leisure & Waterfront,888,916,28,779,2024-03-01
2024-03-07,2024,Spring,Weekday,Residential & Inner-Suburban Feeder,2100,2009,-91,1801,2024-03-01
2024-03-08,2024,Spring,Weekday,Commercial & Employment Core,8447,8436,-11,4676,2024-03-01
2024-03-08,2024,Spring,Weekday,Commuter-Heavy Transit Hub,664,840,176,363,2024-03-01
2024-03-08,2024,Spring,Weekday,Leisure & Waterfront,627,653,26,646,2024-03-01
2024-03-08,2024,Spring,Weekday,Residential & Inner-Suburban Feeder,1883,1711,-172,1716,2024-03-01
2024-03-09,2024,Spring,Weekend,Commercial & Employment Core,4844,4876,32,3756,2024-03-01
2024-03-09,2024,Spring,Weekend,Commuter-Heavy Transit Hub,179,179,0,206,2024-03-01
2024-03-09,2024,Spring,Weekend,Leisure & Waterfront,466,452,-14,462,2024-03-01
2024-03-09,2024,Spring,Weekend,Residential & Inner-Suburban Feeder,1004,988,-16,1164,2024-03-01
2024-03-10,2024,Spring,Weekend,Commercial & Employment Core,4239,4288,49,3643,2024-03-01
2024-03-10,2024,Spring,Weekend,Commuter-Heavy Transit Hub,141,168,27,198,2024-03-01
2024-03-10,2024,Spring,Weekend,Leisure & Waterfront,356,348,-8,397,2024-03-01
2024-03-10,2024,Spring,Weekend,Residential & Inner-Suburban Feeder,889,843,-46,1150,2024-03-01
2024-03-11,2024,Spring,Weekday,Commercial & Employment Core,7430,7322,-108,4287,2024-03-01
2024-03-11,2024,Spring,Weekday,Commuter-Heavy Transit Hub,741,752,11,361,2024-03-01
2024-03-11,2024,Spring,Weekday,Leisure & Waterfront,659,718,59,633,2024-03-01
2024-03-11,2024,Spring,Weekday,Residential & Inner-Suburban Feeder,1663,1686,23,1608,2024-03-01
2024-03-12,2024,Spring,Weekday,Commercial & Employment Core,9887,9782,-105,4708,2024-03-01
2024-03-12,2024,Spring,Weekday,Commuter-Heavy Transit Hub,950,1045,95,391,2024-03-01
2024-03-12,2024,Spring,Weekday,Leisure & Waterfront,956,1021,65,795,2024-03-01
2024-03-12,2024,Spring,Weekday,Residential & Inner-Suburban Feeder,2130,2075,-55,1819,2024-03-01
2024-03-13,2024,Spring,Weekday,Commercial & Employment Core,11176,10976,-200,4834,2024-03-01
2024-03-13,2024,Spring,Weekday,Commuter-Heavy Transit Hub,1076,1157,81,402,2024-03-01
2024-03-13,2024,Spring,Weekday,Leisure & Waterfront,1788,1890,102,995,2024-03-01
2024-03-13,2024,Spring,Weekday,Residential & Inner-Suburban Feeder,2613,2605,-8,1943,2024-03-01
2024-03-14,2024,Spring,Weekday,Commercial & Employment Core,6055,6119,64,4029,2024-03-01
2024-03-14,2024,Spring,Weekday,Commuter-Heavy Transit Hub,564,977,413,362,2024-03-01
2024-03-14,2024,Spring,Weekday,Leisure & Waterfront,449,444,-5,506,2024-03-01
2024-03-14,2024,Spring,Weekday,Residential & Inner-Suburban Feeder,1557,1112,-445,1387,2024-03-01
2024-03-15,2024,Spring,Weekday,Commercial & Employment Core,8944,8887,-57,4573,2024-03-01
2024-03-15,2024,Spring,Weekday,Commuter-Heavy Transit Hub,776,853,77,367,2024-03-01
2024-03-15,2024,Spring,Weekday,Leisure & Waterfront,713,731,18,690,2024-03-01
2024-03-15,2024,Spring,Weekday,Residential & Inner-Suburban Feeder,1823,1764,-59,1624,2024-03-01
2024-03-16,2024,Spring,Weekend,Commercial & Employment Core,6733,6803,70,4293,2024-03-01
2024-03-16,2024,Spring,Weekend,Commuter-Heavy Transit Hub,243,262,19,275,2024-03-01
2024-03-16,2024,Spring,Weekend,Leisure & Waterfront,740,769,29,713,2024-03-01
2024-03-16,2024,Spring,Weekend,Residential & Inner-Suburban Feeder,1568,1445,-123,1543,2024-03-01
2024-03-17,2024,Spring,Weekend,Commercial & Employment Core,5503,5551,48,4098,2024-03-01
2024-03-17,2024,Spring,Weekend,Commuter-Heavy Transit Hub,202,211,9,234,2024-03-01
2024-03-17,2024,Spring,Weekend,Leisure & Waterfront,506,522,16,556,2024-03-01
2024-03-17,2024,Spring,Weekend,Residential & Inner-Suburban Feeder,1185,1140,-45,1348,2024-03-01
2024-03-18,2024,Spring,Weekday,Commercial & Employment Core,6617,6594,-23,4197,2024-03-01
2024-03-18,2024,Spring,Weekday,Commuter-Heavy Transit Hub,671,726,55,353,2024-03-01
2024-03-18,2024,Spring,Weekday,Leisure & Waterfront,430,464,34,467,2024-03-01
2024-03-18,2024,Spring,Weekday,Residential & Inner-Suburban Feeder,1360,1298,-62,1453,2024-03-01
2024-03-19,2024,Spring,Weekday,Commercial & Employment Core,5996,5969,-27,4017,2024-03-01
2024-03-19,2024,Spring,Weekday,Commuter-Heavy Transit Hub,573,788,215,364,2024-03-01
2024-03-19,2024,Spring,Weekday,Leisure & Waterfront,349,373,24,423,2024-03-01
2024-03-19,2024,Spring,Weekday,Residential & Inner-Suburban Feeder,1328,1108,-220,1330,2024-03-01
2024-03-20,2024,Spring,Weekday,Commercial & Employment Core,6460,6360,-100,4134,2024-03-01
2024-03-20,2024,Spring,Weekday,Commuter-Heavy Transit Hub,682,760,78,366,2024-03-01
2024-03-20,2024,Spring,Weekday,Leisure & Waterfront,396,424,28,457,2024-03-01
2024-03-20,2024,Spring,Weekday,Residential & Inner-Suburban Feeder,1304,1303,-1,1379,2024-03-01
2024-03-21,2024,Spring,Weekday,Commercial & Employment Core,6712,6586,-126,4162,2024-03-01
2024-03-21,2024,Spring,Weekday,Commuter-Heavy Transit Hub,694,838,144,372,2024-03-01
2024-03-21,2024,Spring,Weekday,Leisure & Waterfront,404,448,44,471,2024-03-01
2024-03-21,2024,Spring,Weekday,Residential & Inner-Suburban Feeder,1364,1292,-72,1388,2024-03-01
2024-03-22,2024,Spring,Weekday,Commercial & Employment Core,3136,3149,13,2966,2024-03-01
2024-03-22,2024,Spring,Weekday,Commuter-Heavy Transit Hub,213,489,276,265,2024-03-01
2024-03-22,2024,Spring,Weekday,Leisure & Waterfront,185,199,14,262,2024-03-01
2024-03-22,2024,Spring,Weekday,Residential & Inner-Suburban Feeder,815,526,-289,822,2024-03-01
2024-03-23,2024,Spring,Weekend,Commercial & Employment Core,3369,3349,-20,2972,2024-03-01
2024-03-23,2024,Spring,Weekend,Commuter-Heavy Transit Hub,119,130,11,167,2024-03-01
2024-03-23,2024,Spring,Weekend,Leisure & Waterfront,316,339,23,352,2024-03-01
2024-03-23,2024,Spring,Weekend,Residential & Inner-Suburban Feeder,699,672,-27,851,2024-03-01
2024-03-24,2024,Spring,Weekend,Commercial & Employment Core,4430,4508,78,3674,2024-03-01
2024-03-24,2024,Spring,Weekend,Commuter-Heavy Transit Hub,161,142,-19,197,2024-03-01
2024-03-24,2024,Spring,Weekend,Leisure & Waterfront,452,480,28,506,2024-03-01
2024-03-24,2024,Spring,Weekend,Residential & Inner-Suburban Feeder,911,834,-77,1095,2024-03-01
2024-03-25,2024,Spring,Weekday,Commercial & Employment Core,7411,7412,1,4390,2024-03-01
2024-03-25,2024,Spring,Weekday,Commuter-Heavy Transit Hub,692,739,47,354,2024-03-01
2024-03-25,2024,Spring,Weekday,Leisure & Waterfront,567,588,21,585,2024-03-01
2024-03-25,2024,Spring,Weekday,Residential & Inner-Suburban Feeder,1587,1513,-74,1515,2024-03-01
2024-03-26,2024,Spring,Weekday,Commercial & Employment Core,7160,7084,-76,4235,2024-03-01
2024-03-26,2024,Spring,Weekday,Commuter-Heavy Transit Hub,689,923,234,350,2024-03-01
2024-03-26,2024,Spring,Weekday,Leisure & Waterfront,490,502,12,501,2024-03-01
2024-03-26,2024,Spring,Weekday,Residential & Inner-Suburban Feeder,1553,1391,-162,1463,2024-03-01
2024-03-27,2024,Spring,Weekday,Commercial & Employment Core,8712,8518,-194,4420,2024-03-01
2024-03-27,2024,Spring,Weekday,Commuter-Heavy Transit Hub,919,1057,138,368,2024-03-01
2024-03-27,2024,Spring,Weekday,Leisure & Waterfront,648,677,29,664,2024-03-01
2024-03-27,2024,Spring,Weekday,Residential & Inner-Suburban Feeder,1818,1832,14,1680,2024-03-01
2024-03-28,2024,Spring,Weekday,Commercial & Employment Core,9468,9215,-253,4661,2024-03-01
2024-03-28,2024,Spring,Weekday,Commuter-Heavy Transit Hub,864,1093,229,376,2024-03-01
2024-03-28,2024,Spring,Weekday,Leisure & Waterfront,802,858,56,757,2024-03-01
2024-03-28,2024,Spring,Weekday,Residential & Inner-Suburban Feeder,2016,1983,-33,1741,2024-03-01
2024-03-29,2024,Spring,Weekday,Commercial & Employment Core,5317,5392,75,3895,2024-03-01
2024-03-29,2024,Spring,Weekday,Commuter-Heavy Transit Hub,267,292,25,270,2024-03-01
2024-03-29,2024,Spring,Weekday,Leisure & Waterfront,744,773,29,652,2024-03-01
2024-03-29,2024,Spring,Weekday,Residential & Inner-Suburban Feeder,1247,1119,-128,1289,2024-03-01
2024-03-30,2024,Spring,Weekend,Commercial & Employment Core,6157,6180,23,4158,2024-03-01
2024-03-30,2024,Spring,Weekend,Commuter-Heavy Transit Hub,273,275,2,251,2024-03-01
2024-03-30,2024,Spring,Weekend,Leisure & Waterfront,837,900,63,761,2024-03-01
2024-03-30,2024,Spring,Weekend,Residential & Inner-Suburban Feeder,1486,1391,-95,1482,2024-03-01
2024-03-31,2024,Spring,Weekend,Commercial & Employment Core,5351,5372,21,3995,2024-03-01
2024-03-31,2024,Spring,Weekend,Commuter-Heavy Transit Hub,225,215,-10,231,2024-03-01
2024-03-31,2024,Spring,Weekend,Leisure & Waterfront,1084,1097,13,787,2024-03-01
2024-03-31,2024,Spring,Weekend,Residential & Inner-Suburban Feeder,1281,1258,-23,1376,2024-03-01
2024-04-01,2024,Spring,Weekday,Commercial & Employment Core,7646,7628,-18,4377,2024-04-01
2024-04-01,2024,Spring,Weekday,Commuter-Heavy Transit Hub,683,729,46,354,2024-04-01
2024-04-01,2024,Spring,Weekday,Leisure & Waterfront,942,996,54,806,2024-04-01
2024-04-01,2024,Spring,Weekday,Residential & Inner-Suburban Feeder,1726,1647,-79,1602,2024-04-01
2024-04-02,2024,Spring,Weekday,Commercial & Employment Core,6822,6747,-75,4161,2024-04-01
2024-04-02,2024,Spring,Weekday,Commuter-Heavy Transit Hub,651,832,181,367,2024-04-01
2024-04-02,2024,Spring,Weekday,Leisure & Waterfront,408,443,35,431,2024-04-01
2024-04-02,2024,Spring,Weekday,Residential & Inner-Suburban Feeder,1492,1363,-129,1400,2024-04-01
2024-04-03,2024,Spring,Weekday,Commercial & Employment Core,2734,2755,21,2805,2024-04-01
2024-04-03,2024,Spring,Weekday,Commuter-Heavy Transit Hub,267,339,72,270,2024-04-01
2024-04-03,2024,Spring,Weekday,Leisure & Waterfront,133,163,30,207,2024-04-01
2024-04-03,2024,Spring,Weekday,Residential & Inner-Suburban Feeder,610,500,-110,737,2024-04-01
2024-04-04,2024,Spring,Weekday,Commercial & Employment Core,6053,6040,-13,4041,2024-04-01
2024-04-04,2024,Spring,Weekday,Commuter-Heavy Transit Hub,580,722,142,343,2024-04-01
2024-04-04,2024,Spring,Weekday,Leisure & Waterfront,388,386,-2,445,2024-04-01
2024-04-04,2024,Spring,Weekday,Residential & Inner-Suburban Feeder,1339,1192,-147,1356,2024-04-01
2024-04-05,2024,Spring,Weekday,Commercial & Employment Core,8015,8055,40,4595,2024-04-01
2024-04-05,2024,Spring,Weekday,Commuter-Heavy Transit Hub,713,794,81,368,2024-04-01
2024-04-05,2024,Spring,Weekday,Leisure & Waterfront,553,546,-7,602,2024-04-01
2024-04-05,2024,Spring,Weekday,Residential & Inner-Suburban Feeder,1714,1569,-145,1697,2024-04-01
2024-04-06,2024,Spring,Weekend,Commercial & Employment Core,9123,9226,103,4829,2024-04-01
2024-04-06,2024,Spring,Weekend,Commuter-Heavy Transit Hub,413,373,-40,316,2024-04-01
2024-04-06,2024,Spring,Weekend,Leisure & Waterfront,1568,1656,88,1009,2024-04-01
2024-04-06,2024,Spring,Weekend,Residential & Inner-Suburban Feeder,2310,2147,-163,1935,2024-04-01
2024-04-07,2024,Spring,Weekend,Commercial & Employment Core,8788,8866,78,4783,2024-04-01
2024-04-07,2024,Spring,Weekend,Commuter-Heavy Transit Hub,418,355,-63,313,2024-04-01
2024-04-07,2024,Spring,Weekend,Leisure & Waterfront,2122,2193,71,1068,2024-04-01
2024-04-07,2024,Spring,Weekend,Residential & Inner-Suburban Feeder,2195,2147,-48,1830,2024-04-01
2024-04-08,2024,Spring,Weekday,Commercial & Employment Core,8781,8609,-172,4805,2024-04-01
2024-04-08,2024,Spring,Weekday,Commuter-Heavy Transit Hub,765,906,141,388,2024-04-01
2024-04-08,2024,Spring,Weekday,Leisure & Waterfront,982,1032,50,792,2024-04-01
2024-04-08,2024,Spring,Weekday,Residential & Inner-Suburban Feeder,2079,2049,-30,1816,2024-04-01
2024-04-09,2024,Spring,Weekday,Commercial & Employment Core,11491,11270,-221,4981,2024-04-01
2024-04-09,2024,Spring,Weekday,Commuter-Heavy Transit Hub,1051,1202,151,382,2024-04-01
2024-04-09,2024,Spring,Weekday,Leisure & Waterfront,1261,1299,38,957,2024-04-01
2024-04-09,2024,Spring,Weekday,Residential & Inner-Suburban Feeder,2697,2739,42,2030,2024-04-01
2024-04-10,2024,Spring,Weekday,Commercial & Employment Core,12288,12116,-172,5089,2024-04-01
2024-04-10,2024,Spring,Weekday,Commuter-Heavy Transit Hub,1161,1342,181,402,2024-04-01
2024-04-10,2024,Spring,Weekday,Leisure & Waterfront,1489,1536,47,1003,2024-04-01
2024-04-10,2024,Spring,Weekday,Residential & Inner-Suburban Feeder,3025,2945,-80,2134,2024-04-01
2024-04-11,2024,Spring,Weekday,Commercial & Employment Core,4544,4492,-52,3714,2024-04-01
2024-04-11,2024,Spring,Weekday,Commuter-Heavy Transit Hub,398,475,77,323,2024-04-01
2024-04-11,2024,Spring,Weekday,Leisure & Waterfront,276,288,12,339,2024-04-01
2024-04-11,2024,Spring,Weekday,Residential & Inner-Suburban Feeder,971,968,-3,1170,2024-04-01
2024-04-12,2024,Spring,Weekday,Commercial & Employment Core,5875,5938,63,3984,2024-04-01
2024-04-12,2024,Spring,Weekday,Commuter-Heavy Transit Hub,489,469,-20,332,2024-04-01
2024-04-12,2024,Spring,Weekday,Leisure & Waterfront,350,397,47,417,2024-04-01
2024-04-12,2024,Spring,Weekday,Residential & Inner-Suburban Feeder,1310,1203,-107,1366,2024-04-01
2024-04-13,2024,Spring,Weekend,Commercial & Employment Core,7837,7860,23,4526,2024-04-01
2024-04-13,2024,Spring,Weekend,Commuter-Heavy Transit Hub,326,324,-2,281,2024-04-01
2024-04-13,2024,Spring,Weekend,Leisure & Waterfront,1075,1101,26,876,2024-04-01
2024-04-13,2024,Spring,Weekend,Residential & Inner-Suburban Feeder,1909,1826,-83,1748,2024-04-01
2024-04-14,2024,Spring,Weekend,Commercial & Employment Core,8881,8864,-17,4666,2024-04-01
2024-04-14,2024,Spring,Weekend,Commuter-Heavy Transit Hub,383,329,-54,299,2024-04-01
2024-04-14,2024,Spring,Weekend,Leisure & Waterfront,1865,1926,61,1005,2024-04-01
2024-04-14,2024,Spring,Weekend,Residential & Inner-Suburban Feeder,2177,2216,39,1884,2024-04-01
2024-04-15,2024,Spring,Weekday,Commercial & Employment Core,10916,10744,-172,5015,2024-04-01
2024-04-15,2024,Spring,Weekday,Commuter-Heavy Transit Hub,1009,1088,79,394,2024-04-01
2024-04-15,2024,Spring,Weekday,Leisure & Waterfront,1445,1520,75,1032,2024-04-01
2024-04-15,2024,Spring,Weekday,Residential & Inner-Suburban Feeder,2608,2639,31,2088,2024-04-01
2024-04-16,2024,Spring,Weekday,Commercial & Employment Core,12432,12298,-134,5160,2024-04-01
2024-04-16,2024,Spring,Weekday,Commuter-Heavy Transit Hub,1204,1328,124,414,2024-04-01
2024-04-16,2024,Spring,Weekday,Leisure & Waterfront,1592,1638,46,1083,2024-04-01
2024-04-16,2024,Spring,Weekday,Residential & Inner-Suburban Feeder,3082,3035,-47,2164,2024-04-01
2024-04-17,2024,Spring,Weekday,Commercial & Employment Core,5421,5416,-5,4023,2024-04-01
2024-04-17,2024,Spring,Weekday,Commuter-Heavy Transit Hub,521,529,8,337,2024-04-01
2024-04-17,2024,Spring,Weekday,Leisure & Waterfront,330,367,37,403,2024-04-01
2024-04-17,2024,Spring,Weekday,Residential & Inner-Suburban Feeder,1161,1146,-15,1303,2024-04-01
2024-04-18,2024,Spring,Weekday,Commercial & Employment Core,10544,10377,-167,4908,2024-04-01
2024-04-18,2024,Spring,Weekday,Commuter-Heavy Transit Hub,1051,1138,87,414,2024-04-01
2024-04-18,2024,Spring,Weekday,Leisure & Waterfront,979,1048,69,819,2024-04-01
2024-04-18,2024,Spring,Weekday,Residential & Inner-Suburban Feeder,2430,2396,-34,1982,2024-04-01
2024-04-19,2024,Spring,Weekday,Commercial & Employment Core,10078,10056,-22,4968,2024-04-01
2024-04-19,2024,Spring,Weekday,Commuter-Heavy Transit Hub,799,765,-34,399,2024-04-01
2024-04-19,2024,Spring,Weekday,Leisure & Waterfront,1080,1139,59,803,2024-04-01
2024-04-19,2024,Spring,Weekday,Residential & Inner-Suburban Feeder,2411,2401,-10,1990,2024-04-01
2024-04-20,2024,Spring,Weekend,Commercial & Employment Core,7655,7606,-49,4807,2024-04-01
2024-04-20,2024,Spring,Weekend,Commuter-Heavy Transit Hub,305,330,25,309,2024-04-01
2024-04-20,2024,Spring,Weekend,Leisure & Waterfront,962,1058,96,834,2024-04-01
2024-04-20,2024,Spring,Weekend,Residential & Inner-Suburban Feeder,1924,1863,-61,1816,2024-04-01
2024-04-21,2024,Spring,Weekend,Commercial & Employment Core,7529,7518,-11,4639,2024-04-01
2024-04-21,2024,Spring,Weekend,Commuter-Heavy Transit Hub,267,300,33,278,2024-04-01
2024-04-21,2024,Spring,Weekend,Leisure & Waterfront,1316,1346,30,926,2024-04-01
2024-04-21,2024,Spring,Weekend,Residential & Inner-Suburban Feeder,1882,1865,-17,1780,2024-04-01
2024-04-22,2024,Spring,Weekday,Commercial & Employment Core,10834,10690,-144,4936,2024-04-01
2024-04-22,2024,Spring,Weekday,Commuter-Heavy Transit Hub,1012,1046,34,406,2024-04-01
2024-04-22,2024,Spring,Weekday,Leisure & Waterfront,1484,1562,78,1030,2024-04-01
2024-04-22,2024,Spring,Weekday,Residential & Inner-Suburban Feeder,2702,2725,23,2108,2024-04-01
2024-04-23,2024,Spring,Weekday,Commercial & Employment Core,10321,10237,-84,4876,2024-04-01
2024-04-23,2024,Spring,Weekday,Commuter-Heavy Transit Hub,1066,1233,167,408,2024-04-01
2024-04-23,2024,Spring,Weekday,Leisure & Waterfront,858,920,62,807,2024-04-01
2024-04-23,2024,Spring,Weekday,Residential & Inner-Suburban Feeder,2587,2445,-142,2040,2024-04-01
2024-04-24,2024,Spring,Weekday,Commercial & Employment Core,11210,11048,-162,4887,2024-04-01
2024-04-24,2024,Spring,Weekday,Commuter-Heavy Transit Hub,1047,1171,124,409,2024-04-01
2024-04-24,2024,Spring,Weekday,Leisure & Waterfront,1216,1301,85,881,2024-04-01
2024-04-24,2024,Spring,Weekday,Residential & Inner-Suburban Feeder,2718,2659,-59,2053,2024-04-01
2024-04-25,2024,Spring,Weekday,Commercial & Employment Core,10943,10932,-11,5074,2024-04-01
2024-04-25,2024,Spring,Weekday,Commuter-Heavy Transit Hub,1037,1149,112,418,2024-04-01
2024-04-25,2024,Spring,Weekday,Leisure & Waterfront,1255,1256,1,925,2024-04-01
2024-04-25,2024,Spring,Weekday,Residential & Inner-Suburban Feeder,2667,2557,-110,2131,2024-04-01
2024-04-26,2024,Spring,Weekday,Commercial & Employment Core,11267,11337,70,5116,2024-04-01
2024-04-26,2024,Spring,Weekday,Commuter-Heavy Transit Hub,858,1013,155,418,2024-04-01
2024-04-26,2024,Spring,Weekday,Leisure & Waterfront,1535,1591,56,1066,2024-04-01
2024-04-26,2024,Spring,Weekday,Residential & Inner-Suburban Feeder,2842,2557,-285,2182,2024-04-01
2024-04-27,2024,Spring,Weekend,Commercial & Employment Core,7098,7077,-21,4564,2024-04-01
2024-04-27,2024,Spring,Weekend,Commuter-Heavy Transit Hub,303,289,-14,276,2024-04-01
2024-04-27,2024,Spring,Weekend,Leisure & Waterfront,852,873,21,753,2024-04-01
2024-04-27,2024,Spring,Weekend,Residential & Inner-Suburban Feeder,1724,1707,-17,1698,2024-04-01
2024-04-28,2024,Spring,Weekend,Commercial & Employment Core,7470,7438,-32,4840,2024-04-01
2024-04-28,2024,Spring,Weekend,Commuter-Heavy Transit Hub,315,262,-53,275,2024-04-01
2024-04-28,2024,Spring,Weekend,Leisure & Waterfront,1378,1382,4,970,2024-04-01
2024-04-28,2024,Spring,Weekend,Residential & Inner-Suburban Feeder,1822,1957,135,1879,2024-04-01
2024-04-29,2024,Spring,Weekday,Commercial & Employment Core,9728,9768,40,4807,2024-04-01
2024-04-29,2024,Spring,Weekday,Commuter-Heavy Transit Hub,877,973,96,375,2024-04-01
2024-04-29,2024,Spring,Weekday,Leisure & Waterfront,896,968,72,848,2024-04-01
2024-04-29,2024,Spring,Weekday,Residential & Inner-Suburban Feeder,2551,2358,-193,2083,2024-04-01
2024-04-30,2024,Spring,Weekday,Commercial & Employment Core,11381,11229,-152,4990,2024-04-01
2024-04-30,2024,Spring,Weekday,Commuter-Heavy Transit Hub,1005,1087,82,387,2024-04-01
2024-04-30,2024,Spring,Weekday,Leisure & Waterfront,1218,1303,85,915,2024-04-01
2024-04-30,2024,Spring,Weekday,Residential & Inner-Suburban Feeder,2810,2765,-45,2100,2024-04-01
2024-05-01,2024,Spring,Weekday,Commercial & Employment Core,12344,12124,-220,5201,2024-05-01
2024-05-01,2024,Spring,Weekday,Commuter-Heavy Transit Hub,1043,1158,115,388,2024-05-01
2024-05-01,2024,Spring,Weekday,Leisure & Waterfront,1480,1623,143,1119,2024-05-01
2024-05-01,2024,Spring,Weekday,Residential & Inner-Suburban Feeder,3178,3145,-33,2277,2024-05-01
2024-05-02,2024,Spring,Weekday,Commercial & Employment Core,13791,13693,-98,5311,2024-05-01
2024-05-02,2024,Spring,Weekday,Commuter-Heavy Transit Hub,1215,1378,163,433,2024-05-01
2024-05-02,2024,Spring,Weekday,Leisure & Waterfront,2158,2195,37,1233,2024-05-01
2024-05-02,2024,Spring,Weekday,Residential & Inner-Suburban Feeder,3630,3490,-140,2442,2024-05-01
2024-05-03,2024,Spring,Weekday,Commercial & Employment Core,9037,9031,-6,4968,2024-05-01
2024-05-03,2024,Spring,Weekday,Commuter-Heavy Transit Hub,646,891,245,416,2024-05-01
2024-05-03,2024,Spring,Weekday,Leisure & Waterfront,1035,1075,40,871,2024-05-01
2024-05-03,2024,Spring,Weekday,Residential & Inner-Suburban Feeder,2416,2139,-277,2069,2024-05-01
2024-05-04,2024,Spring,Weekend,Commercial & Employment Core,12461,12439,-22,5267,2024-05-01
2024-05-04,2024,Spring,Weekend,Commuter-Heavy Transit Hub,511,510,-1,361,2024-05-01
2024-05-04,2024,Spring,Weekend,Leisure & Waterfront,3044,3080,36,1300,2024-05-01
2024-05-04,2024,Spring,Weekend,Residential & Inner-Suburban Feeder,3459,3354,-105,2294,2024-05-01
2024-05-05,2024,Spring,Weekend,Commercial & Employment Core,9470,9449,-21,5037,2024-05-01
2024-05-05,2024,Spring,Weekend,Commuter-Heavy Transit Hub,354,326,-28,313,2024-05-01
2024-05-05,2024,Spring,Weekend,Leisure & Waterfront,1912,1966,54,1055,2024-05-01
2024-05-05,2024,Spring,Weekend,Residential & Inner-Suburban Feeder,2273,2399,126,1993,2024-05-01
2024-05-06,2024,Spring,Weekday,Commercial & Employment Core,12637,12478,-159,5144,2024-05-01
2024-05-06,2024,Spring,Weekday,Commuter-Heavy Transit Hub,1129,1210,81,409,2024-05-01
2024-05-06,2024,Spring,Weekday,Leisure & Waterfront,1981,2007,26,1196,2024-05-01
2024-05-06,2024,Spring,Weekday,Residential & Inner-Suburban Feeder,3202,3248,46,2263,2024-05-01
2024-05-07,2024,Spring,Weekday,Commercial & Employment Core,13849,13698,-151,5156,2024-05-01
2024-05-07,2024,Spring,Weekday,Commuter-Heavy Transit Hub,1307,1504,197,406,2024-05-01
2024-05-07,2024,Spring,Weekday,Leisure & Waterfront,2048,2046,-2,1198,2024-05-01
2024-05-07,2024,Spring,Weekday,Residential & Inner-Suburban Feeder,3524,3509,-15,2252,2024-05-01
2024-05-08,2024,Spring,Weekday,Commercial & Employment Core,13790,13478,-312,5037,2024-05-01
2024-05-08,2024,Spring,Weekday,Commuter-Heavy Transit Hub,1213,1491,278,385,2024-05-01
2024-05-08,2024,Spring,Weekday,Leisure & Waterfront,1728,1805,77,1095,2024-05-01
2024-05-08,2024,Spring,Weekday,Residential & Inner-Suburban Feeder,3472,3392,-80,2174,2024-05-01
2024-05-09,2024,Spring,Weekday,Commercial & Employment Core,13498,13236,-262,5230,2024-05-01
2024-05-09,2024,Spring,Weekday,Commuter-Heavy Transit Hub,1123,1414,291,409,2024-05-01
2024-05-09,2024,Spring,Weekday,Leisure & Waterfront,1674,1710,36,1166,2024-05-01
2024-05-09,2024,Spring,Weekday,Residential & Inner-Suburban Feeder,3474,3381,-93,2303,2024-05-01
2024-05-10,2024,Spring,Weekday,Commercial & Employment Core,13453,13373,-80,5325,2024-05-01
2024-05-10,2024,Spring,Weekday,Commuter-Heavy Transit Hub,985,1117,132,428,2024-05-01
2024-05-10,2024,Spring,Weekday,Leisure & Waterfront,1625,1702,77,1139,2024-05-01
2024-05-10,2024,Spring,Weekday,Residential & Inner-Suburban Feeder,3360,3192,-168,2331,2024-05-01
2024-05-11,2024,Spring,Weekend,Commercial & Employment Core,10089,10236,147,5065,2024-05-01
2024-05-11,2024,Spring,Weekend,Commuter-Heavy Transit Hub,389,438,49,338,2024-05-01
2024-05-11,2024,Spring,Weekend,Leisure & Waterfront,1462,1545,83,1041,2024-05-01
2024-05-11,2024,Spring,Weekend,Residential & Inner-Suburban Feeder,2772,2567,-205,2078,2024-05-01
2024-05-12,2024,Spring,Weekend,Commercial & Employment Core,10633,10712,79,5070,2024-05-01
2024-05-12,2024,Spring,Weekend,Commuter-Heavy Transit Hub,371,387,16,311,2024-05-01
2024-05-12,2024,Spring,Weekend,Leisure & Waterfront,2503,2453,-50,1256,2024-05-01
2024-05-12,2024,Spring,Weekend,Residential & Inner-Suburban Feeder,2824,2786,-38,2171,2024-05-01
2024-05-13,2024,Spring,Weekday,Commercial & Employment Core,12000,11798,-202,5062,2024-05-01
2024-05-13,2024,Spring,Weekday,Commuter-Heavy Transit Hub,1099,1032,-67,391,2024-05-01
2024-05-13,2024,Spring,Weekday,Leisure & Waterfront,1467,1566,99,1075,2024-05-01
2024-05-13,2024,Spring,Weekday,Residential & Inner-Suburban Feeder,2855,3018,163,2217,2024-05-01
2024-05-14,2024,Spring,Weekday,Commercial & Employment Core,14290,14015,-275,5270,2024-05-01
2024-05-14,2024,Spring,Weekday,Commuter-Heavy Transit Hub,1224,1314,90,392,2024-05-01
2024-05-14,2024,Spring,Weekday,Leisure & Waterfront,1916,1982,66,1168,2024-05-01
2024-05-14,2024,Spring,Weekday,Residential & Inner-Suburban Feeder,3487,3599,112,2363,2024-05-01
2024-05-15,2024,Spring,Weekday,Commercial & Employment Core,14781,14597,-184,5332,2024-05-01
2024-05-15,2024,Spring,Weekday,Commuter-Heavy Transit Hub,1327,1490,163,397,2024-05-01
2024-05-15,2024,Spring,Weekday,Leisure & Waterfront,1885,1903,18,1188,2024-05-01
2024-05-15,2024,Spring,Weekday,Residential & Inner-Suburban Feeder,3807,3788,-19,2396,2024-05-01
2024-05-16,2024,Spring,Weekday,Commercial & Employment Core,15399,15131,-268,5405,2024-05-01
2024-05-16,2024,Spring,Weekday,Commuter-Heavy Transit Hub,1276,1488,212,415,2024-05-01
2024-05-16,2024,Spring,Weekday,Leisure & Waterfront,2333,2475,142,1334,2024-05-01
2024-05-16,2024,Spring,Weekday,Residential & Inner-Suburban Feeder,4000,3918,-82,2500,2024-05-01
2024-05-17,2024,Spring,Weekday,Commercial & Employment Core,12494,12521,27,5431,2024-05-01
2024-05-17,2024,Spring,Weekday,Commuter-Heavy Transit Hub,841,1074,233,413,2024-05-01
2024-05-17,2024,Spring,Weekday,Leisure & Waterfront,1745,1815,70,1275,2024-05-01
2024-05-17,2024,Spring,Weekday,Residential & Inner-Suburban Feeder,3225,2852,-373,2385,2024-05-01
2024-05-18,2024,Spring,Weekend,Commercial & Employment Core,13573,13480,-93,5426,2024-05-01
2024-05-18,2024,Spring,Weekend,Commuter-Heavy Transit Hub,475,469,-6,334,2024-05-01
2024-05-18,2024,Spring,Weekend,Leisure & Waterfront,3638,3758,120,1499,2024-05-01
2024-05-18,2024,Spring,Weekend,Residential & Inner-Suburban Feeder,3731,3695,-36,2474,2024-05-01
2024-05-19,2024,Spring,Weekend,Commercial & Employment Core,12968,12895,-73,5351,2024-05-01
2024-05-19,2024,Spring,Weekend,Commuter-Heavy Transit Hub,461,425,-36,330,2024-05-01
2024-05-19,2024,Spring,Weekend,Leisure & Waterfront,4069,4212,143,1594,2024-05-01
2024-05-19,2024,Spring,Weekend,Residential & Inner-Suburban Feeder,3691,3651,-40,2414,2024-05-01
2024-05-20,2024,Spring,Weekday,Commercial & Employment Core,11637,11625,-12,5128,2024-05-01
2024-05-20,2024,Spring,Weekday,Commuter-Heavy Transit Hub,472,411,-61,343,2024-05-01
2024-05-20,2024,Spring,Weekday,Leisure & Waterfront,4821,4988,167,1553,2024-05-01
2024-05-20,2024,Spring,Weekday,Residential & Inner-Suburban Feeder,3552,3488,-64,2327,2024-05-01
2024-05-21,2024,Spring,Weekday,Commercial & Employment Core,15812,15533,-279,5448,2024-05-01
2024-05-21,2024,Spring,Weekday,Commuter-Heavy Transit Hub,1434,1651,217,430,2024-05-01
2024-05-21,2024,Spring,Weekday,Leisure & Waterfront,2567,2616,49,1405,2024-05-01
2024-05-21,2024,Spring,Weekday,Residential & Inner-Suburban Feeder,4114,4170,56,2536,2024-05-01
2024-05-22,2024,Spring,Weekday,Commercial & Employment Core,16407,16086,-321,5529,2024-05-01
2024-05-22,2024,Spring,Weekday,Commuter-Heavy Transit Hub,1419,1684,265,424,2024-05-01
2024-05-22,2024,Spring,Weekday,Leisure & Waterfront,2383,2471,88,1378,2024-05-01
2024-05-22,2024,Spring,Weekday,Residential & Inner-Suburban Feeder,4184,4143,-41,2587,2024-05-01
2024-05-23,2024,Spring,Weekday,Commercial & Employment Core,17120,16837,-283,5545,2024-05-01
2024-05-23,2024,Spring,Weekday,Commuter-Heavy Transit Hub,1519,1801,282,453,2024-05-01
2024-05-23,2024,Spring,Weekday,Leisure & Waterfront,2519,2633,114,1393,2024-05-01
2024-05-23,2024,Spring,Weekday,Residential & Inner-Suburban Feeder,4441,4307,-134,2576,2024-05-01
2024-05-24,2024,Spring,Weekday,Commercial & Employment Core,16378,16282,-96,5675,2024-05-01
2024-05-24,2024,Spring,Weekday,Commuter-Heavy Transit Hub,1124,1292,168,451,2024-05-01
2024-05-24,2024,Spring,Weekday,Leisure & Waterfront,2678,2744,66,1426,2024-05-01
2024-05-24,2024,Spring,Weekday,Residential & Inner-Suburban Feeder,4278,4080,-198,2585,2024-05-01
2024-05-25,2024,Spring,Weekend,Commercial & Employment Core,11098,11166,68,5320,2024-05-01
2024-05-25,2024,Spring,Weekend,Commuter-Heavy Transit Hub,455,414,-41,332,2024-05-01
2024-05-25,2024,Spring,Weekend,Leisure & Waterfront,2137,2124,-13,1179,2024-05-01
2024-05-25,2024,Spring,Weekend,Residential & Inner-Suburban Feeder,2860,2857,-3,2185,2024-05-01
2024-05-26,2024,Spring,Weekend,Commercial & Employment Core,14871,14887,16,5530,2024-05-01
2024-05-26,2024,Spring,Weekend,Commuter-Heavy Transit Hub,584,551,-33,362,2024-05-01
2024-05-26,2024,Spring,Weekend,Leisure & Waterfront,4158,4314,156,1557,2024-05-01
2024-05-26,2024,Spring,Weekend,Residential & Inner-Suburban Feeder,3871,3826,-45,2432,2024-05-01
2024-05-27,2024,Spring,Weekday,Commercial & Employment Core,10773,10559,-214,4563,2024-05-01
2024-05-27,2024,Spring,Weekday,Commuter-Heavy Transit Hub,991,928,-63,354,2024-05-01
2024-05-27,2024,Spring,Weekday,Leisure & Waterfront,1433,1586,153,951,2024-05-01
2024-05-27,2024,Spring,Weekday,Residential & Inner-Suburban Feeder,2653,2759,106,1899,2024-05-01
2024-05-28,2024,Spring,Weekday,Commercial & Employment Core,11959,11655,-304,5209,2024-05-01
2024-05-28,2024,Spring,Weekday,Commuter-Heavy Transit Hub,1052,1556,504,404,2024-05-01
2024-05-28,2024,Spring,Weekday,Leisure & Waterfront,1204,1322,118,1039,2024-05-01
2024-05-28,2024,Spring,Weekday,Residential & Inner-Suburban Feeder,3108,2787,-321,2187,2024-05-01
2024-05-29,2024,Spring,Weekday,Commercial & Employment Core,16735,16477,-258,5483,2024-05-01
2024-05-29,2024,Spring,Weekday,Commuter-Heavy Transit Hub,1464,1708,244,413,2024-05-01
2024-05-29,2024,Spring,Weekday,Leisure & Waterfront,2437,2472,35,1326,2024-05-01
2024-05-29,2024,Spring,Weekday,Residential & Inner-Suburban Feeder,4370,4351,-19,2545,2024-05-01
2024-05-30,2024,Spring,Weekday,Commercial & Employment Core,16719,16494,-225,5555,2024-05-01
2024-05-30,2024,Spring,Weekday,Commuter-Heavy Transit Hub,1481,1755,274,431,2024-05-01
2024-05-30,2024,Spring,Weekday,Leisure & Waterfront,2456,2660,204,1375,2024-05-01
2024-05-30,2024,Spring,Weekday,Residential & Inner-Suburban Feeder,4542,4270,-272,2521,2024-05-01
2024-05-31,2024,Spring,Weekday,Commercial & Employment Core,16590,16503,-87,5713,2024-05-01
2024-05-31,2024,Spring,Weekday,Commuter-Heavy Transit Hub,1142,1310,168,468,2024-05-01
2024-05-31,2024,Spring,Weekday,Leisure & Waterfront,2534,2672,138,1324,2024-05-01
2024-05-31,2024,Spring,Weekday,Residential & Inner-Suburban Feeder,4532,4241,-291,2623,2024-05-01
2024-06-01,2024,Summer,Weekend,Commercial & Employment Core,15940,15945,5,5707,2024-06-01
2024-06-01,2024,Summer,Weekend,Commuter-Heavy Transit Hub,569,531,-38,386,2024-06-01
2024-06-01,2024,Summer,Weekend,Leisure & Waterfront,3631,3869,238,1490,2024-06-01
2024-06-01,2024,Summer,Weekend,Residential & Inner-Suburban Feeder,4525,4332,-193,2562,2024-06-01
2024-06-02,2024,Summer,Weekend,Commercial & Employment Core,9850,9857,7,5170,2024-06-01
2024-06-02,2024,Summer,Weekend,Commuter-Heavy Transit Hub,372,289,-83,299,2024-06-01
2024-06-02,2024,Summer,Weekend,Leisure & Waterfront,1656,1744,88,1129,2024-06-01
2024-06-02,2024,Summer,Weekend,Residential & Inner-Suburban Feeder,2475,2544,69,2073,2024-06-01
2024-06-03,2024,Summer,Weekday,Commercial & Employment Core,14641,14471,-170,5434,2024-06-01
2024-06-03,2024,Summer,Weekday,Commuter-Heavy Transit Hub,1260,1311,51,440,2024-06-01
2024-06-03,2024,Summer,Weekday,Leisure & Waterfront,2229,2348,119,1261,2024-06-01
2024-06-03,2024,Summer,Weekday,Residential & Inner-Suburban Feeder,3933,3945,12,2506,2024-06-01
2024-06-04,2024,Summer,Weekday,Commercial & Employment Core,17674,17320,-354,5639,2024-06-01
2024-06-04,2024,Summer,Weekday,Commuter-Heavy Transit Hub,1547,1821,274,456,2024-06-01
2024-06-04,2024,Summer,Weekday,Leisure & Waterfront,2846,3015,169,1413,2024-06-01
2024-06-04,2024,Summer,Weekday,Residential & Inner-Suburban Feeder,4739,4601,-138,2636,2024-06-01
2024-06-05,2024,Summer,Weekday,Commercial & Employment Core,16924,16632,-292,5531,2024-06-01
2024-06-05,2024,Summer,Weekday,Commuter-Heavy Transit Hub,1456,1787,331,471,2024-06-01
2024-06-05,2024,Summer,Weekday,Leisure & Waterfront,2167,2337,170,1244,2024-06-01
2024-06-05,2024,Summer,Weekday,Residential & Inner-Suburban Feeder,4460,4283,-177,2468,2024-06-01
2024-06-06,2024,Summer,Weekday,Commercial & Employment Core,17627,17364,-263,5557,2024-06-01
2024-06-06,2024,Summer,Weekday,Commuter-Heavy Transit Hub,1513,1706,193,465,2024-06-01
2024-06-06,2024,Summer,Weekday,Leisure & Waterfront,2526,2717,191,1290,2024-06-01
2024-06-06,2024,Summer,Weekday,Residential & Inner-Suburban Feeder,4675,4508,-167,2538,2024-06-01
2024-06-07,2024,Summer,Weekday,Commercial & Employment Core,13905,13811,-94,5430,2024-06-01
2024-06-07,2024,Summer,Weekday,Commuter-Heavy Transit Hub,951,1115,164,449,2024-06-01
2024-06-07,2024,Summer,Weekday,Leisure & Waterfront,1442,1553,111,1080,2024-06-01
2024-06-07,2024,Summer,Weekday,Residential & Inner-Suburban Feeder,3659,3455,-204,2411,2024-06-01
2024-06-08,2024,Summer,Weekend,Commercial & Employment Core,13673,13900,227,5518,2024-06-01
2024-06-08,2024,Summer,Weekend,Commuter-Heavy Transit Hub,445,464,19,349,2024-06-01
2024-06-08,2024,Summer,Weekend,Leisure & Waterfront,2803,2960,157,1360,2024-06-01
2024-06-08,2024,Summer,Weekend,Residential & Inner-Suburban Feeder,3916,3580,-336,2408,2024-06-01
2024-06-09,2024,Summer,Weekend,Commercial & Employment Core,11389,11472,83,5308,2024-06-01
2024-06-09,2024,Summer,Weekend,Commuter-Heavy Transit Hub,406,412,6,344,2024-06-01
2024-06-09,2024,Summer,Weekend,Leisure & Waterfront,2273,2371,98,1252,2024-06-01
2024-06-09,2024,Summer,Weekend,Residential & Inner-Suburban Feeder,3094,2933,-161,2281,2024-06-01
2024-06-10,2024,Summer,Weekday,Commercial & Employment Core,14543,14236,-307,5450,2024-06-01
2024-06-10,2024,Summer,Weekday,Commuter-Heavy Transit Hub,1212,1400,188,427,2024-06-01
2024-06-10,2024,Summer,Weekday,Leisure & Waterfront,1690,1811,121,1131,2024-06-01
2024-06-10,2024,Summer,Weekday,Residential & Inner-Suburban Feeder,3615,3622,7,2402,2024-06-01
2024-06-11,2024,Summer,Weekday,Commercial & Employment Core,16917,16470,-447,5483,2024-06-01
2024-06-11,2024,Summer,Weekday,Commuter-Heavy Transit Hub,1455,1767,312,446,2024-06-01
2024-06-11,2024,Summer,Weekday,Leisure & Waterfront,2142,2297,155,1232,2024-06-01
2024-06-11,2024,Summer,Weekday,Residential & Inner-Suburban Feeder,4158,4091,-67,2483,2024-06-01
2024-06-12,2024,Summer,Weekday,Commercial & Employment Core,18103,17774,-329,5560,2024-06-01
2024-06-12,2024,Summer,Weekday,Commuter-Heavy Transit Hub,1603,1884,281,463,2024-06-01
2024-06-12,2024,Summer,Weekday,Leisure & Waterfront,2580,2793,213,1383,2024-06-01
2024-06-12,2024,Summer,Weekday,Residential & Inner-Suburban Feeder,4771,4600,-171,2647,2024-06-01
2024-06-13,2024,Summer,Weekday,Commercial & Employment Core,18031,17787,-244,5615,2024-06-01
2024-06-13,2024,Summer,Weekday,Commuter-Heavy Transit Hub,1659,1918,259,475,2024-06-01
2024-06-13,2024,Summer,Weekday,Leisure & Waterfront,2569,2720,151,1357,2024-06-01
2024-06-13,2024,Summer,Weekday,Residential & Inner-Suburban Feeder,4673,4556,-117,2592,2024-06-01
2024-06-14,2024,Summer,Weekday,Commercial & Employment Core,17784,17665,-119,5688,2024-06-01
2024-06-14,2024,Summer,Weekday,Commuter-Heavy Transit Hub,1274,1444,170,484,2024-06-01
2024-06-14,2024,Summer,Weekday,Leisure & Waterfront,2577,2714,137,1339,2024-06-01
2024-06-14,2024,Summer,Weekday,Residential & Inner-Suburban Feeder,4837,4492,-345,2648,2024-06-01
2024-06-15,2024,Summer,Weekend,Commercial & Employment Core,17062,16974,-88,5728,2024-06-01
2024-06-15,2024,Summer,Weekend,Commuter-Heavy Transit Hub,601,621,20,400,2024-06-01
2024-06-15,2024,Summer,Weekend,Leisure & Waterfront,4393,4473,80,1527,2024-06-01
2024-06-15,2024,Summer,Weekend,Residential & Inner-Suburban Feeder,4647,4605,-42,2660,2024-06-01
2024-06-16,2024,Summer,Weekend,Commercial & Employment Core,14958,14879,-79,5656,2024-06-01
2024-06-16,2024,Summer,Weekend,Commuter-Heavy Transit Hub,538,500,-38,389,2024-06-01
2024-06-16,2024,Summer,Weekend,Leisure & Waterfront,3319,3542,223,1466,2024-06-01
2024-06-16,2024,Summer,Weekend,Residential & Inner-Suburban Feeder,3751,3776,25,2479,2024-06-01
2024-06-17,2024,Summer,Weekday,Commercial & Employment Core,16405,16147,-258,5583,2024-06-01
2024-06-17,2024,Summer,Weekday,Commuter-Heavy Transit Hub,1358,1506,148,485,2024-06-01
2024-06-17,2024,Summer,Weekday,Leisure & Waterfront,2737,2837,100,1377,2024-06-01
2024-06-17,2024,Summer,Weekday,Residential & Inner-Suburban Feeder,4374,4393,19,2613,2024-06-01
2024-06-18,2024,Summer,Weekday,Commercial & Employment Core,16127,15879,-248,5527,2024-06-01
2024-06-18,2024,Summer,Weekday,Commuter-Heavy Transit Hub,1236,1189,-47,451,2024-06-01
2024-06-18,2024,Summer,Weekday,Leisure & Waterfront,2551,2735,184,1291,2024-06-01
2024-06-18,2024,Summer,Weekday,Residential & Inner-Suburban Feeder,4198,4286,88,2589,2024-06-01
2024-06-19,2024,Summer,Weekday,Commercial & Employment Core,19421,19047,-374,5762,2024-06-01
2024-06-19,2024,Summer,Weekday,Commuter-Heavy Transit Hub,1626,1866,240,492,2024-06-01
2024-06-19,2024,Summer,Weekday,Leisure & Waterfront,3414,3580,166,1358,2024-06-01
2024-06-19,2024,Summer,Weekday,Residential & Inner-Suburban Feeder,5026,4975,-51,2631,2024-06-01
2024-06-20,2024,Summer,Weekday,Commercial & Employment Core,15619,15368,-251,5485,2024-06-01
2024-06-20,2024,Summer,Weekday,Commuter-Heavy Transit Hub,1390,1675,285,452,2024-06-01
2024-06-20,2024,Summer,Weekday,Leisure & Waterfront,2023,2197,174,1224,2024-06-01
2024-06-20,2024,Summer,Weekday,Residential & Inner-Suburban Feeder,4109,3909,-200,2476,2024-06-01
2024-06-21,2024,Summer,Weekday,Commercial & Employment Core,15925,15967,42,5830,2024-06-01
2024-06-21,2024,Summer,Weekday,Commuter-Heavy Transit Hub,1149,1311,162,491,2024-06-01
2024-06-21,2024,Summer,Weekday,Leisure & Waterfront,2298,2364,66,1336,2024-06-01
2024-06-21,2024,Summer,Weekday,Residential & Inner-Suburban Feeder,4361,3963,-398,2725,2024-06-01
2024-06-22,2024,Summer,Weekend,Commercial & Employment Core,14287,14264,-23,5773,2024-06-01
2024-06-22,2024,Summer,Weekend,Commuter-Heavy Transit Hub,548,498,-50,373,2024-06-01
2024-06-22,2024,Summer,Weekend,Leisure & Waterfront,2545,2710,165,1370,2024-06-01
2024-06-22,2024,Summer,Weekend,Residential & Inner-Suburban Feeder,3805,3771,-34,2627,2024-06-01
2024-06-23,2024,Summer,Weekend,Commercial & Employment Core,14628,14528,-100,5680,2024-06-01
2024-06-23,2024,Summer,Weekend,Commuter-Heavy Transit Hub,509,450,-59,366,2024-06-01
2024-06-23,2024,Summer,Weekend,Leisure & Waterfront,3010,3151,141,1374,2024-06-01
2024-06-23,2024,Summer,Weekend,Residential & Inner-Suburban Feeder,3807,3919,112,2547,2024-06-01
2024-06-24,2024,Summer,Weekday,Commercial & Employment Core,17456,17228,-228,5734,2024-06-01
2024-06-24,2024,Summer,Weekday,Commuter-Heavy Transit Hub,1429,1575,146,464,2024-06-01
2024-06-24,2024,Summer,Weekday,Leisure & Waterfront,2688,2857,169,1424,2024-06-01
2024-06-24,2024,Summer,Weekday,Residential & Inner-Suburban Feeder,4766,4658,-108,2699,2024-06-01
2024-06-25,2024,Summer,Weekday,Commercial & Employment Core,18665,18375,-290,5850,2024-06-01
2024-06-25,2024,Summer,Weekday,Commuter-Heavy Transit Hub,1561,1876,315,474,2024-06-01
2024-06-25,2024,Summer,Weekday,Leisure & Waterfront,2569,2704,135,1361,2024-06-01
2024-06-25,2024,Summer,Weekday,Residential & Inner-Suburban Feeder,4891,4686,-205,2709,2024-06-01
2024-06-26,2024,Summer,Weekday,Commercial & Employment Core,15843,15643,-200,5822,2024-06-01
2024-06-26,2024,Summer,Weekday,Commuter-Heavy Transit Hub,1216,1725,509,485,2024-06-01
2024-06-26,2024,Summer,Weekday,Leisure & Waterfront,2105,2222,117,1278,2024-06-01
2024-06-26,2024,Summer,Weekday,Residential & Inner-Suburban Feeder,4292,3920,-372,2635,2024-06-01
2024-06-27,2024,Summer,Weekday,Commercial & Employment Core,19141,19016,-125,5936,2024-06-01
2024-06-27,2024,Summer,Weekday,Commuter-Heavy Transit Hub,1578,1876,298,478,2024-06-01
2024-06-27,2024,Summer,Weekday,Leisure & Waterfront,3094,3307,213,1405,2024-06-01
2024-06-27,2024,Summer,Weekday,Residential & Inner-Suburban Feeder,5196,4809,-387,2761,2024-06-01
2024-06-28,2024,Summer,Weekday,Commercial & Employment Core,16764,16765,1,6001,2024-06-01
2024-06-28,2024,Summer,Weekday,Commuter-Heavy Transit Hub,1091,1184,93,476,2024-06-01
2024-06-28,2024,Summer,Weekday,Leisure & Waterfront,2415,2667,252,1387,2024-06-01
2024-06-28,2024,Summer,Weekday,Residential & Inner-Suburban Feeder,4573,4204,-369,2743,2024-06-01
2024-06-29,2024,Summer,Weekend,Commercial & Employment Core,11331,11362,31,5213,2024-06-01
2024-06-29,2024,Summer,Weekend,Commuter-Heavy Transit Hub,382,339,-43,318,2024-06-01
2024-06-29,2024,Summer,Weekend,Leisure & Waterfront,1573,1648,75,977,2024-06-01
2024-06-29,2024,Summer,Weekend,Residential & Inner-Suburban Feeder,2777,2677,-100,2098,2024-06-01
2024-06-30,2024,Summer,Weekend,Commercial & Employment Core,13904,14018,114,5746,2024-06-01
2024-06-30,2024,Summer,Weekend,Commuter-Heavy Transit Hub,511,460,-51,370,2024-06-01
2024-06-30,2024,Summer,Weekend,Leisure & Waterfront,2804,2892,88,1390,2024-06-01
2024-06-30,2024,Summer,Weekend,Residential & Inner-Suburban Feeder,3743,3648,-95,2530,2024-06-01
2024-07-01,2024,Summer,Weekday,Commercial & Employment Core,13396,13197,-199,5549,2024-07-01
2024-07-01,2024,Summer,Weekday,Commuter-Heavy Transit Hub,464,445,-19,347,2024-07-01
2024-07-01,2024,Summer,Weekday,Leisure & Waterfront,5406,5755,349,1508,2024-07-01
2024-07-01,2024,Summer,Weekday,Residential & Inner-Suburban Feeder,4353,4192,-161,2553,2024-07-01
2024-07-02,2024,Summer,Weekday,Commercial & Employment Core,17204,16976,-228,5734,2024-07-01
2024-07-02,2024,Summer,Weekday,Commuter-Heavy Transit Hub,1435,1640,205,450,2024-07-01
2024-07-02,2024,Summer,Weekday,Leisure & Waterfront,2475,2680,205,1395,2024-07-01
2024-07-02,2024,Summer,Weekday,Residential & Inner-Suburban Feeder,4398,4283,-115,2674,2024-07-01
2024-07-03,2024,Summer,Weekday,Commercial & Employment Core,17746,17476,-270,5765,2024-07-01
2024-07-03,2024,Summer,Weekday,Commuter-Heavy Transit Hub,1530,1774,244,468,2024-07-01
2024-07-03,2024,Summer,Weekday,Leisure & Waterfront,2722,2898,176,1410,2024-07-01
2024-07-03,2024,Summer,Weekday,Residential & Inner-Suburban Feeder,4779,4593,-186,2712,2024-07-01
2024-07-04,2024,Summer,Weekday,Commercial & Employment Core,19043,18718,-325,5931,2024-07-01
2024-07-04,2024,Summer,Weekday,Commuter-Heavy Transit Hub,1481,1750,269,468,2024-07-01
2024-07-04,2024,Summer,Weekday,Leisure & Waterfront,2905,3094,189,1434,2024-07-01
2024-07-04,2024,Summer,Weekday,Residential & Inner-Suburban Feeder,5011,4874,-137,2748,2024-07-01
2024-07-05,2024,Summer,Weekday,Commercial & Employment Core,16177,16175,-2,5945,2024-07-01
2024-07-05,2024,Summer,Weekday,Commuter-Heavy Transit Hub,1122,1294,172,473,2024-07-01
2024-07-05,2024,Summer,Weekday,Leisure & Waterfront,2306,2497,191,1402,2024-07-01
2024-07-05,2024,Summer,Weekday,Residential & Inner-Suburban Feeder,4218,3784,-434,2681,2024-07-01
2024-07-06,2024,Summer,Weekend,Commercial & Employment Core,16824,16988,164,6028,2024-07-01
2024-07-06,2024,Summer,Weekend,Commuter-Heavy Transit Hub,576,561,-15,393,2024-07-01
2024-07-06,2024,Summer,Weekend,Leisure & Waterfront,4087,4191,104,1617,2024-07-01
2024-07-06,2024,Summer,Weekend,Residential & Inner-Suburban Feeder,4930,4680,-250,2828,2024-07-01
2024-07-07,2024,Summer,Weekend,Commercial & Employment Core,15889,15798,-91,6009,2024-07-01
2024-07-07,2024,Summer,Weekend,Commuter-Heavy Transit Hub,578,515,-63,399,2024-07-01
2024-07-07,2024,Summer,Weekend,Leisure & Waterfront,4497,4752,255,1614,2024-07-01
2024-07-07,2024,Summer,Weekend,Residential & Inner-Suburban Feeder,4479,4477,-2,2729,2024-07-01
2024-07-08,2024,Summer,Weekday,Commercial & Employment Core,17500,17220,-280,5865,2024-07-01
2024-07-08,2024,Summer,Weekday,Commuter-Heavy Transit Hub,1452,1585,133,478,2024-07-01
2024-07-08,2024,Summer,Weekday,Leisure & Waterfront,2864,3080,216,1447,2024-07-01
2024-07-08,2024,Summer,Weekday,Residential & Inner-Suburban Feeder,4535,4474,-61,2732,2024-07-01
2024-07-09,2024,Summer,Weekday,Commercial & Employment Core,19589,19389,-200,5913,2024-07-01
2024-07-09,2024,Summer,Weekday,Commuter-Heavy Transit Hub,1589,1885,296,472,2024-07-01
2024-07-09,2024,Summer,Weekday,Leisure & Waterfront,2775,2962,187,1455,2024-07-01
2024-07-09,2024,Summer,Weekday,Residential & Inner-Suburban Feeder,5117,4817,-300,2774,2024-07-01
2024-07-10,2024,Summer,Weekday,Commercial & Employment Core,11705,11414,-291,5077,2024-07-01
2024-07-10,2024,Summer,Weekday,Commuter-Heavy Transit Hub,884,753,-131,423,2024-07-01
2024-07-10,2024,Summer,Weekday,Leisure & Waterfront,1276,1423,147,907,2024-07-01
2024-07-10,2024,Summer,Weekday,Residential & Inner-Suburban Feeder,2558,2883,325,2066,2024-07-01
2024-07-11,2024,Summer,Weekday,Commercial & Employment Core,18778,18459,-319,5754,2024-07-01
2024-07-11,2024,Summer,Weekday,Commuter-Heavy Transit Hub,1504,1689,185,456,2024-07-01
2024-07-11,2024,Summer,Weekday,Leisure & Waterfront,2555,2812,257,1397,2024-07-01
2024-07-11,2024,Summer,Weekday,Residential & Inner-Suburban Feeder,4816,4613,-203,2643,2024-07-01
2024-07-12,2024,Summer,Weekday,Commercial & Employment Core,14983,14947,-36,5821,2024-07-01
2024-07-12,2024,Summer,Weekday,Commuter-Heavy Transit Hub,997,1267,270,461,2024-07-01
2024-07-12,2024,Summer,Weekday,Leisure & Waterfront,2036,2237,201,1250,2024-07-01
2024-07-12,2024,Summer,Weekday,Residential & Inner-Suburban Feeder,3941,3511,-430,2577,2024-07-01
2024-07-13,2024,Summer,Weekend,Commercial & Employment Core,18441,18258,-183,6113,2024-07-01
2024-07-13,2024,Summer,Weekend,Commuter-Heavy Transit Hub,684,619,-65,438,2024-07-01
2024-07-13,2024,Summer,Weekend,Leisure & Waterfront,5403,5629,226,1687,2024-07-01
2024-07-13,2024,Summer,Weekend,Residential & Inner-Suburban Feeder,5094,4973,-121,2888,2024-07-01
2024-07-14,2024,Summer,Weekend,Commercial & Employment Core,15864,15780,-84,6067,2024-07-01
2024-07-14,2024,Summer,Weekend,Commuter-Heavy Transit Hub,592,484,-108,406,2024-07-01
2024-07-14,2024,Summer,Weekend,Leisure & Waterfront,3521,3767,246,1461,2024-07-01
2024-07-14,2024,Summer,Weekend,Residential & Inner-Suburban Feeder,4035,4129,94,2691,2024-07-01
2024-07-15,2024,Summer,Weekday,Commercial & Employment Core,13127,12938,-189,5554,2024-07-01
2024-07-15,2024,Summer,Weekday,Commuter-Heavy Transit Hub,1065,1391,326,467,2024-07-01
2024-07-15,2024,Summer,Weekday,Leisure & Waterfront,1893,2002,109,1108,2024-07-01
2024-07-15,2024,Summer,Weekday,Residential & Inner-Suburban Feeder,3423,3210,-213,2370,2024-07-01
2024-07-16,2024,Summer,Weekday,Commercial & Employment Core,17164,16637,-527,5338,2024-07-01
2024-07-16,2024,Summer,Weekday,Commuter-Heavy Transit Hub,1379,1545,166,403,2024-07-01
2024-07-16,2024,Summer,Weekday,Leisure & Waterfront,2144,2325,181,1147,2024-07-01
2024-07-16,2024,Summer,Weekday,Residential & Inner-Suburban Feeder,4291,4470,179,2412,2024-07-01
2024-07-17,2024,Summer,Weekday,Commercial & Employment Core,20239,20001,-238,6032,2024-07-01
2024-07-17,2024,Summer,Weekday,Commuter-Heavy Transit Hub,1690,1936,246,491,2024-07-01
2024-07-17,2024,Summer,Weekday,Leisure & Waterfront,3112,3435,323,1391,2024-07-01
2024-07-17,2024,Summer,Weekday,Residential & Inner-Suburban Feeder,5381,4988,-393,2844,2024-07-01
2024-07-18,2024,Summer,Weekday,Commercial & Employment Core,21118,20843,-275,6049,2024-07-01
2024-07-18,2024,Summer,Weekday,Commuter-Heavy Transit Hub,1765,2109,344,494,2024-07-01
2024-07-18,2024,Summer,Weekday,Leisure & Waterfront,3177,3424,247,1460,2024-07-01
2024-07-18,2024,Summer,Weekday,Residential & Inner-Suburban Feeder,5617,5287,-330,2794,2024-07-01
2024-07-19,2024,Summer,Weekday,Commercial & Employment Core,20118,20041,-77,6171,2024-07-01
2024-07-19,2024,Summer,Weekday,Commuter-Heavy Transit Hub,1330,1495,165,495,2024-07-01
2024-07-19,2024,Summer,Weekday,Leisure & Waterfront,3333,3612,279,1504,2024-07-01
2024-07-19,2024,Summer,Weekday,Residential & Inner-Suburban Feeder,5349,4945,-404,2843,2024-07-01
2024-07-20,2024,Summer,Weekend,Commercial & Employment Core,18879,18811,-68,6192,2024-07-01
2024-07-20,2024,Summer,Weekend,Commuter-Heavy Transit Hub,646,603,-43,419,2024-07-01
2024-07-20,2024,Summer,Weekend,Leisure & Waterfront,4879,5094,215,1664,2024-07-01
2024-07-20,2024,Summer,Weekend,Residential & Inner-Suburban Feeder,5319,5214,-105,2875,2024-07-01
2024-07-21,2024,Summer,Weekend,Commercial & Employment Core,16832,16899,67,6146,2024-07-01
2024-07-21,2024,Summer,Weekend,Commuter-Heavy Transit Hub,546,497,-49,382,2024-07-01
2024-07-21,2024,Summer,Weekend,Leisure & Waterfront,4014,4262,248,1588,2024-07-01
2024-07-21,2024,Summer,Weekend,Residential & Inner-Suburban Feeder,4747,4595,-152,2861,2024-07-01
2024-07-22,2024,Summer,Weekday,Commercial & Employment Core,18030,17717,-313,5947,2024-07-01
2024-07-22,2024,Summer,Weekday,Commuter-Heavy Transit Hub,1453,1612,159,469,2024-07-01
2024-07-22,2024,Summer,Weekday,Leisure & Waterfront,2762,3022,260,1459,2024-07-01
2024-07-22,2024,Summer,Weekday,Residential & Inner-Suburban Feeder,4521,4417,-104,2674,2024-07-01
2024-07-23,2024,Summer,Weekday,Commercial & Employment Core,20832,20357,-475,6046,2024-07-01
2024-07-23,2024,Summer,Weekday,Commuter-Heavy Transit Hub,1659,2078,419,461,2024-07-01
2024-07-23,2024,Summer,Weekday,Leisure & Waterfront,3257,3464,207,1499,2024-07-01
2024-07-23,2024,Summer,Weekday,Residential & Inner-Suburban Feeder,5413,5212,-201,2825,2024-07-01
2024-07-24,2024,Summer,Weekday,Commercial & Employment Core,18350,17956,-394,5899,2024-07-01
2024-07-24,2024,Summer,Weekday,Commuter-Heavy Transit Hub,1445,1803,358,450,2024-07-01
2024-07-24,2024,Summer,Weekday,Leisure & Waterfront,2607,2816,209,1381,2024-07-01
2024-07-24,2024,Summer,Weekday,Residential & Inner-Suburban Feeder,4607,4441,-166,2610,2024-07-01
2024-07-25,2024,Summer,Weekday,Commercial & Employment Core,18699,18505,-194,6113,2024-07-01
2024-07-25,2024,Summer,Weekday,Commuter-Heavy Transit Hub,1485,1940,455,475,2024-07-01
2024-07-25,2024,Summer,Weekday,Leisure & Waterfront,2992,3218,226,1559,2024-07-01
2024-07-25,2024,Summer,Weekday,Residential & Inner-Suburban Feeder,4950,4411,-539,2795,2024-07-01
2024-07-26,2024,Summer,Weekday,Commercial & Employment Core,20230,20140,-90,6213,2024-07-01
2024-07-26,2024,Summer,Weekday,Commuter-Heavy Transit Hub,1344,1472,128,506,2024-07-01
2024-07-26,2024,Summer,Weekday,Leisure & Waterfront,3346,3620,274,1572,2024-07-01
2024-07-26,2024,Summer,Weekday,Residential & Inner-Suburban Feeder,5398,5025,-373,2962,2024-07-01
2024-07-27,2024,Summer,Weekend,Commercial & Employment Core,19243,19341,98,6291,2024-07-01
2024-07-27,2024,Summer,Weekend,Commuter-Heavy Transit Hub,653,579,-74,402,2024-07-01
2024-07-27,2024,Summer,Weekend,Leisure & Waterfront,4771,5006,235,1681,2024-07-01
2024-07-27,2024,Summer,Weekend,Residential & Inner-Suburban Feeder,5362,5094,-268,2871,2024-07-01
2024-07-28,2024,Summer,Weekend,Commercial & Employment Core,16752,16928,176,6153,2024-07-01
2024-07-28,2024,Summer,Weekend,Commuter-Heavy Transit Hub,535,490,-45,391,2024-07-01
2024-07-28,2024,Summer,Weekend,Leisure & Waterfront,4710,4874,164,1630,2024-07-01
2024-07-28,2024,Summer,Weekend,Residential & Inner-Suburban Feeder,4668,4529,-139,2781,2024-07-01
2024-07-29,2024,Summer,Weekday,Commercial & Employment Core,18026,17840,-186,5973,2024-07-01
2024-07-29,2024,Summer,Weekday,Commuter-Heavy Transit Hub,1482,1636,154,490,2024-07-01
2024-07-29,2024,Summer,Weekday,Leisure & Waterfront,2947,3262,315,1453,2024-07-01
2024-07-29,2024,Summer,Weekday,Residential & Inner-Suburban Feeder,4858,4583,-275,2756,2024-07-01
2024-07-30,2024,Summer,Weekday,Commercial & Employment Core,19734,19293,-441,6017,2024-07-01
2024-07-30,2024,Summer,Weekday,Commuter-Heavy Transit Hub,1621,1895,274,466,2024-07-01
2024-07-30,2024,Summer,Weekday,Leisure & Waterfront,2719,3013,294,1393,2024-07-01
2024-07-30,2024,Summer,Weekday,Residential & Inner-Suburban Feeder,4883,4730,-153,2718,2024-07-01
2024-07-31,2024,Summer,Weekday,Commercial & Employment Core,20061,19734,-327,6061,2024-07-01
2024-07-31,2024,Summer,Weekday,Commuter-Heavy Transit Hub,1647,1921,274,477,2024-07-01
2024-07-31,2024,Summer,Weekday,Leisure & Waterfront,2911,3132,221,1482,2024-07-01
2024-07-31,2024,Summer,Weekday,Residential & Inner-Suburban Feeder,5051,4856,-195,2803,2024-07-01
2024-08-01,2024,Summer,Weekday,Commercial & Employment Core,20267,19948,-319,6089,2024-08-01
2024-08-01,2024,Summer,Weekday,Commuter-Heavy Transit Hub,1660,1868,208,496,2024-08-01
2024-08-01,2024,Summer,Weekday,Leisure & Waterfront,2828,3207,379,1441,2024-08-01
2024-08-01,2024,Summer,Weekday,Residential & Inner-Suburban Feeder,5161,4865,-296,2834,2024-08-01
2024-08-02,2024,Summer,Weekday,Commercial & Employment Core,17837,17887,50,6161,2024-08-01
2024-08-02,2024,Summer,Weekday,Commuter-Heavy Transit Hub,1163,1259,96,494,2024-08-01
2024-08-02,2024,Summer,Weekday,Leisure & Waterfront,2521,2699,178,1406,2024-08-01
2024-08-02,2024,Summer,Weekday,Residential & Inner-Suburban Feeder,4602,4242,-360,2788,2024-08-01
2024-08-03,2024,Summer,Weekend,Commercial & Employment Core,17261,17339,78,6158,2024-08-01
2024-08-03,2024,Summer,Weekend,Commuter-Heavy Transit Hub,624,602,-22,421,2024-08-01
2024-08-03,2024,Summer,Weekend,Leisure & Waterfront,4392,4502,110,1594,2024-08-01
2024-08-03,2024,Summer,Weekend,Residential & Inner-Suburban Feeder,4692,4524,-168,2789,2024-08-01
2024-08-04,2024,Summer,Weekend,Commercial & Employment Core,15384,15424,40,6139,2024-08-01
2024-08-04,2024,Summer,Weekend,Commuter-Heavy Transit Hub,513,426,-87,384,2024-08-01
2024-08-04,2024,Summer,Weekend,Leisure & Waterfront,4186,4331,145,1625,2024-08-01
2024-08-04,2024,Summer,Weekend,Residential & Inner-Suburban Feeder,4139,4089,-50,2711,2024-08-01
2024-08-05,2024,Summer,Weekday,Commercial & Employment Core,10543,10486,-57,5571,2024-08-01
2024-08-05,2024,Summer,Weekday,Commuter-Heavy Transit Hub,406,417,11,350,2024-08-01
2024-08-05,2024,Summer,Weekday,Leisure & Waterfront,2361,2539,178,1277,2024-08-01
2024-08-05,2024,Summer,Weekday,Residential & Inner-Suburban Feeder,2688,2652,-36,2172,2024-08-01
2024-08-06,2024,Summer,Weekday,Commercial & Employment Core,16196,15982,-214,5763,2024-08-01
2024-08-06,2024,Summer,Weekday,Commuter-Heavy Transit Hub,1324,1224,-100,458,2024-08-01
2024-08-06,2024,Summer,Weekday,Leisure & Waterfront,1959,2124,165,1183,2024-08-01
2024-08-06,2024,Summer,Weekday,Residential & Inner-Suburban Feeder,4003,4104,101,2537,2024-08-01
2024-08-07,2024,Summer,Weekday,Commercial & Employment Core,20752,20449,-303,6087,2024-08-01
2024-08-07,2024,Summer,Weekday,Commuter-Heavy Transit Hub,1764,2023,259,493,2024-08-01
2024-08-07,2024,Summer,Weekday,Leisure & Waterfront,3474,3764,290,1551,2024-08-01
2024-08-07,2024,Summer,Weekday,Residential & Inner-Suburban Feeder,5581,5339,-242,2893,2024-08-01
2024-08-08,2024,Summer,Weekday,Commercial & Employment Core,19980,19596,-384,6156,2024-08-01
2024-08-08,2024,Summer,Weekday,Commuter-Heavy Transit Hub,1708,1986,278,487,2024-08-01
2024-08-08,2024,Summer,Weekday,Leisure & Waterfront,2977,3262,285,1403,2024-08-01
2024-08-08,2024,Summer,Weekday,Residential & Inner-Suburban Feeder,5174,4947,-227,2826,2024-08-01
2024-08-09,2024,Summer,Weekday,Commercial & Employment Core,16886,16934,48,5917,2024-08-01
2024-08-09,2024,Summer,Weekday,Commuter-Heavy Transit Hub,1124,1048,-76,465,2024-08-01
2024-08-09,2024,Summer,Weekday,Leisure & Waterfront,2492,2732,240,1210,2024-08-01
2024-08-09,2024,Summer,Weekday,Residential & Inner-Suburban Feeder,4360,4108,-252,2615,2024-08-01
2024-08-10,2024,Summer,Weekend,Commercial & Employment Core,17955,18016,61,6213,2024-08-01
2024-08-10,2024,Summer,Weekend,Commuter-Heavy Transit Hub,702,639,-63,460,2024-08-01
2024-08-10,2024,Summer,Weekend,Leisure & Waterfront,4290,4604,314,1662,2024-08-01
2024-08-10,2024,Summer,Weekend,Residential & Inner-Suburban Feeder,5034,4731,-303,2832,2024-08-01
2024-08-11,2024,Summer,Weekend,Commercial & Employment Core,14949,15030,81,6008,2024-08-01
2024-08-11,2024,Summer,Weekend,Commuter-Heavy Transit Hub,629,530,-99,414,2024-08-01
2024-08-11,2024,Summer,Weekend,Leisure & Waterfront,3301,3367,66,1529,2024-08-01
2024-08-11,2024,Summer,Weekend,Residential & Inner-Suburban Feeder,3844,3871,27,2645,2024-08-01
2024-08-12,2024,Summer,Weekday,Commercial & Employment Core,17928,17577,-351,6051,2024-08-01
2024-08-12,2024,Summer,Weekday,Commuter-Heavy Transit Hub,1520,1690,170,488,2024-08-01
2024-08-12,2024,Summer,Weekday,Leisure & Waterfront,2793,3013,220,1489,2024-08-01
2024-08-12,2024,Summer,Weekday,Residential & Inner-Suburban Feeder,4518,4512,-6,2775,2024-08-01
2024-08-13,2024,Summer,Weekday,Commercial & Employment Core,20565,20179,-386,6094,2024-08-01
2024-08-13,2024,Summer,Weekday,Commuter-Heavy Transit Hub,1794,2026,232,479,2024-08-01
2024-08-13,2024,Summer,Weekday,Leisure & Waterfront,3228,3491,263,1544,2024-08-01
2024-08-13,2024,Summer,Weekday,Residential & Inner-Suburban Feeder,5313,5176,-137,2828,2024-08-01
2024-08-14,2024,Summer,Weekday,Commercial & Employment Core,21040,20671,-369,6117,2024-08-01
2024-08-14,2024,Summer,Weekday,Commuter-Heavy Transit Hub,1811,2089,278,492,2024-08-01
2024-08-14,2024,Summer,Weekday,Leisure & Waterfront,3304,3670,366,1523,2024-08-01
2024-08-14,2024,Summer,Weekday,Residential & Inner-Suburban Feeder,5600,5289,-311,2838,2024-08-01
2024-08-15,2024,Summer,Weekday,Commercial & Employment Core,21188,20855,-333,6142,2024-08-01
2024-08-15,2024,Summer,Weekday,Commuter-Heavy Transit Hub,1715,1996,281,490,2024-08-01
2024-08-15,2024,Summer,Weekday,Leisure & Waterfront,3585,3885,300,1586,2024-08-01
2024-08-15,2024,Summer,Weekday,Residential & Inner-Suburban Feeder,5563,5262,-301,2875,2024-08-01
2024-08-16,2024,Summer,Weekday,Commercial & Employment Core,17697,17754,57,5972,2024-08-01
2024-08-16,2024,Summer,Weekday,Commuter-Heavy Transit Hub,1217,1464,247,486,2024-08-01
2024-08-16,2024,Summer,Weekday,Leisure & Waterfront,2551,2701,150,1375,2024-08-01
2024-08-16,2024,Summer,Weekday,Residential & Inner-Suburban Feeder,4418,4012,-406,2651,2024-08-01
2024-08-17,2024,Summer,Weekend,Commercial & Employment Core,14755,14852,97,5971,2024-08-01
2024-08-17,2024,Summer,Weekend,Commuter-Heavy Transit Hub,557,527,-30,404,2024-08-01
2024-08-17,2024,Summer,Weekend,Leisure & Waterfront,2542,2664,122,1296,2024-08-01
2024-08-17,2024,Summer,Weekend,Residential & Inner-Suburban Feeder,3791,3595,-196,2578,2024-08-01
2024-08-18,2024,Summer,Weekend,Commercial & Employment Core,14253,14242,-11,5857,2024-08-01
2024-08-18,2024,Summer,Weekend,Commuter-Heavy Transit Hub,488,430,-58,362,2024-08-01
2024-08-18,2024,Summer,Weekend,Leisure & Waterfront,3002,3117,115,1348,2024-08-01
2024-08-18,2024,Summer,Weekend,Residential & Inner-Suburban Feeder,3701,3721,20,2553,2024-08-01
2024-08-19,2024,Summer,Weekday,Commercial & Employment Core,17169,16932,-237,5885,2024-08-01
2024-08-19,2024,Summer,Weekday,Commuter-Heavy Transit Hub,1507,1549,42,498,2024-08-01
2024-08-19,2024,Summer,Weekday,Leisure & Waterfront,2570,2875,305,1328,2024-08-01
2024-08-19,2024,Summer,Weekday,Residential & Inner-Suburban Feeder,4284,4154,-130,2629,2024-08-01
2024-08-20,2024,Summer,Weekday,Commercial & Employment Core,19755,19406,-349,6036,2024-08-01
2024-08-20,2024,Summer,Weekday,Commuter-Heavy Transit Hub,1707,2039,332,475,2024-08-01
2024-08-20,2024,Summer,Weekday,Leisure & Waterfront,3014,3254,240,1410,2024-08-01
2024-08-20,2024,Summer,Weekday,Residential & Inner-Suburban Feeder,5230,4949,-281,2785,2024-08-01
2024-08-21,2024,Summer,Weekday,Commercial & Employment Core,19960,19655,-305,6031,2024-08-01
2024-08-21,2024,Summer,Weekday,Commuter-Heavy Transit Hub,1668,2008,340,468,2024-08-01
2024-08-21,2024,Summer,Weekday,Leisure & Waterfront,3051,3389,338,1453,2024-08-01
2024-08-21,2024,Summer,Weekday,Residential & Inner-Suburban Feeder,5248,4900,-348,2745,2024-08-01
2024-08-22,2024,Summer,Weekday,Commercial & Employment Core,20843,20338,-505,6099,2024-08-01
2024-08-22,2024,Summer,Weekday,Commuter-Heavy Transit Hub,1761,2028,267,491,2024-08-01
2024-08-22,2024,Summer,Weekday,Leisure & Waterfront,3716,4141,425,1504,2024-08-01
2024-08-22,2024,Summer,Weekday,Residential & Inner-Suburban Feeder,5353,5099,-254,2776,2024-08-01
2024-08-23,2024,Summer,Weekday,Commercial & Employment Core,19538,19587,49,6190,2024-08-01
2024-08-23,2024,Summer,Weekday,Commuter-Heavy Transit Hub,1350,1488,138,504,2024-08-01
2024-08-23,2024,Summer,Weekday,Leisure & Waterfront,3115,3345,230,1510,2024-08-01
2024-08-23,2024,Summer,Weekday,Residential & Inner-Suburban Feeder,5168,4772,-396,2843,2024-08-01
2024-08-24,2024,Summer,Weekend,Commercial & Employment Core,17854,17840,-14,6128,2024-08-01
2024-08-24,2024,Summer,Weekend,Commuter-Heavy Transit Hub,588,596,8,418,2024-08-01
2024-08-24,2024,Summer,Weekend,Leisure & Waterfront,4628,4840,212,1589,2024-08-01
2024-08-24,2024,Summer,Weekend,Residential & Inner-Suburban Feeder,4937,4696,-241,2715,2024-08-01
2024-08-25,2024,Summer,Weekend,Commercial & Employment Core,17015,17049,34,6059,2024-08-01
2024-08-25,2024,Summer,Weekend,Commuter-Heavy Transit Hub,611,527,-84,405,2024-08-01
2024-08-25,2024,Summer,Weekend,Leisure & Waterfront,4734,4985,251,1595,2024-08-01
2024-08-25,2024,Summer,Weekend,Residential & Inner-Suburban Feeder,4555,4468,-87,2693,2024-08-01
2024-08-26,2024,Summer,Weekday,Commercial & Employment Core,18343,17941,-402,5985,2024-08-01
2024-08-26,2024,Summer,Weekday,Commuter-Heavy Transit Hub,1504,1624,120,470,2024-08-01
2024-08-26,2024,Summer,Weekday,Leisure & Waterfront,2984,3377,393,1435,2024-08-01
2024-08-26,2024,Summer,Weekday,Residential & Inner-Suburban Feeder,4840,4728,-112,2787,2024-08-01
2024-08-27,2024,Summer,Weekday,Commercial & Employment Core,20435,20118,-317,6014,2024-08-01
2024-08-27,2024,Summer,Weekday,Commuter-Heavy Transit Hub,1696,1891,195,459,2024-08-01
2024-08-27,2024,Summer,Weekday,Leisure & Waterfront,3372,3730,358,1506,2024-08-01
2024-08-27,2024,Summer,Weekday,Residential & Inner-Suburban Feeder,5258,4978,-280,2766,2024-08-01
2024-08-28,2024,Summer,Weekday,Commercial & Employment Core,18923,18568,-355,5946,2024-08-01
2024-08-28,2024,Summer,Weekday,Commuter-Heavy Transit Hub,1565,1874,309,480,2024-08-01
2024-08-28,2024,Summer,Weekday,Leisure & Waterfront,2453,2727,274,1278,2024-08-01
2024-08-28,2024,Summer,Weekday,Residential & Inner-Suburban Feeder,4610,4397,-213,2605,2024-08-01
2024-08-29,2024,Summer,Weekday,Commercial & Employment Core,20188,19854,-334,6052,2024-08-01
2024-08-29,2024,Summer,Weekday,Commuter-Heavy Transit Hub,1660,1915,255,500,2024-08-01
2024-08-29,2024,Summer,Weekday,Leisure & Waterfront,2923,3304,381,1446,2024-08-01
2024-08-29,2024,Summer,Weekday,Residential & Inner-Suburban Feeder,5198,4876,-322,2786,2024-08-01
2024-08-30,2024,Summer,Weekday,Commercial & Employment Core,18412,18466,54,6122,2024-08-01
2024-08-30,2024,Summer,Weekday,Commuter-Heavy Transit Hub,1294,1386,92,494,2024-08-01
2024-08-30,2024,Summer,Weekday,Leisure & Waterfront,2985,3213,228,1482,2024-08-01
2024-08-30,2024,Summer,Weekday,Residential & Inner-Suburban Feeder,4717,4424,-293,2747,2024-08-01
2024-08-31,2024,Summer,Weekend,Commercial & Employment Core,15960,15803,-157,5693,2024-08-01
2024-08-31,2024,Summer,Weekend,Commuter-Heavy Transit Hub,554,507,-47,370,2024-08-01
2024-08-31,2024,Summer,Weekend,Leisure & Waterfront,3976,4159,183,1413,2024-08-01
2024-08-31,2024,Summer,Weekend,Residential & Inner-Suburban Feeder,4023,3950,-73,2450,2024-08-01
2024-09-01,2024,Fall,Weekend,Commercial & Employment Core,15929,15960,31,5922,2024-09-01
2024-09-01,2024,Fall,Weekend,Commuter-Heavy Transit Hub,535,493,-42,363,2024-09-01
2024-09-01,2024,Fall,Weekend,Leisure & Waterfront,4863,5042,179,1577,2024-09-01
2024-09-01,2024,Fall,Weekend,Residential & Inner-Suburban Feeder,4303,4182,-121,2578,2024-09-01
2024-09-02,2024,Fall,Weekday,Commercial & Employment Core,14122,14075,-47,5638,2024-09-01
2024-09-02,2024,Fall,Weekday,Commuter-Heavy Transit Hub,537,533,-4,383,2024-09-01
2024-09-02,2024,Fall,Weekday,Leisure & Waterfront,4455,4704,249,1481,2024-09-01
2024-09-02,2024,Fall,Weekday,Residential & Inner-Suburban Feeder,3999,3870,-129,2393,2024-09-01
2024-09-03,2024,Fall,Weekday,Commercial & Employment Core,19435,19014,-421,5816,2024-09-01
2024-09-03,2024,Fall,Weekday,Commuter-Heavy Transit Hub,1774,1925,151,443,2024-09-01
2024-09-03,2024,Fall,Weekday,Leisure & Waterfront,2273,2425,152,1308,2024-09-01
2024-09-03,2024,Fall,Weekday,Residential & Inner-Suburban Feeder,4437,4540,103,2623,2024-09-01
2024-09-04,2024,Fall,Weekday,Commercial & Employment Core,20879,20539,-340,5835,2024-09-01
2024-09-04,2024,Fall,Weekday,Commuter-Heavy Transit Hub,1973,2282,309,476,2024-09-01
2024-09-04,2024,Fall,Weekday,Leisure & Waterfront,2556,2791,235,1360,2024-09-01
2024-09-04,2024,Fall,Weekday,Residential & Inner-Suburban Feeder,5165,4943,-222,2656,2024-09-01
2024-09-05,2024,Fall,Weekday,Commercial & Employment Core,21831,21380,-451,5908,2024-09-01
2024-09-05,2024,Fall,Weekday,Commuter-Heavy Transit Hub,2121,2507,386,486,2024-09-01
2024-09-05,2024,Fall,Weekday,Leisure & Waterfront,2675,2850,175,1407,2024-09-01
2024-09-05,2024,Fall,Weekday,Residential & Inner-Suburban Feeder,5250,5096,-154,2695,2024-09-01
2024-09-06,2024,Fall,Weekday,Commercial & Employment Core,17636,17686,50,5925,2024-09-01
2024-09-06,2024,Fall,Weekday,Commuter-Heavy Transit Hub,1451,1600,149,507,2024-09-01
2024-09-06,2024,Fall,Weekday,Leisure & Waterfront,1619,1672,53,1126,2024-09-01
2024-09-06,2024,Fall,Weekday,Residential & Inner-Suburban Feeder,4237,3983,-254,2621,2024-09-01
2024-09-07,2024,Fall,Weekend,Commercial & Employment Core,15796,15813,17,5788,2024-09-01
2024-09-07,2024,Fall,Weekend,Commuter-Heavy Transit Hub,678,716,38,416,2024-09-01
2024-09-07,2024,Fall,Weekend,Leisure & Waterfront,2323,2551,228,1287,2024-09-01
2024-09-07,2024,Fall,Weekend,Residential & Inner-Suburban Feeder,3988,3718,-270,2428,2024-09-01
2024-09-08,2024,Fall,Weekend,Commercial & Employment Core,15527,15535,8,5928,2024-09-01
2024-09-08,2024,Fall,Weekend,Commuter-Heavy Transit Hub,689,606,-83,413,2024-09-01
2024-09-08,2024,Fall,Weekend,Leisure & Waterfront,2571,2633,62,1331,2024-09-01
2024-09-08,2024,Fall,Weekend,Residential & Inner-Suburban Feeder,3806,3848,42,2576,2024-09-01
2024-09-09,2024,Fall,Weekday,Commercial & Employment Core,17795,17551,-244,5820,2024-09-01
2024-09-09,2024,Fall,Weekday,Commuter-Heavy Transit Hub,1832,1876,44,475,2024-09-01
2024-09-09,2024,Fall,Weekday,Leisure & Waterfront,1704,1923,219,1179,2024-09-01
2024-09-09,2024,Fall,Weekday,Residential & Inner-Suburban Feeder,4033,4027,-6,2572,2024-09-01
2024-09-10,2024,Fall,Weekday,Commercial & Employment Core,22103,21753,-350,5960,2024-09-01
2024-09-10,2024,Fall,Weekday,Commuter-Heavy Transit Hub,2001,2351,350,467,2024-09-01
2024-09-10,2024,Fall,Weekday,Leisure & Waterfront,2782,2950,168,1327,2024-09-01
2024-09-10,2024,Fall,Weekday,Residential & Inner-Suburban Feeder,5373,5153,-220,2784,2024-09-01
2024-09-11,2024,Fall,Weekday,Commercial & Employment Core,22013,21670,-343,5964,2024-09-01
2024-09-11,2024,Fall,Weekday,Commuter-Heavy Transit Hub,2048,2390,342,487,2024-09-01
2024-09-11,2024,Fall,Weekday,Leisure & Waterfront,2798,2958,160,1347,2024-09-01
2024-09-11,2024,Fall,Weekday,Residential & Inner-Suburban Feeder,5229,5059,-170,2714,2024-09-01
2024-09-12,2024,Fall,Weekday,Commercial & Employment Core,22002,21770,-232,6029,2024-09-01
2024-09-12,2024,Fall,Weekday,Commuter-Heavy Transit Hub,2141,2462,321,485,2024-09-01
2024-09-12,2024,Fall,Weekday,Leisure & Waterfront,2449,2591,142,1409,2024-09-01
2024-09-12,2024,Fall,Weekday,Residential & Inner-Suburban Feeder,5340,5132,-208,2771,2024-09-01
2024-09-13,2024,Fall,Weekday,Commercial & Employment Core,20954,20885,-69,6077,2024-09-01
2024-09-13,2024,Fall,Weekday,Commuter-Heavy Transit Hub,1686,1892,206,493,2024-09-01
2024-09-13,2024,Fall,Weekday,Leisure & Waterfront,2352,2526,174,1355,2024-09-01
2024-09-13,2024,Fall,Weekday,Residential & Inner-Suburban Feeder,5139,4757,-382,2832,2024-09-01
2024-09-14,2024,Fall,Weekend,Commercial & Employment Core,19424,19360,-64,6169,2024-09-01
2024-09-14,2024,Fall,Weekend,Commuter-Heavy Transit Hub,753,682,-71,444,2024-09-01
2024-09-14,2024,Fall,Weekend,Leisure & Waterfront,3874,4033,159,1639,2024-09-01
2024-09-14,2024,Fall,Weekend,Residential & Inner-Suburban Feeder,4841,4806,-35,2757,2024-09-01
2024-09-15,2024,Fall,Weekend,Commercial & Employment Core,17362,17428,66,6078,2024-09-01
2024-09-15,2024,Fall,Weekend,Commuter-Heavy Transit Hub,681,567,-114,434,2024-09-01
2024-09-15,2024,Fall,Weekend,Leisure & Waterfront,3802,4007,205,1583,2024-09-01
2024-09-15,2024,Fall,Weekend,Residential & Inner-Suburban Feeder,4299,4266,-33,2640,2024-09-01
2024-09-16,2024,Fall,Weekday,Commercial & Employment Core,20096,19618,-478,5966,2024-09-01
2024-09-16,2024,Fall,Weekday,Commuter-Heavy Transit Hub,1855,2098,243,477,2024-09-01
2024-09-16,2024,Fall,Weekday,Leisure & Waterfront,2315,2618,303,1379,2024-09-01
2024-09-16,2024,Fall,Weekday,Residential & Inner-Suburban Feeder,4757,4695,-62,2722,2024-09-01
2024-09-17,2024,Fall,Weekday,Commercial & Employment Core,22553,22171,-382,5897,2024-09-01
2024-09-17,2024,Fall,Weekday,Commuter-Heavy Transit Hub,2128,2523,395,467,2024-09-01
2024-09-17,2024,Fall,Weekday,Leisure & Waterfront,2627,2765,138,1420,2024-09-01
2024-09-17,2024,Fall,Weekday,Residential & Inner-Suburban Feeder,5457,5276,-181,2747,2024-09-01
2024-09-18,2024,Fall,Weekday,Commercial & Employment Core,22649,22251,-398,6038,2024-09-01
2024-09-18,2024,Fall,Weekday,Commuter-Heavy Transit Hub,2079,2462,383,462,2024-09-01
2024-09-18,2024,Fall,Weekday,Leisure & Waterfront,2616,2887,271,1486,2024-09-01
2024-09-18,2024,Fall,Weekday,Residential & Inner-Suburban Feeder,5566,5300,-266,2816,2024-09-01
2024-09-19,2024,Fall,Weekday,Commercial & Employment Core,23243,22815,-428,6054,2024-09-01
2024-09-19,2024,Fall,Weekday,Commuter-Heavy Transit Hub,2128,2553,425,458,2024-09-01
2024-09-19,2024,Fall,Weekday,Leisure & Waterfront,2896,3157,261,1587,2024-09-01
2024-09-19,2024,Fall,Weekday,Residential & Inner-Suburban Feeder,5561,5276,-285,2804,2024-09-01
2024-09-20,2024,Fall,Weekday,Commercial & Employment Core,21877,21820,-57,6084,2024-09-01
2024-09-20,2024,Fall,Weekday,Commuter-Heavy Transit Hub,1653,1908,255,478,2024-09-01
2024-09-20,2024,Fall,Weekday,Leisure & Waterfront,2934,3015,81,1464,2024-09-01
2024-09-20,2024,Fall,Weekday,Residential & Inner-Suburban Feeder,5506,5129,-377,2874,2024-09-01
2024-09-21,2024,Fall,Weekend,Commercial & Employment Core,17963,18207,244,6133,2024-09-01
2024-09-21,2024,Fall,Weekend,Commuter-Heavy Transit Hub,718,684,-34,416,2024-09-01
2024-09-21,2024,Fall,Weekend,Leisure & Waterfront,3354,3543,189,1528,2024-09-01
2024-09-21,2024,Fall,Weekend,Residential & Inner-Suburban Feeder,4793,4489,-304,2744,2024-09-01
2024-09-22,2024,Fall,Weekend,Commercial & Employment Core,17268,17257,-11,6004,2024-09-01
2024-09-22,2024,Fall,Weekend,Commuter-Heavy Transit Hub,675,578,-97,414,2024-09-01
2024-09-22,2024,Fall,Weekend,Leisure & Waterfront,3189,3320,131,1524,2024-09-01
2024-09-22,2024,Fall,Weekend,Residential & Inner-Suburban Feeder,4160,4202,42,2614,2024-09-01
2024-09-23,2024,Fall,Weekday,Commercial & Employment Core,16384,16094,-290,5399,2024-09-01
2024-09-23,2024,Fall,Weekday,Commuter-Heavy Transit Hub,1569,1593,24,427,2024-09-01
2024-09-23,2024,Fall,Weekday,Leisure & Waterfront,1614,1835,221,1084,2024-09-01
2024-09-23,2024,Fall,Weekday,Residential & Inner-Suburban Feeder,3656,3727,71,2361,2024-09-01
2024-09-24,2024,Fall,Weekday,Commercial & Employment Core,15412,15323,-89,5416,2024-09-01
2024-09-24,2024,Fall,Weekday,Commuter-Heavy Transit Hub,1492,1643,151,437,2024-09-01
2024-09-24,2024,Fall,Weekday,Leisure & Waterfront,1459,1659,200,977,2024-09-01
2024-09-24,2024,Fall,Weekday,Residential & Inner-Suburban Feeder,3755,3510,-245,2247,2024-09-01
2024-09-25,2024,Fall,Weekday,Commercial & Employment Core,21177,20666,-511,5705,2024-09-01
2024-09-25,2024,Fall,Weekday,Commuter-Heavy Transit Hub,1912,2255,343,473,2024-09-01
2024-09-25,2024,Fall,Weekday,Leisure & Waterfront,2217,2426,209,1286,2024-09-01
2024-09-25,2024,Fall,Weekday,Residential & Inner-Suburban Feeder,5054,4938,-116,2698,2024-09-01
2024-09-26,2024,Fall,Weekday,Commercial & Employment Core,22726,22420,-306,6055,2024-09-01
2024-09-26,2024,Fall,Weekday,Commuter-Heavy Transit Hub,2095,2455,360,479,2024-09-01
2024-09-26,2024,Fall,Weekday,Leisure & Waterfront,2634,2797,163,1457,2024-09-01
2024-09-26,2024,Fall,Weekday,Residential & Inner-Suburban Feeder,5467,5232,-235,2856,2024-09-01
2024-09-27,2024,Fall,Weekday,Commercial & Employment Core,21661,21687,26,6111,2024-09-01
2024-09-27,2024,Fall,Weekday,Commuter-Heavy Transit Hub,1601,1803,202,491,2024-09-01
2024-09-27,2024,Fall,Weekday,Leisure & Waterfront,2681,2887,206,1434,2024-09-01
2024-09-27,2024,Fall,Weekday,Residential & Inner-Suburban Feeder,5433,4880,-553,2871,2024-09-01
2024-09-28,2024,Fall,Weekend,Commercial & Employment Core,17712,17663,-49,6116,2024-09-01
2024-09-28,2024,Fall,Weekend,Commuter-Heavy Transit Hub,808,831,23,434,2024-09-01
2024-09-28,2024,Fall,Weekend,Leisure & Waterfront,2970,3249,279,1476,2024-09-01
2024-09-28,2024,Fall,Weekend,Residential & Inner-Suburban Feeder,4506,4322,-184,2773,2024-09-01
2024-09-29,2024,Fall,Weekend,Commercial & Employment Core,17446,17352,-94,6054,2024-09-01
2024-09-29,2024,Fall,Weekend,Commuter-Heavy Transit Hub,640,594,-46,419,2024-09-01
2024-09-29,2024,Fall,Weekend,Leisure & Waterfront,3330,3436,106,1566,2024-09-01
2024-09-29,2024,Fall,Weekend,Residential & Inner-Suburban Feeder,4173,4284,111,2671,2024-09-01
2024-09-30,2024,Fall,Weekday,Commercial & Employment Core,19526,19344,-182,5997,2024-09-01
2024-09-30,2024,Fall,Weekday,Commuter-Heavy Transit Hub,1657,1886,229,481,2024-09-01
2024-09-30,2024,Fall,Weekday,Leisure & Waterfront,2595,2729,134,1455,2024-09-01
2024-09-30,2024,Fall,Weekday,Residential & Inner-Suburban Feeder,4838,4676,-162,2824,2024-09-01
2024-10-01,2024,Fall,Weekday,Commercial & Employment Core,20413,20005,-408,5775,2024-10-01
2024-10-01,2024,Fall,Weekday,Commuter-Heavy Transit Hub,1999,2476,477,462,2024-10-01
2024-10-01,2024,Fall,Weekday,Leisure & Waterfront,2107,2243,136,1241,2024-10-01
2024-10-01,2024,Fall,Weekday,Residential & Inner-Suburban Feeder,4794,4614,-180,2651,2024-10-01
2024-10-02,2024,Fall,Weekday,Commercial & Employment Core,21434,21020,-414,5741,2024-10-01
2024-10-02,2024,Fall,Weekday,Commuter-Heavy Transit Hub,2031,2423,392,473,2024-10-01
2024-10-02,2024,Fall,Weekday,Leisure & Waterfront,2298,2460,162,1361,2024-10-01
2024-10-02,2024,Fall,Weekday,Residential & Inner-Suburban Feeder,5022,4850,-172,2684,2024-10-01
2024-10-03,2024,Fall,Weekday,Commercial & Employment Core,21645,21361,-284,5930,2024-10-01
2024-10-03,2024,Fall,Weekday,Commuter-Heavy Transit Hub,2001,2428,427,484,2024-10-01
2024-10-03,2024,Fall,Weekday,Leisure & Waterfront,2144,2335,191,1303,2024-10-01
2024-10-03,2024,Fall,Weekday,Residential & Inner-Suburban Feeder,5157,4796,-361,2738,2024-10-01
2024-10-04,2024,Fall,Weekday,Commercial & Employment Core,18424,18354,-70,5975,2024-10-01
2024-10-04,2024,Fall,Weekday,Commuter-Heavy Transit Hub,1485,1800,315,464,2024-10-01
2024-10-04,2024,Fall,Weekday,Leisure & Waterfront,1644,1783,139,1211,2024-10-01
2024-10-04,2024,Fall,Weekday,Residential & Inner-Suburban Feeder,4391,3941,-450,2667,2024-10-01
2024-10-05,2024,Fall,Weekend,Commercial & Employment Core,19762,19730,-32,6028,2024-10-01
2024-10-05,2024,Fall,Weekend,Commuter-Heavy Transit Hub,846,791,-55,456,2024-10-01
2024-10-05,2024,Fall,Weekend,Leisure & Waterfront,4037,4224,187,1569,2024-10-01
2024-10-05,2024,Fall,Weekend,Residential & Inner-Suburban Feeder,5015,4788,-227,2709,2024-10-01
2024-10-06,2024,Fall,Weekend,Commercial & Employment Core,16934,17179,245,6137,2024-10-01
2024-10-06,2024,Fall,Weekend,Commuter-Heavy Transit Hub,697,645,-52,428,2024-10-01
2024-10-06,2024,Fall,Weekend,Leisure & Waterfront,2746,2731,-15,1399,2024-10-01
2024-10-06,2024,Fall,Weekend,Residential & Inner-Suburban Feeder,3807,3871,64,2584,2024-10-01
2024-10-07,2024,Fall,Weekday,Commercial & Employment Core,18294,18034,-260,5772,2024-10-01
2024-10-07,2024,Fall,Weekday,Commuter-Heavy Transit Hub,1860,2071,211,489,2024-10-01
2024-10-07,2024,Fall,Weekday,Leisure & Waterfront,1741,1841,100,1221,2024-10-01
2024-10-07,2024,Fall,Weekday,Residential & Inner-Suburban Feeder,4221,4198,-23,2559,2024-10-01
2024-10-08,2024,Fall,Weekday,Commercial & Employment Core,17719,17443,-276,5523,2024-10-01
2024-10-08,2024,Fall,Weekday,Commuter-Heavy Transit Hub,1780,2119,339,462,2024-10-01
2024-10-08,2024,Fall,Weekday,Leisure & Waterfront,1638,1767,129,1076,2024-10-01
2024-10-08,2024,Fall,Weekday,Residential & Inner-Suburban Feeder,4286,4088,-198,2477,2024-10-01
2024-10-09,2024,Fall,Weekday,Commercial & Employment Core,17742,17482,-260,5626,2024-10-01
2024-10-09,2024,Fall,Weekday,Commuter-Heavy Transit Hub,1880,2205,325,472,2024-10-01
2024-10-09,2024,Fall,Weekday,Leisure & Waterfront,1478,1625,147,1107,2024-10-01
2024-10-09,2024,Fall,Weekday,Residential & Inner-Suburban Feeder,4202,3950,-252,2510,2024-10-01
2024-10-10,2024,Fall,Weekday,Commercial & Employment Core,18782,18548,-234,5715,2024-10-01
2024-10-10,2024,Fall,Weekday,Commuter-Heavy Transit Hub,1844,2162,318,477,2024-10-01
2024-10-10,2024,Fall,Weekday,Leisure & Waterfront,1700,1882,182,1153,2024-10-01
2024-10-10,2024,Fall,Weekday,Residential & Inner-Suburban Feeder,4495,4222,-273,2562,2024-10-01
2024-10-11,2024,Fall,Weekday,Commercial & Employment Core,17768,17798,30,5865,2024-10-01
2024-10-11,2024,Fall,Weekday,Commuter-Heavy Transit Hub,1466,1663,197,474,2024-10-01
2024-10-11,2024,Fall,Weekday,Leisure & Waterfront,1772,1920,148,1187,2024-10-01
2024-10-11,2024,Fall,Weekday,Residential & Inner-Suburban Feeder,4350,3930,-420,2621,2024-10-01
2024-10-12,2024,Fall,Weekend,Commercial & Employment Core,13975,13927,-48,5674,2024-10-01
2024-10-12,2024,Fall,Weekend,Commuter-Heavy Transit Hub,517,564,47,366,2024-10-01
2024-10-12,2024,Fall,Weekend,Leisure & Waterfront,2376,2483,107,1305,2024-10-01
2024-10-12,2024,Fall,Weekend,Residential & Inner-Suburban Feeder,3385,3315,-70,2376,2024-10-01
2024-10-13,2024,Fall,Weekend,Commercial & Employment Core,10062,10049,-13,5316,2024-10-01
2024-10-13,2024,Fall,Weekend,Commuter-Heavy Transit Hub,370,445,75,337,2024-10-01
2024-10-13,2024,Fall,Weekend,Leisure & Waterfront,1079,1118,39,899,2024-10-01
2024-10-13,2024,Fall,Weekend,Residential & Inner-Suburban Feeder,2177,2101,-76,2019,2024-10-01
2024-10-14,2024,Fall,Weekday,Commercial & Employment Core,8452,8565,113,4959,2024-10-01
2024-10-14,2024,Fall,Weekday,Commuter-Heavy Transit Hub,377,357,-20,312,2024-10-01
2024-10-14,2024,Fall,Weekday,Leisure & Waterfront,1398,1432,34,993,2024-10-01
2024-10-14,2024,Fall,Weekday,Residential & Inner-Suburban Feeder,2173,2084,-89,1908,2024-10-01
2024-10-15,2024,Fall,Weekday,Commercial & Employment Core,15917,15653,-264,5648,2024-10-01
2024-10-15,2024,Fall,Weekday,Commuter-Heavy Transit Hub,1707,2026,319,473,2024-10-01
2024-10-15,2024,Fall,Weekday,Leisure & Waterfront,1465,1549,84,1060,2024-10-01
2024-10-15,2024,Fall,Weekday,Residential & Inner-Suburban Feeder,3909,3741,-168,2504,2024-10-01
2024-10-16,2024,Fall,Weekday,Commercial & Employment Core,17209,17047,-162,5705,2024-10-01
2024-10-16,2024,Fall,Weekday,Commuter-Heavy Transit Hub,1776,2099,323,465,2024-10-01
2024-10-16,2024,Fall,Weekday,Leisure & Waterfront,1566,1674,108,1124,2024-10-01
2024-10-16,2024,Fall,Weekday,Residential & Inner-Suburban Feeder,4057,3794,-263,2516,2024-10-01
2024-10-17,2024,Fall,Weekday,Commercial & Employment Core,17854,17641,-213,5742,2024-10-01
2024-10-17,2024,Fall,Weekday,Commuter-Heavy Transit Hub,1796,2108,312,487,2024-10-01
2024-10-17,2024,Fall,Weekday,Leisure & Waterfront,1650,1800,150,1234,2024-10-01
2024-10-17,2024,Fall,Weekday,Residential & Inner-Suburban Feeder,4285,4021,-264,2589,2024-10-01
2024-10-18,2024,Fall,Weekday,Commercial & Employment Core,18263,18144,-119,5849,2024-10-01
2024-10-18,2024,Fall,Weekday,Commuter-Heavy Transit Hub,1512,1721,209,498,2024-10-01
2024-10-18,2024,Fall,Weekday,Leisure & Waterfront,2139,2309,170,1221,2024-10-01
2024-10-18,2024,Fall,Weekday,Residential & Inner-Suburban Feeder,4515,4202,-313,2634,2024-10-01
2024-10-19,2024,Fall,Weekend,Commercial & Employment Core,17261,17334,73,5930,2024-10-01
2024-10-19,2024,Fall,Weekend,Commuter-Heavy Transit Hub,768,746,-22,419,2024-10-01
2024-10-19,2024,Fall,Weekend,Leisure & Waterfront,3348,3484,136,1409,2024-10-01
2024-10-19,2024,Fall,Weekend,Residential & Inner-Suburban Feeder,4386,4175,-211,2585,2024-10-01
2024-10-20,2024,Fall,Weekend,Commercial & Employment Core,18139,18057,-82,5990,2024-10-01
2024-10-20,2024,Fall,Weekend,Commuter-Heavy Transit Hub,987,1057,70,448,2024-10-01
2024-10-20,2024,Fall,Weekend,Leisure & Waterfront,3327,3481,154,1436,2024-10-01
2024-10-20,2024,Fall,Weekend,Residential & Inner-Suburban Feeder,4377,4305,-72,2544,2024-10-01
2024-10-21,2024,Fall,Weekday,Commercial & Employment Core,18359,18057,-302,5765,2024-10-01
2024-10-21,2024,Fall,Weekday,Commuter-Heavy Transit Hub,1897,2068,171,494,2024-10-01
2024-10-21,2024,Fall,Weekday,Leisure & Waterfront,2098,2286,188,1289,2024-10-01
2024-10-21,2024,Fall,Weekday,Residential & Inner-Suburban Feeder,4322,4266,-56,2637,2024-10-01
2024-10-22,2024,Fall,Weekday,Commercial & Employment Core,19897,19536,-361,5897,2024-10-01
2024-10-22,2024,Fall,Weekday,Commuter-Heavy Transit Hub,2045,2372,327,475,2024-10-01
2024-10-22,2024,Fall,Weekday,Leisure & Waterfront,2075,2239,164,1277,2024-10-01
2024-10-22,2024,Fall,Weekday,Residential & Inner-Suburban Feeder,4755,4625,-130,2619,2024-10-01
2024-10-23,2024,Fall,Weekday,Commercial & Employment Core,19310,19023,-287,5827,2024-10-01
2024-10-23,2024,Fall,Weekday,Commuter-Heavy Transit Hub,2121,2537,416,472,2024-10-01
2024-10-23,2024,Fall,Weekday,Leisure & Waterfront,1723,1917,194,1186,2024-10-01
2024-10-23,2024,Fall,Weekday,Residential & Inner-Suburban Feeder,4540,4235,-305,2553,2024-10-01
2024-10-24,2024,Fall,Weekday,Commercial & Employment Core,18505,18235,-270,5842,2024-10-01
2024-10-24,2024,Fall,Weekday,Commuter-Heavy Transit Hub,1881,2234,353,489,2024-10-01
2024-10-24,2024,Fall,Weekday,Leisure & Waterfront,1522,1618,96,1128,2024-10-01
2024-10-24,2024,Fall,Weekday,Residential & Inner-Suburban Feeder,4299,4078,-221,2535,2024-10-01
2024-10-25,2024,Fall,Weekday,Commercial & Employment Core,16607,16666,59,5859,2024-10-01
2024-10-25,2024,Fall,Weekday,Commuter-Heavy Transit Hub,1435,1684,249,502,2024-10-01
2024-10-25,2024,Fall,Weekday,Leisure & Waterfront,1219,1374,155,1011,2024-10-01
2024-10-25,2024,Fall,Weekday,Residential & Inner-Suburban Feeder,4005,3507,-498,2572,2024-10-01
2024-10-26,2024,Fall,Weekend,Commercial & Employment Core,14147,14144,-3,5831,2024-10-01
2024-10-26,2024,Fall,Weekend,Commuter-Heavy Transit Hub,505,579,74,380,2024-10-01
2024-10-26,2024,Fall,Weekend,Leisure & Waterfront,1805,1926,121,1173,2024-10-01
2024-10-26,2024,Fall,Weekend,Residential & Inner-Suburban Feeder,3418,3261,-157,2412,2024-10-01
2024-10-27,2024,Fall,Weekend,Commercial & Employment Core,12531,12529,-2,5597,2024-10-01
2024-10-27,2024,Fall,Weekend,Commuter-Heavy Transit Hub,476,473,-3,386,2024-10-01
2024-10-27,2024,Fall,Weekend,Leisure & Waterfront,1623,1726,103,1113,2024-10-01
2024-10-27,2024,Fall,Weekend,Residential & Inner-Suburban Feeder,2948,2898,-50,2338,2024-10-01
2024-10-28,2024,Fall,Weekday,Commercial & Employment Core,13751,13560,-191,5489,2024-10-01
2024-10-28,2024,Fall,Weekday,Commuter-Heavy Transit Hub,1271,1501,230,475,2024-10-01
2024-10-28,2024,Fall,Weekday,Leisure & Waterfront,1069,1204,135,940,2024-10-01
2024-10-28,2024,Fall,Weekday,Residential & Inner-Suburban Feeder,3327,3155,-172,2376,2024-10-01
2024-10-29,2024,Fall,Weekday,Commercial & Employment Core,13478,13221,-257,5184,2024-10-01
2024-10-29,2024,Fall,Weekday,Commuter-Heavy Transit Hub,1317,1555,238,417,2024-10-01
2024-10-29,2024,Fall,Weekday,Leisure & Waterfront,1017,1123,106,823,2024-10-01
2024-10-29,2024,Fall,Weekday,Residential & Inner-Suburban Feeder,3333,3240,-93,2160,2024-10-01
2024-10-30,2024,Fall,Weekday,Commercial & Employment Core,18679,18278,-401,5764,2024-10-01
2024-10-30,2024,Fall,Weekday,Commuter-Heavy Transit Hub,1718,2088,370,468,2024-10-01
2024-10-30,2024,Fall,Weekday,Leisure & Waterfront,1880,2089,209,1216,2024-10-01
2024-10-30,2024,Fall,Weekday,Residential & Inner-Suburban Feeder,4626,4420,-206,2635,2024-10-01
2024-10-31,2024,Fall,Weekday,Commercial & Employment Core,17791,17590,-201,5772,2024-10-01
2024-10-31,2024,Fall,Weekday,Commuter-Heavy Transit Hub,1635,1970,335,476,2024-10-01
2024-10-31,2024,Fall,Weekday,Leisure & Waterfront,1403,1578,175,1094,2024-10-01
2024-10-31,2024,Fall,Weekday,Residential & Inner-Suburban Feeder,4483,4143,-340,2590,2024-10-01
2024-11-01,2024,Fall,Weekday,Commercial & Employment Core,14649,14658,9,5818,2024-11-01
2024-11-01,2024,Fall,Weekday,Commuter-Heavy Transit Hub,1170,1424,254,496,2024-11-01
2024-11-01,2024,Fall,Weekday,Leisure & Waterfront,1126,1232,106,991,2024-11-01
2024-11-01,2024,Fall,Weekday,Residential & Inner-Suburban Feeder,3743,3418,-325,2529,2024-11-01
2024-11-02,2024,Fall,Weekend,Commercial & Employment Core,12346,12364,18,5523,2024-11-01
2024-11-02,2024,Fall,Weekend,Commuter-Heavy Transit Hub,465,488,23,398,2024-11-01
2024-11-02,2024,Fall,Weekend,Leisure & Waterfront,1595,1626,31,1092,2024-11-01
2024-11-02,2024,Fall,Weekend,Residential & Inner-Suburban Feeder,3021,2945,-76,2270,2024-11-01
2024-11-03,2024,Fall,Weekend,Commercial & Employment Core,11141,11223,82,5295,2024-11-01
2024-11-03,2024,Fall,Weekend,Commuter-Heavy Transit Hub,409,428,19,353,2024-11-01
2024-11-03,2024,Fall,Weekend,Leisure & Waterfront,1287,1330,43,948,2024-11-01
2024-11-03,2024,Fall,Weekend,Residential & Inner-Suburban Feeder,2733,2630,-103,2193,2024-11-01
2024-11-04,2024,Fall,Weekday,Commercial & Employment Core,14618,14492,-126,5482,2024-11-01
2024-11-04,2024,Fall,Weekday,Commuter-Heavy Transit Hub,1554,1769,215,470,2024-11-01
2024-11-04,2024,Fall,Weekday,Leisure & Waterfront,1115,1157,42,977,2024-11-01
2024-11-04,2024,Fall,Weekday,Residential & Inner-Suburban Feeder,3430,3282,-148,2400,2024-11-01
2024-11-05,2024,Fall,Weekday,Commercial & Employment Core,18847,18362,-485,5707,2024-11-01
2024-11-05,2024,Fall,Weekday,Commuter-Heavy Transit Hub,1770,2267,497,463,2024-11-01
2024-11-05,2024,Fall,Weekday,Leisure & Waterfront,1714,1868,154,1162,2024-11-01
2024-11-05,2024,Fall,Weekday,Residential & Inner-Suburban Feeder,4569,4370,-199,2594,2024-11-01
2024-11-06,2024,Fall,Weekday,Commercial & Employment Core,17967,17627,-340,5728,2024-11-01
2024-11-06,2024,Fall,Weekday,Commuter-Heavy Transit Hub,1840,2128,288,475,2024-11-01
2024-11-06,2024,Fall,Weekday,Leisure & Waterfront,1544,1753,209,1141,2024-11-01
2024-11-06,2024,Fall,Weekday,Residential & Inner-Suburban Feeder,4196,4054,-142,2512,2024-11-01
2024-11-07,2024,Fall,Weekday,Commercial & Employment Core,17284,17162,-122,5724,2024-11-01
2024-11-07,2024,Fall,Weekday,Commuter-Heavy Transit Hub,1832,2218,386,503,2024-11-01
2024-11-07,2024,Fall,Weekday,Leisure & Waterfront,1462,1548,86,1154,2024-11-01
2024-11-07,2024,Fall,Weekday,Residential & Inner-Suburban Feeder,4301,3931,-370,2603,2024-11-01
2024-11-08,2024,Fall,Weekday,Commercial & Employment Core,15546,15658,112,5751,2024-11-01
2024-11-08,2024,Fall,Weekday,Commuter-Heavy Transit Hub,1325,1571,246,478,2024-11-01
2024-11-08,2024,Fall,Weekday,Leisure & Waterfront,1126,1222,96,970,2024-11-01
2024-11-08,2024,Fall,Weekday,Residential & Inner-Suburban Feeder,3813,3349,-464,2540,2024-11-01
2024-11-09,2024,Fall,Weekend,Commercial & Employment Core,12982,13026,44,5632,2024-11-01
2024-11-09,2024,Fall,Weekend,Commuter-Heavy Transit Hub,588,592,4,405,2024-11-01
2024-11-09,2024,Fall,Weekend,Leisure & Waterfront,1536,1667,131,1126,2024-11-01
2024-11-09,2024,Fall,Weekend,Residential & Inner-Suburban Feeder,3081,2920,-161,2261,2024-11-01
2024-11-10,2024,Fall,Weekend,Commercial & Employment Core,6715,6674,-41,4779,2024-11-01
2024-11-10,2024,Fall,Weekend,Commuter-Heavy Transit Hub,270,295,25,300,2024-11-01
2024-11-10,2024,Fall,Weekend,Leisure & Waterfront,518,597,79,620,2024-11-01
2024-11-10,2024,Fall,Weekend,Residential & Inner-Suburban Feeder,1447,1443,-4,1625,2024-11-01
2024-11-11,2024,Fall,Weekday,Commercial & Employment Core,11938,11899,-39,5331,2024-11-01
2024-11-11,2024,Fall,Weekday,Commuter-Heavy Transit Hub,1166,1360,194,460,2024-11-01
2024-11-11,2024,Fall,Weekday,Leisure & Waterfront,839,884,45,767,2024-11-01
2024-11-11,2024,Fall,Weekday,Residential & Inner-Suburban Feeder,2684,2481,-203,2224,2024-11-01
2024-11-12,2024,Fall,Weekday,Commercial & Employment Core,14144,13810,-334,5302,2024-11-01
2024-11-12,2024,Fall,Weekday,Commuter-Heavy Transit Hub,1446,1804,358,423,2024-11-01
2024-11-12,2024,Fall,Weekday,Leisure & Waterfront,974,1058,84,843,2024-11-01
2024-11-12,2024,Fall,Weekday,Residential & Inner-Suburban Feeder,3266,3144,-122,2316,2024-11-01
2024-11-13,2024,Fall,Weekday,Commercial & Employment Core,13444,13172,-272,5298,2024-11-01
2024-11-13,2024,Fall,Weekday,Commuter-Heavy Transit Hub,1335,1768,433,441,2024-11-01
2024-11-13,2024,Fall,Weekday,Leisure & Waterfront,900,972,72,834,2024-11-01
2024-11-13,2024,Fall,Weekday,Residential & Inner-Suburban Feeder,3154,2909,-245,2282,2024-11-01
2024-11-14,2024,Fall,Weekday,Commercial & Employment Core,13377,13249,-128,5385,2024-11-01
2024-11-14,2024,Fall,Weekday,Commuter-Heavy Transit Hub,1363,1750,387,438,2024-11-01
2024-11-14,2024,Fall,Weekday,Leisure & Waterfront,818,965,147,782,2024-11-01
2024-11-14,2024,Fall,Weekday,Residential & Inner-Suburban Feeder,3169,2748,-421,2220,2024-11-01
2024-11-15,2024,Fall,Weekday,Commercial & Employment Core,14151,14332,181,5594,2024-11-01
2024-11-15,2024,Fall,Weekday,Commuter-Heavy Transit Hub,1303,1430,127,493,2024-11-01
2024-11-15,2024,Fall,Weekday,Leisure & Waterfront,912,998,86,809,2024-11-01
2024-11-15,2024,Fall,Weekday,Residential & Inner-Suburban Feeder,3370,2956,-414,2342,2024-11-01
2024-11-16,2024,Fall,Weekend,Commercial & Employment Core,12244,12346,102,5575,2024-11-01
2024-11-16,2024,Fall,Weekend,Commuter-Heavy Transit Hub,536,557,21,404,2024-11-01
2024-11-16,2024,Fall,Weekend,Leisure & Waterfront,1249,1362,113,983,2024-11-01
2024-11-16,2024,Fall,Weekend,Residential & Inner-Suburban Feeder,3031,2777,-254,2361,2024-11-01
2024-11-17,2024,Fall,Weekend,Commercial & Employment Core,10620,10632,12,5328,2024-11-01
2024-11-17,2024,Fall,Weekend,Commuter-Heavy Transit Hub,451,442,-9,374,2024-11-01
2024-11-17,2024,Fall,Weekend,Leisure & Waterfront,910,1005,95,852,2024-11-01
2024-11-17,2024,Fall,Weekend,Residential & Inner-Suburban Feeder,2439,2389,-50,2180,2024-11-01
2024-11-18,2024,Fall,Weekday,Commercial & Employment Core,14418,14224,-194,5551,2024-11-01
2024-11-18,2024,Fall,Weekday,Commuter-Heavy Transit Hub,1439,1688,249,477,2024-11-01
2024-11-18,2024,Fall,Weekday,Leisure & Waterfront,1210,1280,70,991,2024-11-01
2024-11-18,2024,Fall,Weekday,Residential & Inner-Suburban Feeder,3331,3224,-107,2351,2024-11-01
2024-11-19,2024,Fall,Weekday,Commercial & Employment Core,12732,12552,-180,5333,2024-11-01
2024-11-19,2024,Fall,Weekday,Commuter-Heavy Transit Hub,1286,1850,564,463,2024-11-01
2024-11-19,2024,Fall,Weekday,Leisure & Waterfront,881,979,98,798,2024-11-01
2024-11-19,2024,Fall,Weekday,Residential & Inner-Suburban Feeder,3142,2647,-495,2168,2024-11-01
2024-11-20,2024,Fall,Weekday,Commercial & Employment Core,12681,12591,-90,4970,2024-11-01
2024-11-20,2024,Fall,Weekday,Commuter-Heavy Transit Hub,1383,1828,445,423,2024-11-01
2024-11-20,2024,Fall,Weekday,Leisure & Waterfront,756,803,47,706,2024-11-01
2024-11-20,2024,Fall,Weekday,Residential & Inner-Suburban Feeder,2977,2601,-376,2003,2024-11-01
2024-11-21,2024,Fall,Weekday,Commercial & Employment Core,12996,12694,-302,5211,2024-11-01
2024-11-21,2024,Fall,Weekday,Commuter-Heavy Transit Hub,1293,1709,416,440,2024-11-01
2024-11-21,2024,Fall,Weekday,Leisure & Waterfront,813,966,153,751,2024-11-01
2024-11-21,2024,Fall,Weekday,Residential & Inner-Suburban Feeder,2994,2709,-285,2082,2024-11-01
2024-11-22,2024,Fall,Weekday,Commercial & Employment Core,12215,12244,29,5359,2024-11-01
2024-11-22,2024,Fall,Weekday,Commuter-Heavy Transit Hub,1067,1221,154,453,2024-11-01
2024-11-22,2024,Fall,Weekday,Leisure & Waterfront,769,835,66,749,2024-11-01
2024-11-22,2024,Fall,Weekday,Residential & Inner-Suburban Feeder,2796,2485,-311,2140,2024-11-01
2024-11-23,2024,Fall,Weekend,Commercial & Employment Core,10872,10944,72,5438,2024-11-01
2024-11-23,2024,Fall,Weekend,Commuter-Heavy Transit Hub,487,596,109,396,2024-11-01
2024-11-23,2024,Fall,Weekend,Leisure & Waterfront,1032,1098,66,920,2024-11-01
2024-11-23,2024,Fall,Weekend,Residential & Inner-Suburban Feeder,2528,2293,-235,2130,2024-11-01
2024-11-24,2024,Fall,Weekend,Commercial & Employment Core,10564,10495,-69,5208,2024-11-01
2024-11-24,2024,Fall,Weekend,Commuter-Heavy Transit Hub,572,570,-2,376,2024-11-01
2024-11-24,2024,Fall,Weekend,Leisure & Waterfront,940,1018,78,862,2024-11-01
2024-11-24,2024,Fall,Weekend,Residential & Inner-Suburban Feeder,2304,2361,57,2056,2024-11-01
2024-11-25,2024,Fall,Weekday,Commercial & Employment Core,11104,10971,-133,5052,2024-11-01
2024-11-25,2024,Fall,Weekday,Commuter-Heavy Transit Hub,1173,1479,306,453,2024-11-01
2024-11-25,2024,Fall,Weekday,Leisure & Waterfront,749,816,67,707,2024-11-01
2024-11-25,2024,Fall,Weekday,Residential & Inner-Suburban Feeder,2559,2313,-246,2029,2024-11-01
2024-11-26,2024,Fall,Weekday,Commercial & Employment Core,12311,12059,-252,5160,2024-11-01
2024-11-26,2024,Fall,Weekday,Commuter-Heavy Transit Hub,1307,1632,325,437,2024-11-01
2024-11-26,2024,Fall,Weekday,Leisure & Waterfront,789,914,125,765,2024-11-01
2024-11-26,2024,Fall,Weekday,Residential & Inner-Suburban Feeder,2878,2676,-202,2095,2024-11-01
2024-11-27,2024,Fall,Weekday,Commercial & Employment Core,12766,12544,-222,5340,2024-11-01
2024-11-27,2024,Fall,Weekday,Commuter-Heavy Transit Hub,1245,1642,397,454,2024-11-01
2024-11-27,2024,Fall,Weekday,Leisure & Waterfront,888,987,99,807,2024-11-01
2024-11-27,2024,Fall,Weekday,Residential & Inner-Suburban Feeder,2932,2644,-288,2175,2024-11-01
2024-11-28,2024,Fall,Weekday,Commercial & Employment Core,12627,12554,-73,5312,2024-11-01
2024-11-28,2024,Fall,Weekday,Commuter-Heavy Transit Hub,1221,1548,327,448,2024-11-01
2024-11-28,2024,Fall,Weekday,Leisure & Waterfront,832,917,85,788,2024-11-01
2024-11-28,2024,Fall,Weekday,Residential & Inner-Suburban Feeder,2904,2557,-347,2121,2024-11-01
2024-11-29,2024,Fall,Weekday,Commercial & Employment Core,10909,10940,31,5292,2024-11-01
2024-11-29,2024,Fall,Weekday,Commuter-Heavy Transit Hub,918,1184,266,436,2024-11-01
2024-11-29,2024,Fall,Weekday,Leisure & Waterfront,674,763,89,665,2024-11-01
2024-11-29,2024,Fall,Weekday,Residential & Inner-Suburban Feeder,2529,2148,-381,2062,2024-11-01
2024-11-30,2024,Fall,Weekend,Commercial & Employment Core,8286,8330,44,4975,2024-11-01
2024-11-30,2024,Fall,Weekend,Commuter-Heavy Transit Hub,369,405,36,338,2024-11-01
2024-11-30,2024,Fall,Weekend,Leisure & Waterfront,582,649,67,648,2024-11-01
2024-11-30,2024,Fall,Weekend,Residential & Inner-Suburban Feeder,1863,1727,-136,1780,2024-11-01
2024-12-01,2024,Winter,Weekend,Commercial & Employment Core,7071,6984,-87,4491,2024-12-01
2024-12-01,2024,Winter,Weekend,Commuter-Heavy Transit Hub,321,325,4,317,2024-12-01
2024-12-01,2024,Winter,Weekend,Leisure & Waterfront,507,592,85,554,2024-12-01
2024-12-01,2024,Winter,Weekend,Residential & Inner-Suburban Feeder,1481,1501,20,1582,2024-12-01
2024-12-02,2024,Winter,Weekday,Commercial & Employment Core,9686,9591,-95,4789,2024-12-01
2024-12-02,2024,Winter,Weekday,Commuter-Heavy Transit Hub,1043,1200,157,433,2024-12-01
2024-12-02,2024,Winter,Weekday,Leisure & Waterfront,603,671,68,675,2024-12-01
2024-12-02,2024,Winter,Weekday,Residential & Inner-Suburban Feeder,2083,1943,-140,1776,2024-12-01
2024-12-03,2024,Winter,Weekday,Commercial & Employment Core,10655,10344,-311,4934,2024-12-01
2024-12-03,2024,Winter,Weekday,Commuter-Heavy Transit Hub,1129,1438,309,441,2024-12-01
2024-12-03,2024,Winter,Weekday,Leisure & Waterfront,678,723,45,670,2024-12-01
2024-12-03,2024,Winter,Weekday,Residential & Inner-Suburban Feeder,2202,2157,-45,1838,2024-12-01
2024-12-04,2024,Winter,Weekday,Commercial & Employment Core,7222,7096,-126,4456,2024-12-01
2024-12-04,2024,Winter,Weekday,Commuter-Heavy Transit Hub,765,923,158,411,2024-12-01
2024-12-04,2024,Winter,Weekday,Leisure & Waterfront,352,441,89,433,2024-12-01
2024-12-04,2024,Winter,Weekday,Residential & Inner-Suburban Feeder,1585,1473,-112,1527,2024-12-01
2024-12-05,2024,Winter,Weekday,Commercial & Employment Core,8262,8180,-82,4658,2024-12-01
2024-12-05,2024,Winter,Weekday,Commuter-Heavy Transit Hub,817,985,168,422,2024-12-01
2024-12-05,2024,Winter,Weekday,Leisure & Waterfront,415,453,38,428,2024-12-01
2024-12-05,2024,Winter,Weekday,Residential & Inner-Suburban Feeder,1720,1584,-136,1620,2024-12-01
2024-12-06,2024,Winter,Weekday,Commercial & Employment Core,7503,7508,5,4576,2024-12-01
2024-12-06,2024,Winter,Weekday,Commuter-Heavy Transit Hub,673,797,124,398,2024-12-01
2024-12-06,2024,Winter,Weekday,Leisure & Waterfront,379,408,29,439,2024-12-01
2024-12-06,2024,Winter,Weekday,Residential & Inner-Suburban Feeder,1600,1443,-157,1550,2024-12-01
2024-12-07,2024,Winter,Weekend,Commercial & Employment Core,5515,5443,-72,4300,2024-12-01
2024-12-07,2024,Winter,Weekend,Commuter-Heavy Transit Hub,331,345,14,327,2024-12-01
2024-12-07,2024,Winter,Weekend,Leisure & Waterfront,359,446,87,428,2024-12-01
2024-12-07,2024,Winter,Weekend,Residential & Inner-Suburban Feeder,1110,1082,-28,1279,2024-12-01
2024-12-08,2024,Winter,Weekend,Commercial & Employment Core,7212,7218,6,4580,2024-12-01
2024-12-08,2024,Winter,Weekend,Commuter-Heavy Transit Hub,341,319,-22,305,2024-12-01
2024-12-08,2024,Winter,Weekend,Leisure & Waterfront,578,612,34,611,2024-12-01
2024-12-08,2024,Winter,Weekend,Residential & Inner-Suburban Feeder,1506,1491,-15,1549,2024-12-01
2024-12-09,2024,Winter,Weekday,Commercial & Employment Core,6436,6373,-63,4340,2024-12-01
2024-12-09,2024,Winter,Weekday,Commuter-Heavy Transit Hub,643,665,22,387,2024-12-01
2024-12-09,2024,Winter,Weekday,Leisure & Waterfront,323,405,82,432,2024-12-01
2024-12-09,2024,Winter,Weekday,Residential & Inner-Suburban Feeder,1393,1350,-43,1473,2024-12-01
2024-12-10,2024,Winter,Weekday,Commercial & Employment Core,7896,7738,-158,4564,2024-12-01
2024-12-10,2024,Winter,Weekday,Commuter-Heavy Transit Hub,806,1173,367,418,2024-12-01
2024-12-10,2024,Winter,Weekday,Leisure & Waterfront,492,551,59,573,2024-12-01
2024-12-10,2024,Winter,Weekday,Residential & Inner-Suburban Feeder,1790,1520,-270,1603,2024-12-01
2024-12-11,2024,Winter,Weekday,Commercial & Employment Core,9234,8894,-340,4618,2024-12-01
2024-12-11,2024,Winter,Weekday,Commuter-Heavy Transit Hub,969,1345,376,419,2024-12-01
2024-12-11,2024,Winter,Weekday,Leisure & Waterfront,540,564,24,561,2024-12-01
2024-12-11,2024,Winter,Weekday,Residential & Inner-Suburban Feeder,1876,1829,-47,1600,2024-12-01
2024-12-12,2024,Winter,Weekday,Commercial & Employment Core,7083,6932,-151,4310,2024-12-01
2024-12-12,2024,Winter,Weekday,Commuter-Heavy Transit Hub,719,953,234,398,2024-12-01
2024-12-12,2024,Winter,Weekday,Leisure & Waterfront,399,393,-6,446,2024-12-01
2024-12-12,2024,Winter,Weekday,Residential & Inner-Suburban Feeder,1525,1443,-82,1447,2024-12-01
2024-12-13,2024,Winter,Weekday,Commercial & Employment Core,6945,6833,-112,4326,2024-12-01
2024-12-13,2024,Winter,Weekday,Commuter-Heavy Transit Hub,569,744,175,375,2024-12-01
2024-12-13,2024,Winter,Weekday,Leisure & Waterfront,366,395,29,443,2024-12-01
2024-12-13,2024,Winter,Weekday,Residential & Inner-Suburban Feeder,1388,1288,-100,1417,2024-12-01
2024-12-14,2024,Winter,Weekend,Commercial & Employment Core,5857,5879,22,4173,2024-12-01
2024-12-14,2024,Winter,Weekend,Commuter-Heavy Transit Hub,284,316,32,295,2024-12-01
2024-12-14,2024,Winter,Weekend,Leisure & Waterfront,391,406,15,478,2024-12-01
2024-12-14,2024,Winter,Weekend,Residential & Inner-Suburban Feeder,1234,1165,-69,1345,2024-12-01
2024-12-15,2024,Winter,Weekend,Commercial & Employment Core,5116,5060,-56,3986,2024-12-01
2024-12-15,2024,Winter,Weekend,Commuter-Heavy Transit Hub,197,237,40,210,2024-12-01
2024-12-15,2024,Winter,Weekend,Leisure & Waterfront,347,372,25,433,2024-12-01
2024-12-15,2024,Winter,Weekend,Residential & Inner-Suburban Feeder,974,964,-10,1177,2024-12-01
2024-12-16,2024,Winter,Weekday,Commercial & Employment Core,6143,6022,-121,3973,2024-12-01
2024-12-16,2024,Winter,Weekday,Commuter-Heavy Transit Hub,622,912,290,353,2024-12-01
2024-12-16,2024,Winter,Weekday,Leisure & Waterfront,389,407,18,467,2024-12-01
2024-12-16,2024,Winter,Weekday,Residential & Inner-Suburban Feeder,1363,1194,-169,1293,2024-12-01
2024-12-17,2024,Winter,Weekday,Commercial & Employment Core,9406,9044,-362,4529,2024-12-01
2024-12-17,2024,Winter,Weekday,Commuter-Heavy Transit Hub,1088,1355,267,426,2024-12-01
2024-12-17,2024,Winter,Weekday,Leisure & Waterfront,545,545,0,555,2024-12-01
2024-12-17,2024,Winter,Weekday,Residential & Inner-Suburban Feeder,1829,1907,78,1602,2024-12-01
2024-12-18,2024,Winter,Weekday,Commercial & Employment Core,8246,8008,-238,4658,2024-12-01
2024-12-18,2024,Winter,Weekday,Commuter-Heavy Transit Hub,807,1101,294,421,2024-12-01
2024-12-18,2024,Winter,Weekday,Leisure & Waterfront,470,504,34,541,2024-12-01
2024-12-18,2024,Winter,Weekday,Residential & Inner-Suburban Feeder,1736,1659,-77,1582,2024-12-01
2024-12-19,2024,Winter,Weekday,Commercial & Employment Core,8247,8053,-194,4583,2024-12-01
2024-12-19,2024,Winter,Weekday,Commuter-Heavy Transit Hub,781,1024,243,406,2024-12-01
2024-12-19,2024,Winter,Weekday,Leisure & Waterfront,467,488,21,498,2024-12-01
2024-12-19,2024,Winter,Weekday,Residential & Inner-Suburban Feeder,1670,1588,-82,1530,2024-12-01
2024-12-20,2024,Winter,Weekday,Commercial & Employment Core,4129,4094,-35,3529,2024-12-01
2024-12-20,2024,Winter,Weekday,Commuter-Heavy Transit Hub,326,441,115,317,2024-12-01
2024-12-20,2024,Winter,Weekday,Leisure & Waterfront,215,214,-1,297,2024-12-01
2024-12-20,2024,Winter,Weekday,Residential & Inner-Suburban Feeder,868,802,-66,1039,2024-12-01
2024-12-21,2024,Winter,Weekend,Commercial & Employment Core,2951,2975,24,3040,2024-12-01
2024-12-21,2024,Winter,Weekend,Commuter-Heavy Transit Hub,94,125,31,158,2024-12-01
2024-12-21,2024,Winter,Weekend,Leisure & Waterfront,188,205,17,274,2024-12-01
2024-12-21,2024,Winter,Weekend,Residential & Inner-Suburban Feeder,620,556,-64,830,2024-12-01
2024-12-22,2024,Winter,Weekend,Commercial & Employment Core,2495,2504,9,2669,2024-12-01
2024-12-22,2024,Winter,Weekend,Commuter-Heavy Transit Hub,86,108,22,139,2024-12-01
2024-12-22,2024,Winter,Weekend,Leisure & Waterfront,180,186,6,258,2024-12-01
2024-12-22,2024,Winter,Weekend,Residential & Inner-Suburban Feeder,545,507,-38,736,2024-12-01
2024-12-23,2024,Winter,Weekday,Commercial & Employment Core,2586,2575,-11,2737,2024-12-01
2024-12-23,2024,Winter,Weekday,Commuter-Heavy Transit Hub,137,273,136,211,2024-12-01
2024-12-23,2024,Winter,Weekday,Leisure & Waterfront,176,180,4,242,2024-12-01
2024-12-23,2024,Winter,Weekday,Residential & Inner-Suburban Feeder,564,438,-126,681,2024-12-01
2024-12-24,2024,Winter,Weekday,Commercial & Employment Core,2437,2446,9,2561,2024-12-01
2024-12-24,2024,Winter,Weekday,Commuter-Heavy Transit Hub,123,151,28,160,2024-12-01
2024-12-24,2024,Winter,Weekday,Leisure & Waterfront,136,147,11,204,2024-12-01
2024-12-24,2024,Winter,Weekday,Residential & Inner-Suburban Feeder,463,416,-47,606,2024-12-01
2024-12-25,2024,Winter,Weekday,Commercial & Employment Core,1138,1168,30,1635,2024-12-01
2024-12-25,2024,Winter,Weekday,Commuter-Heavy Transit Hub,62,60,-2,96,2024-12-01
2024-12-25,2024,Winter,Weekday,Leisure & Waterfront,103,110,7,160,2024-12-01
2024-12-25,2024,Winter,Weekday,Residential & Inner-Suburban Feeder,281,244,-37,425,2024-12-01
2024-12-26,2024,Winter,Weekday,Commercial & Employment Core,2424,2437,13,2638,2024-12-01
2024-12-26,2024,Winter,Weekday,Commuter-Heavy Transit Hub,82,84,2,128,2024-12-01
2024-12-26,2024,Winter,Weekday,Leisure & Waterfront,185,196,11,266,2024-12-01
2024-12-26,2024,Winter,Weekday,Residential & Inner-Suburban Feeder,511,487,-24,696,2024-12-01
2024-12-27,2024,Winter,Weekday,Commercial & Employment Core,3862,3877,15,3465,2024-12-01
2024-12-27,2024,Winter,Weekday,Commuter-Heavy Transit Hub,186,234,48,230,2024-12-01
2024-12-27,2024,Winter,Weekday,Leisure & Waterfront,268,294,26,359,2024-12-01
2024-12-27,2024,Winter,Weekday,Residential & Inner-Suburban Feeder,850,744,-106,1026,2024-12-01
2024-12-28,2024,Winter,Weekend,Commercial & Employment Core,4302,4362,60,3699,2024-12-01
2024-12-28,2024,Winter,Weekend,Commuter-Heavy Transit Hub,146,151,5,202,2024-12-01
2024-12-28,2024,Winter,Weekend,Leisure & Waterfront,441,471,30,469,2024-12-01
2024-12-28,2024,Winter,Weekend,Residential & Inner-Suburban Feeder,1028,934,-94,1202,2024-12-01
2024-12-29,2024,Winter,Weekend,Commercial & Employment Core,1892,1865,-27,2491,2024-12-01
2024-12-29,2024,Winter,Weekend,Commuter-Heavy Transit Hub,79,74,-5,121,2024-12-01
2024-12-29,2024,Winter,Weekend,Leisure & Waterfront,163,170,7,228,2024-12-01
2024-12-29,2024,Winter,Weekend,Residential & Inner-Suburban Feeder,390,431,41,641,2024-12-01
2024-12-30,2024,Winter,Weekday,Commercial & Employment Core,4578,4643,65,3707,2024-12-01
2024-12-30,2024,Winter,Weekday,Commuter-Heavy Transit Hub,262,248,-14,255,2024-12-01
2024-12-30,2024,Winter,Weekday,Leisure & Waterfront,382,390,8,422,2024-12-01
2024-12-30,2024,Winter,Weekday,Residential & Inner-Suburban Feeder,991,920,-71,1176,2024-12-01
2024-12-31,2024,Winter,Weekday,Commercial & Employment Core,4902,4946,44,3858,2024-12-01
2024-12-31,2024,Winter,Weekday,Commuter-Heavy Transit Hub,252,284,32,248,2024-12-01
2024-12-31,2024,Winter,Weekday,Leisure & Waterfront,482,563,81,532,2024-12-01
2024-12-31,2024,Winter,Weekday,Residential & Inner-Suburban Feeder,1230,1053,-177,1328,2024-12-01
2025-01-01,2025,Winter,Weekday,Commercial & Employment Core,2763,2786,23,3050,2025-01-01
2025-01-01,2025,Winter,Weekday,Commuter-Heavy Transit Hub,127,104,-23,147,2025-01-01
2025-01-01,2025,Winter,Weekday,Leisure & Waterfront,410,403,-7,429,2025-01-01
2025-01-01,2025,Winter,Weekday,Residential & Inner-Suburban Feeder,667,701,34,956,2025-01-01
2025-01-02,2025,Winter,Weekday,Commercial & Employment Core,4798,4781,-17,3895,2025-01-01
2025-01-02,2025,Winter,Weekday,Commuter-Heavy Transit Hub,319,413,94,284,2025-01-01
2025-01-02,2025,Winter,Weekday,Leisure & Waterfront,348,361,13,450,2025-01-01
2025-01-02,2025,Winter,Weekday,Residential & Inner-Suburban Feeder,1158,1064,-94,1322,2025-01-01
2025-01-03,2025,Winter,Weekday,Commercial & Employment Core,4986,4955,-31,3975,2025-01-01
2025-01-03,2025,Winter,Weekday,Commuter-Heavy Transit Hub,293,370,77,305,2025-01-01
2025-01-03,2025,Winter,Weekday,Leisure & Waterfront,368,418,50,466,2025-01-01
2025-01-03,2025,Winter,Weekday,Residential & Inner-Suburban Feeder,1207,1102,-105,1352,2025-01-01
2025-01-04,2025,Winter,Weekend,Commercial & Employment Core,3847,3936,89,3536,2025-01-01
2025-01-04,2025,Winter,Weekend,Commuter-Heavy Transit Hub,138,145,7,177,2025-01-01
2025-01-04,2025,Winter,Weekend,Leisure & Waterfront,286,313,27,344,2025-01-01
2025-01-04,2025,Winter,Weekend,Residential & Inner-Suburban Feeder,901,787,-114,1071,2025-01-01
2025-01-05,2025,Winter,Weekend,Commercial & Employment Core,3860,3859,-1,3537,2025-01-01
2025-01-05,2025,Winter,Weekend,Commuter-Heavy Transit Hub,130,154,24,190,2025-01-01
2025-01-05,2025,Winter,Weekend,Leisure & Waterfront,260,285,25,370,2025-01-01
2025-01-05,2025,Winter,Weekend,Residential & Inner-Suburban Feeder,831,782,-49,1058,2025-01-01
2025-01-06,2025,Winter,Weekday,Commercial & Employment Core,5314,5220,-94,3861,2025-01-01
2025-01-06,2025,Winter,Weekday,Commuter-Heavy Transit Hub,638,755,117,360,2025-01-01
2025-01-06,2025,Winter,Weekday,Leisure & Waterfront,317,345,28,380,2025-01-01
2025-01-06,2025,Winter,Weekday,Residential & Inner-Suburban Feeder,1095,1054,-41,1210,2025-01-01
2025-01-07,2025,Winter,Weekday,Commercial & Employment Core,5897,5694,-203,3997,2025-01-01
2025-01-07,2025,Winter,Weekday,Commuter-Heavy Transit Hub,699,912,213,384,2025-01-01
2025-01-07,2025,Winter,Weekday,Leisure & Waterfront,365,403,38,416,2025-01-01
2025-01-07,2025,Winter,Weekday,Residential & Inner-Suburban Feeder,1234,1179,-55,1336,2025-01-01
2025-01-08,2025,Winter,Weekday,Commercial & Employment Core,5511,5370,-141,3933,2025-01-01
2025-01-08,2025,Winter,Weekday,Commuter-Heavy Transit Hub,661,795,134,363,2025-01-01
2025-01-08,2025,Winter,Weekday,Leisure & Waterfront,308,350,42,383,2025-01-01
2025-01-08,2025,Winter,Weekday,Residential & Inner-Suburban Feeder,1106,1072,-34,1204,2025-01-01
2025-01-09,2025,Winter,Weekday,Commercial & Employment Core,5797,5617,-180,3933,2025-01-01
2025-01-09,2025,Winter,Weekday,Commuter-Heavy Transit Hub,655,832,177,354,2025-01-01
2025-01-09,2025,Winter,Weekday,Leisure & Waterfront,349,367,18,431,2025-01-01
2025-01-09,2025,Winter,Weekday,Residential & Inner-Suburban Feeder,1142,1130,-12,1215,2025-01-01
2025-01-10,2025,Winter,Weekday,Commercial & Employment Core,5462,5491,29,3730,2025-01-01
2025-01-10,2025,Winter,Weekday,Commuter-Heavy Transit Hub,560,695,135,344,2025-01-01
2025-01-10,2025,Winter,Weekday,Leisure & Waterfront,319,382,63,406,2025-01-01
2025-01-10,2025,Winter,Weekday,Residential & Inner-Suburban Feeder,1175,949,-226,1202,2025-01-01
2025-01-11,2025,Winter,Weekend,Commercial & Employment Core,2470,2505,35,2693,2025-01-01
2025-01-11,2025,Winter,Weekend,Commuter-Heavy Transit Hub,84,91,7,127,2025-01-01
2025-01-11,2025,Winter,Weekend,Leisure & Waterfront,192,200,8,260,2025-01-01
2025-01-11,2025,Winter,Weekend,Residential & Inner-Suburban Feeder,497,434,-63,661,2025-01-01
2025-01-12,2025,Winter,Weekend,Commercial & Employment Core,3739,3698,-41,3328,2025-01-01
2025-01-12,2025,Winter,Weekend,Commuter-Heavy Transit Hub,158,149,-9,196,2025-01-01
2025-01-12,2025,Winter,Weekend,Leisure & Waterfront,244,260,16,325,2025-01-01
2025-01-12,2025,Winter,Weekend,Residential & Inner-Suburban Feeder,723,770,47,984,2025-01-01
2025-01-13,2025,Winter,Weekday,Commercial & Employment Core,5112,4965,-147,3772,2025-01-01
2025-01-13,2025,Winter,Weekday,Commuter-Heavy Transit Hub,679,725,46,367,2025-01-01
2025-01-13,2025,Winter,Weekday,Leisure & Waterfront,264,274,10,333,2025-01-01
2025-01-13,2025,Winter,Weekday,Residential & Inner-Suburban Feeder,937,1032,95,1156,2025-01-01
2025-01-14,2025,Winter,Weekday,Commercial & Employment Core,5774,5647,-127,3851,2025-01-01
2025-01-14,2025,Winter,Weekday,Commuter-Heavy Transit Hub,704,848,144,364,2025-01-01
2025-01-14,2025,Winter,Weekday,Leisure & Waterfront,321,337,16,361,2025-01-01
2025-01-14,2025,Winter,Weekday,Residential & Inner-Suburban Feeder,1156,1109,-47,1207,2025-01-01
2025-01-15,2025,Winter,Weekday,Commercial & Employment Core,5881,5728,-153,3914,2025-01-01
2025-01-15,2025,Winter,Weekday,Commuter-Heavy Transit Hub,718,868,150,371,2025-01-01
2025-01-15,2025,Winter,Weekday,Leisure & Waterfront,289,342,53,367,2025-01-01
2025-01-15,2025,Winter,Weekday,Residential & Inner-Suburban Feeder,1154,1112,-42,1230,2025-01-01
2025-01-16,2025,Winter,Weekday,Commercial & Employment Core,4195,4057,-138,3496,2025-01-01
2025-01-16,2025,Winter,Weekday,Commuter-Heavy Transit Hub,523,714,191,356,2025-01-01
2025-01-16,2025,Winter,Weekday,Leisure & Waterfront,217,275,58,291,2025-01-01
2025-01-16,2025,Winter,Weekday,Residential & Inner-Suburban Feeder,888,783,-105,1018,2025-01-01
2025-01-17,2025,Winter,Weekday,Commercial & Employment Core,5803,5700,-103,3993,2025-01-01
2025-01-17,2025,Winter,Weekday,Commuter-Heavy Transit Hub,592,646,54,363,2025-01-01
2025-01-17,2025,Winter,Weekday,Leisure & Waterfront,342,366,24,395,2025-01-01
2025-01-17,2025,Winter,Weekday,Residential & Inner-Suburban Feeder,1114,1121,7,1243,2025-01-01
2025-01-18,2025,Winter,Weekend,Commercial & Employment Core,3577,3595,18,3411,2025-01-01
2025-01-18,2025,Winter,Weekend,Commuter-Heavy Transit Hub,176,183,7,218,2025-01-01
2025-01-18,2025,Winter,Weekend,Leisure & Waterfront,241,295,54,344,2025-01-01
2025-01-18,2025,Winter,Weekend,Residential & Inner-Suburban Feeder,755,685,-70,990,2025-01-01
2025-01-19,2025,Winter,Weekend,Commercial & Employment Core,3460,3509,49,3294,2025-01-01
2025-01-19,2025,Winter,Weekend,Commuter-Heavy Transit Hub,166,157,-9,210,2025-01-01
2025-01-19,2025,Winter,Weekend,Leisure & Waterfront,223,241,18,315,2025-01-01
2025-01-19,2025,Winter,Weekend,Residential & Inner-Suburban Feeder,698,646,-52,912,2025-01-01
2025-01-20,2025,Winter,Weekday,Commercial & Employment Core,4324,4226,-98,3427,2025-01-01
2025-01-20,2025,Winter,Weekday,Commuter-Heavy Transit Hub,490,578,88,337,2025-01-01
2025-01-20,2025,Winter,Weekday,Leisure & Waterfront,197,221,24,275,2025-01-01
2025-01-20,2025,Winter,Weekday,Residential & Inner-Suburban Feeder,806,789,-17,996,2025-01-01
2025-01-21,2025,Winter,Weekday,Commercial & Employment Core,4179,4127,-52,3410,2025-01-01
2025-01-21,2025,Winter,Weekday,Commuter-Heavy Transit Hub,570,639,69,360,2025-01-01
2025-01-21,2025,Winter,Weekday,Leisure & Waterfront,194,215,21,253,2025-01-01
2025-01-21,2025,Winter,Weekday,Residential & Inner-Suburban Feeder,818,787,-31,961,2025-01-01
2025-01-22,2025,Winter,Weekday,Commercial & Employment Core,4195,4045,-150,3382,2025-01-01
2025-01-22,2025,Winter,Weekday,Commuter-Heavy Transit Hub,504,644,140,347,2025-01-01
2025-01-22,2025,Winter,Weekday,Leisure & Waterfront,188,243,55,279,2025-01-01
2025-01-22,2025,Winter,Weekday,Residential & Inner-Suburban Feeder,769,720,-49,896,2025-01-01
2025-01-23,2025,Winter,Weekday,Commercial & Employment Core,5500,5375,-125,3850,2025-01-01
2025-01-23,2025,Winter,Weekday,Commuter-Heavy Transit Hub,646,761,115,362,2025-01-01
2025-01-23,2025,Winter,Weekday,Leisure & Waterfront,316,344,28,391,2025-01-01
2025-01-23,2025,Winter,Weekday,Residential & Inner-Suburban Feeder,1036,1009,-27,1137,2025-01-01
2025-01-24,2025,Winter,Weekday,Commercial & Employment Core,5296,5245,-51,3927,2025-01-01
2025-01-24,2025,Winter,Weekday,Commuter-Heavy Transit Hub,534,626,92,349,2025-01-01
2025-01-24,2025,Winter,Weekday,Leisure & Waterfront,264,314,50,373,2025-01-01
2025-01-24,2025,Winter,Weekday,Residential & Inner-Suburban Feeder,1034,945,-89,1176,2025-01-01
2025-01-25,2025,Winter,Weekend,Commercial & Employment Core,4270,4294,24,3646,2025-01-01
2025-01-25,2025,Winter,Weekend,Commuter-Heavy Transit Hub,201,200,-1,233,2025-01-01
2025-01-25,2025,Winter,Weekend,Leisure & Waterfront,243,283,40,341,2025-01-01
2025-01-25,2025,Winter,Weekend,Residential & Inner-Suburban Feeder,853,779,-74,1048,2025-01-01
2025-01-26,2025,Winter,Weekend,Commercial & Employment Core,4240,4249,9,3654,2025-01-01
2025-01-26,2025,Winter,Weekend,Commuter-Heavy Transit Hub,187,183,-4,226,2025-01-01
2025-01-26,2025,Winter,Weekend,Leisure & Waterfront,277,335,58,363,2025-01-01
2025-01-26,2025,Winter,Weekend,Residential & Inner-Suburban Feeder,933,878,-55,1161,2025-01-01
2025-01-27,2025,Winter,Weekday,Commercial & Employment Core,5398,5344,-54,3824,2025-01-01
2025-01-27,2025,Winter,Weekday,Commuter-Heavy Transit Hub,700,742,42,388,2025-01-01
2025-01-27,2025,Winter,Weekday,Leisure & Waterfront,286,295,9,347,2025-01-01
2025-01-27,2025,Winter,Weekday,Residential & Inner-Suburban Feeder,1048,1056,8,1155,2025-01-01
2025-01-28,2025,Winter,Weekday,Commercial & Employment Core,4247,4142,-105,3298,2025-01-01
2025-01-28,2025,Winter,Weekday,Commuter-Heavy Transit Hub,535,722,187,324,2025-01-01
2025-01-28,2025,Winter,Weekday,Leisure & Waterfront,209,246,37,260,2025-01-01
2025-01-28,2025,Winter,Weekday,Residential & Inner-Suburban Feeder,851,733,-118,950,2025-01-01
2025-01-29,2025,Winter,Weekday,Commercial & Employment Core,4716,4640,-76,3645,2025-01-01
2025-01-29,2025,Winter,Weekday,Commuter-Heavy Transit Hub,593,646,53,354,2025-01-01
2025-01-29,2025,Winter,Weekday,Leisure & Waterfront,251,256,5,297,2025-01-01
2025-01-29,2025,Winter,Weekday,Residential & Inner-Suburban Feeder,800,817,17,993,2025-01-01
2025-01-30,2025,Winter,Weekday,Commercial & Employment Core,6038,5859,-179,4042,2025-01-01
2025-01-30,2025,Winter,Weekday,Commuter-Heavy Transit Hub,715,831,116,386,2025-01-01
2025-01-30,2025,Winter,Weekday,Leisure & Waterfront,274,327,53,341,2025-01-01
2025-01-30,2025,Winter,Weekday,Residential & Inner-Suburban Feeder,1131,1130,-1,1233,2025-01-01
2025-01-31,2025,Winter,Weekday,Commercial & Employment Core,5948,5897,-51,4219,2025-01-01
2025-01-31,2025,Winter,Weekday,Commuter-Heavy Transit Hub,563,673,110,366,2025-01-01
2025-01-31,2025,Winter,Weekday,Leisure & Waterfront,267,306,39,358,2025-01-01
2025-01-31,2025,Winter,Weekday,Residential & Inner-Suburban Feeder,1147,1053,-94,1270,2025-01-01
2025-02-01,2025,Winter,Weekend,Commercial & Employment Core,3892,3898,6,3514,2025-02-01
2025-02-01,2025,Winter,Weekend,Commuter-Heavy Transit Hub,200,237,37,249,2025-02-01
2025-02-01,2025,Winter,Weekend,Leisure & Waterfront,288,322,34,350,2025-02-01
2025-02-01,2025,Winter,Weekend,Residential & Inner-Suburban Feeder,716,650,-66,931,2025-02-01
2025-02-02,2025,Winter,Weekend,Commercial & Employment Core,3034,3072,38,3078,2025-02-01
2025-02-02,2025,Winter,Weekend,Commuter-Heavy Transit Hub,141,160,19,205,2025-02-01
2025-02-02,2025,Winter,Weekend,Leisure & Waterfront,207,206,-1,291,2025-02-01
2025-02-02,2025,Winter,Weekend,Residential & Inner-Suburban Feeder,591,536,-55,809,2025-02-01
2025-02-03,2025,Winter,Weekday,Commercial & Employment Core,4741,4621,-120,3714,2025-02-01
2025-02-03,2025,Winter,Weekday,Commuter-Heavy Transit Hub,514,658,144,347,2025-02-01
2025-02-03,2025,Winter,Weekday,Leisure & Waterfront,247,293,46,304,2025-02-01
2025-02-03,2025,Winter,Weekday,Residential & Inner-Suburban Feeder,925,853,-72,1115,2025-02-01
2025-02-04,2025,Winter,Weekday,Commercial & Employment Core,5916,5830,-86,4019,2025-02-01
2025-02-04,2025,Winter,Weekday,Commuter-Heavy Transit Hub,740,840,100,400,2025-02-01
2025-02-04,2025,Winter,Weekday,Leisure & Waterfront,309,334,25,358,2025-02-01
2025-02-04,2025,Winter,Weekday,Residential & Inner-Suburban Feeder,1098,1055,-43,1208,2025-02-01
2025-02-05,2025,Winter,Weekday,Commercial & Employment Core,6034,5946,-88,4150,2025-02-01
2025-02-05,2025,Winter,Weekday,Commuter-Heavy Transit Hub,747,838,91,409,2025-02-01
2025-02-05,2025,Winter,Weekday,Leisure & Waterfront,296,343,47,358,2025-02-01
2025-02-05,2025,Winter,Weekday,Residential & Inner-Suburban Feeder,1164,1107,-57,1242,2025-02-01
2025-02-06,2025,Winter,Weekday,Commercial & Employment Core,4304,4252,-52,3579,2025-02-01
2025-02-06,2025,Winter,Weekday,Commuter-Heavy Transit Hub,534,526,-8,356,2025-02-01
2025-02-06,2025,Winter,Weekday,Leisure & Waterfront,211,262,51,298,2025-02-01
2025-02-06,2025,Winter,Weekday,Residential & Inner-Suburban Feeder,830,852,22,1050,2025-02-01
2025-02-07,2025,Winter,Weekday,Commercial & Employment Core,5203,5134,-69,3926,2025-02-01
2025-02-07,2025,Winter,Weekday,Commuter-Heavy Transit Hub,538,614,76,352,2025-02-01
2025-02-07,2025,Winter,Weekday,Leisure & Waterfront,294,327,33,358,2025-02-01
2025-02-07,2025,Winter,Weekday,Residential & Inner-Suburban Feeder,977,920,-57,1136,2025-02-01
2025-02-08,2025,Winter,Weekend,Commercial & Employment Core,3976,3989,13,3470,2025-02-01
2025-02-08,2025,Winter,Weekend,Commuter-Heavy Transit Hub,132,190,58,186,2025-02-01
2025-02-08,2025,Winter,Weekend,Leisure & Waterfront,277,316,39,355,2025-02-01
2025-02-08,2025,Winter,Weekend,Residential & Inner-Suburban Feeder,837,746,-91,990,2025-02-01
2025-02-09,2025,Winter,Weekend,Commercial & Employment Core,2304,2305,1,2500,2025-02-01
2025-02-09,2025,Winter,Weekend,Commuter-Heavy Transit Hub,90,96,6,126,2025-02-01
2025-02-09,2025,Winter,Weekend,Leisure & Waterfront,181,175,-6,244,2025-02-01
2025-02-09,2025,Winter,Weekend,Residential & Inner-Suburban Feeder,380,376,-4,574,2025-02-01
2025-02-10,2025,Winter,Weekday,Commercial & Employment Core,4757,4752,-5,3741,2025-02-01
2025-02-10,2025,Winter,Weekday,Commuter-Heavy Transit Hub,585,627,42,365,2025-02-01
2025-02-10,2025,Winter,Weekday,Leisure & Waterfront,238,264,26,309,2025-02-01
2025-02-10,2025,Winter,Weekday,Residential & Inner-Suburban Feeder,950,883,-67,1122,2025-02-01
2025-02-11,2025,Winter,Weekday,Commercial & Employment Core,5681,5602,-79,3991,2025-02-01
2025-02-11,2025,Winter,Weekday,Commuter-Heavy Transit Hub,680,770,90,387,2025-02-01
2025-02-11,2025,Winter,Weekday,Leisure & Waterfront,323,360,37,378,2025-02-01
2025-02-11,2025,Winter,Weekday,Residential & Inner-Suburban Feeder,1102,1053,-49,1243,2025-02-01
2025-02-12,2025,Winter,Weekday,Commercial & Employment Core,3654,3616,-38,3114,2025-02-01
2025-02-12,2025,Winter,Weekday,Commuter-Heavy Transit Hub,390,674,284,323,2025-02-01
2025-02-12,2025,Winter,Weekday,Leisure & Waterfront,211,220,9,276,2025-02-01
2025-02-12,2025,Winter,Weekday,Residential & Inner-Suburban Feeder,856,615,-241,932,2025-02-01
2025-02-13,2025,Winter,Weekday,Commercial & Employment Core,940,965,25,1375,2025-02-01
2025-02-13,2025,Winter,Weekday,Commuter-Heavy Transit Hub,105,90,-15,136,2025-02-01
2025-02-13,2025,Winter,Weekday,Leisure & Waterfront,77,58,-19,116,2025-02-01
2025-02-13,2025,Winter,Weekday,Residential & Inner-Suburban Feeder,155,160,5,266,2025-02-01
2025-02-14,2025,Winter,Weekday,Commercial & Employment Core,2067,2068,1,2387,2025-02-01
2025-02-14,2025,Winter,Weekday,Commuter-Heavy Transit Hub,189,218,29,219,2025-02-01
2025-02-14,2025,Winter,Weekday,Leisure & Waterfront,102,113,11,150,2025-02-01
2025-02-14,2025,Winter,Weekday,Residential & Inner-Suburban Feeder,415,372,-43,569,2025-02-01
2025-02-15,2025,Winter,Weekend,Commercial & Employment Core,872,868,-4,1270,2025-02-01
2025-02-15,2025,Winter,Weekend,Commuter-Heavy Transit Hub,32,44,12,67,2025-02-01
2025-02-15,2025,Winter,Weekend,Leisure & Waterfront,60,92,32,119,2025-02-01
2025-02-15,2025,Winter,Weekend,Residential & Inner-Suburban Feeder,188,153,-35,279,2025-02-01
2025-02-16,2025,Winter,Weekend,Commercial & Employment Core,116,104,-12,197,2025-02-01
2025-02-16,2025,Winter,Weekend,Commuter-Heavy Transit Hub,5,9,4,14,2025-02-01
2025-02-16,2025,Winter,Weekend,Leisure & Waterfront,6,8,2,14,2025-02-01
2025-02-16,2025,Winter,Weekend,Residential & Inner-Suburban Feeder,22,29,7,48,2025-02-01
2025-02-17,2025,Winter,Weekday,Commercial & Employment Core,352,357,5,583,2025-02-01
2025-02-17,2025,Winter,Weekday,Commuter-Heavy Transit Hub,7,14,7,19,2025-02-01
2025-02-17,2025,Winter,Weekday,Leisure & Waterfront,24,24,0,40,2025-02-01
2025-02-17,2025,Winter,Weekday,Residential & Inner-Suburban Feeder,60,46,-14,91,2025-02-01
2025-02-18,2025,Winter,Weekday,Commercial & Employment Core,946,918,-28,1309,2025-02-01
2025-02-18,2025,Winter,Weekday,Commuter-Heavy Transit Hub,82,136,54,138,2025-02-01
2025-02-18,2025,Winter,Weekday,Leisure & Waterfront,74,64,-10,96,2025-02-01
2025-02-18,2025,Winter,Weekday,Residential & Inner-Suburban Feeder,168,152,-16,252,2025-02-01
2025-02-19,2025,Winter,Weekday,Commercial & Employment Core,1197,1166,-31,1564,2025-02-01
2025-02-19,2025,Winter,Weekday,Commuter-Heavy Transit Hub,124,165,41,182,2025-02-01
2025-02-19,2025,Winter,Weekday,Leisure & Waterfront,82,79,-3,109,2025-02-01
2025-02-19,2025,Winter,Weekday,Residential & Inner-Suburban Feeder,189,177,-12,277,2025-02-01
2025-02-20,2025,Winter,Weekday,Commercial & Employment Core,1360,1327,-33,1706,2025-02-01
2025-02-20,2025,Winter,Weekday,Commuter-Heavy Transit Hub,144,171,27,174,2025-02-01
2025-02-20,2025,Winter,Weekday,Leisure & Waterfront,72,87,15,120,2025-02-01
2025-02-20,2025,Winter,Weekday,Residential & Inner-Suburban Feeder,221,206,-15,320,2025-02-01
2025-02-21,2025,Winter,Weekday,Commercial & Employment Core,1725,1686,-39,2009,2025-02-01
2025-02-21,2025,Winter,Weekday,Commuter-Heavy Transit Hub,141,175,34,178,2025-02-01
2025-02-21,2025,Winter,Weekday,Leisure & Waterfront,93,97,4,138,2025-02-01
2025-02-21,2025,Winter,Weekday,Residential & Inner-Suburban Feeder,269,277,8,401,2025-02-01
2025-02-22,2025,Winter,Weekend,Commercial & Employment Core,1544,1555,11,1967,2025-02-01
2025-02-22,2025,Winter,Weekend,Commuter-Heavy Transit Hub,70,69,-1,105,2025-02-01
2025-02-22,2025,Winter,Weekend,Leisure & Waterfront,92,101,9,145,2025-02-01
2025-02-22,2025,Winter,Weekend,Residential & Inner-Suburban Feeder,300,279,-21,430,2025-02-01
2025-02-23,2025,Winter,Weekend,Commercial & Employment Core,1893,1882,-11,2233,2025-02-01
2025-02-23,2025,Winter,Weekend,Commuter-Heavy Transit Hub,94,92,-2,140,2025-02-01
2025-02-23,2025,Winter,Weekend,Leisure & Waterfront,118,116,-2,153,2025-02-01
2025-02-23,2025,Winter,Weekend,Residential & Inner-Suburban Feeder,298,313,15,467,2025-02-01
2025-02-24,2025,Winter,Weekday,Commercial & Employment Core,3896,3804,-92,3300,2025-02-01
2025-02-24,2025,Winter,Weekday,Commuter-Heavy Transit Hub,488,515,27,327,2025-02-01
2025-02-24,2025,Winter,Weekday,Leisure & Waterfront,218,238,20,264,2025-02-01
2025-02-24,2025,Winter,Weekday,Residential & Inner-Suburban Feeder,658,694,36,859,2025-02-01
2025-02-25,2025,Winter,Weekday,Commercial & Employment Core,5069,4981,-88,3775,2025-02-01
2025-02-25,2025,Winter,Weekday,Commuter-Heavy Transit Hub,645,728,83,374,2025-02-01
2025-02-25,2025,Winter,Weekday,Leisure & Waterfront,318,338,20,349,2025-02-01
2025-02-25,2025,Winter,Weekday,Residential & Inner-Suburban Feeder,968,961,-7,1115,2025-02-01
2025-02-26,2025,Winter,Weekday,Commercial & Employment Core,5666,5545,-121,3922,2025-02-01
2025-02-26,2025,Winter,Weekday,Commuter-Heavy Transit Hub,742,804,62,400,2025-02-01
2025-02-26,2025,Winter,Weekday,Leisure & Waterfront,347,387,40,401,2025-02-01
2025-02-26,2025,Winter,Weekday,Residential & Inner-Suburban Feeder,1109,1122,13,1231,2025-02-01
2025-02-27,2025,Winter,Weekday,Commercial & Employment Core,4564,4524,-40,3642,2025-02-01
2025-02-27,2025,Winter,Weekday,Commuter-Heavy Transit Hub,586,558,-28,362,2025-02-01
2025-02-27,2025,Winter,Weekday,Leisure & Waterfront,257,296,39,315,2025-02-01
2025-02-27,2025,Winter,Weekday,Residential & Inner-Suburban Feeder,870,898,28,1082,2025-02-01
2025-02-28,2025,Winter,Weekday,Commercial & Employment Core,4861,4835,-26,3845,2025-02-01
2025-02-28,2025,Winter,Weekday,Commuter-Heavy Transit Hub,508,595,87,351,2025-02-01
2025-02-28,2025,Winter,Weekday,Leisure & Waterfront,251,283,32,344,2025-02-01
2025-02-28,2025,Winter,Weekday,Residential & Inner-Suburban Feeder,966,859,-107,1140,2025-02-01
2025-03-01,2025,Spring,Weekend,Commercial & Employment Core,3378,3373,-5,3225,2025-03-01
2025-03-01,2025,Spring,Weekend,Commuter-Heavy Transit Hub,147,182,35,225,2025-03-01
2025-03-01,2025,Spring,Weekend,Leisure & Waterfront,217,233,16,299,2025-03-01
2025-03-01,2025,Spring,Weekend,Residential & Inner-Suburban Feeder,669,637,-32,884,2025-03-01
2025-03-02,2025,Spring,Weekend,Commercial & Employment Core,2993,2981,-12,2924,2025-03-01
2025-03-02,2025,Spring,Weekend,Commuter-Heavy Transit Hub,122,141,19,171,2025-03-01
2025-03-02,2025,Spring,Weekend,Leisure & Waterfront,206,212,6,275,2025-03-01
2025-03-02,2025,Spring,Weekend,Residential & Inner-Suburban Feeder,535,531,-4,748,2025-03-01
2025-03-03,2025,Spring,Weekday,Commercial & Employment Core,5444,5364,-80,3886,2025-03-01
2025-03-03,2025,Spring,Weekday,Commuter-Heavy Transit Hub,675,719,44,373,2025-03-01
2025-03-03,2025,Spring,Weekday,Leisure & Waterfront,327,343,16,384,2025-03-01
2025-03-03,2025,Spring,Weekday,Residential & Inner-Suburban Feeder,1095,1110,15,1232,2025-03-01
2025-03-04,2025,Spring,Weekday,Commercial & Employment Core,6279,6202,-77,4141,2025-03-01
2025-03-04,2025,Spring,Weekday,Commuter-Heavy Transit Hub,800,862,62,394,2025-03-01
2025-03-04,2025,Spring,Weekday,Leisure & Waterfront,413,419,6,452,2025-03-01
2025-03-04,2025,Spring,Weekday,Residential & Inner-Suburban Feeder,1284,1281,-3,1375,2025-03-01
2025-03-05,2025,Spring,Weekday,Commercial & Employment Core,4335,4290,-45,3536,2025-03-01
2025-03-05,2025,Spring,Weekday,Commuter-Heavy Transit Hub,524,465,-59,305,2025-03-01
2025-03-05,2025,Spring,Weekday,Leisure & Waterfront,270,288,18,328,2025-03-01
2025-03-05,2025,Spring,Weekday,Residential & Inner-Suburban Feeder,859,950,91,1087,2025-03-01
2025-03-06,2025,Spring,Weekday,Commercial & Employment Core,5597,5552,-45,4022,2025-03-01
2025-03-06,2025,Spring,Weekday,Commuter-Heavy Transit Hub,711,853,142,392,2025-03-01
2025-03-06,2025,Spring,Weekday,Leisure & Waterfront,344,362,18,384,2025-03-01
2025-03-06,2025,Spring,Weekday,Residential & Inner-Suburban Feeder,1247,1131,-116,1307,2025-03-01
2025-03-07,2025,Spring,Weekday,Commercial & Employment Core,6098,6079,-19,4183,2025-03-01
2025-03-07,2025,Spring,Weekday,Commuter-Heavy Transit Hub,607,732,125,385,2025-03-01
2025-03-07,2025,Spring,Weekday,Leisure & Waterfront,419,452,33,470,2025-03-01
2025-03-07,2025,Spring,Weekday,Residential & Inner-Suburban Feeder,1314,1172,-142,1384,2025-03-01
2025-03-08,2025,Spring,Weekend,Commercial & Employment Core,4827,4900,73,3945,2025-03-01
2025-03-08,2025,Spring,Weekend,Commuter-Heavy Transit Hub,256,235,-21,258,2025-03-01
2025-03-08,2025,Spring,Weekend,Leisure & Waterfront,414,447,33,473,2025-03-01
2025-03-08,2025,Spring,Weekend,Residential & Inner-Suburban Feeder,1048,960,-88,1209,2025-03-01
2025-03-09,2025,Spring,Weekend,Commercial & Employment Core,5249,5268,19,3980,2025-03-01
2025-03-09,2025,Spring,Weekend,Commuter-Heavy Transit Hub,246,206,-40,253,2025-03-01
2025-03-09,2025,Spring,Weekend,Leisure & Waterfront,640,697,57,597,2025-03-01
2025-03-09,2025,Spring,Weekend,Residential & Inner-Suburban Feeder,1112,1088,-24,1273,2025-03-01
2025-03-10,2025,Spring,Weekday,Commercial & Employment Core,7982,7880,-102,4498,2025-03-01
2025-03-10,2025,Spring,Weekday,Commuter-Heavy Transit Hub,902,969,67,416,2025-03-01
2025-03-10,2025,Spring,Weekday,Leisure & Waterfront,814,846,32,702,2025-03-01
2025-03-10,2025,Spring,Weekday,Residential & Inner-Suburban Feeder,1654,1653,-1,1561,2025-03-01
2025-03-11,2025,Spring,Weekday,Commercial & Employment Core,9236,9119,-117,4700,2025-03-01
2025-03-11,2025,Spring,Weekday,Commuter-Heavy Transit Hub,1032,1227,195,393,2025-03-01
2025-03-11,2025,Spring,Weekday,Leisure & Waterfront,874,949,75,731,2025-03-01
2025-03-11,2025,Spring,Weekday,Residential & Inner-Suburban Feeder,2012,1857,-155,1717,2025-03-01
2025-03-12,2025,Spring,Weekday,Commercial & Employment Core,7336,7318,-18,4410,2025-03-01
2025-03-12,2025,Spring,Weekday,Commuter-Heavy Transit Hub,861,1069,208,410,2025-03-01
2025-03-12,2025,Spring,Weekday,Leisure & Waterfront,480,514,34,526,2025-03-01
2025-03-12,2025,Spring,Weekday,Residential & Inner-Suburban Feeder,1604,1382,-222,1430,2025-03-01
2025-03-13,2025,Spring,Weekday,Commercial & Employment Core,8347,8214,-133,4587,2025-03-01
2025-03-13,2025,Spring,Weekday,Commuter-Heavy Transit Hub,937,1087,150,392,2025-03-01
2025-03-13,2025,Spring,Weekday,Leisure & Waterfront,679,730,51,661,2025-03-01
2025-03-13,2025,Spring,Weekday,Residential & Inner-Suburban Feeder,1774,1698,-76,1633,2025-03-01
2025-03-14,2025,Spring,Weekday,Commercial & Employment Core,9169,9132,-37,4915,2025-03-01
2025-03-14,2025,Spring,Weekday,Commuter-Heavy Transit Hub,800,945,145,406,2025-03-01
2025-03-14,2025,Spring,Weekday,Leisure & Waterfront,816,864,48,764,2025-03-01
2025-03-14,2025,Spring,Weekday,Residential & Inner-Suburban Feeder,2025,1837,-188,1771,2025-03-01
2025-03-15,2025,Spring,Weekend,Commercial & Employment Core,7201,7213,12,4626,2025-03-01
2025-03-15,2025,Spring,Weekend,Commuter-Heavy Transit Hub,384,364,-20,341,2025-03-01
2025-03-15,2025,Spring,Weekend,Leisure & Waterfront,1045,1093,48,793,2025-03-01
2025-03-15,2025,Spring,Weekend,Residential & Inner-Suburban Feeder,1750,1705,-45,1688,2025-03-01
2025-03-16,2025,Spring,Weekend,Commercial & Employment Core,5525,5542,17,4171,2025-03-01
2025-03-16,2025,Spring,Weekend,Commuter-Heavy Transit Hub,247,215,-32,266,2025-03-01
2025-03-16,2025,Spring,Weekend,Leisure & Waterfront,614,619,5,620,2025-03-01
2025-03-16,2025,Spring,Weekend,Residential & Inner-Suburban Feeder,1160,1210,50,1380,2025-03-01
2025-03-17,2025,Spring,Weekday,Commercial & Employment Core,8271,8087,-184,4597,2025-03-01
2025-03-17,2025,Spring,Weekday,Commuter-Heavy Transit Hub,897,1017,120,415,2025-03-01
2025-03-17,2025,Spring,Weekday,Leisure & Waterfront,646,727,81,673,2025-03-01
2025-03-17,2025,Spring,Weekday,Residential & Inner-Suburban Feeder,1766,1753,-13,1629,2025-03-01
2025-03-18,2025,Spring,Weekday,Commercial & Employment Core,10484,10209,-275,4849,2025-03-01
2025-03-18,2025,Spring,Weekday,Commuter-Heavy Transit Hub,1188,1348,160,412,2025-03-01
2025-03-18,2025,Spring,Weekday,Leisure & Waterfront,1076,1091,15,870,2025-03-01
2025-03-18,2025,Spring,Weekday,Residential & Inner-Suburban Feeder,2428,2523,95,1958,2025-03-01
2025-03-19,2025,Spring,Weekday,Commercial & Employment Core,11724,11449,-275,5015,2025-03-01
2025-03-19,2025,Spring,Weekday,Commuter-Heavy Transit Hub,1275,1480,205,434,2025-03-01
2025-03-19,2025,Spring,Weekday,Leisure & Waterfront,1579,1614,35,1082,2025-03-01
2025-03-19,2025,Spring,Weekday,Residential & Inner-Suburban Feeder,2844,2858,14,2064,2025-03-01
2025-03-20,2025,Spring,Weekday,Commercial & Employment Core,8404,8293,-111,4672,2025-03-01
2025-03-20,2025,Spring,Weekday,Commuter-Heavy Transit Hub,925,1042,117,415,2025-03-01
2025-03-20,2025,Spring,Weekday,Leisure & Waterfront,624,715,91,663,2025-03-01
2025-03-20,2025,Spring,Weekday,Residential & Inner-Suburban Feeder,1867,1794,-73,1698,2025-03-01
2025-03-21,2025,Spring,Weekday,Commercial & Employment Core,9158,9172,14,4807,2025-03-01
2025-03-21,2025,Spring,Weekday,Commuter-Heavy Transit Hub,873,985,112,426,2025-03-01
2025-03-21,2025,Spring,Weekday,Leisure & Waterfront,916,969,53,847,2025-03-01
2025-03-21,2025,Spring,Weekday,Residential & Inner-Suburban Feeder,2140,1942,-198,1823,2025-03-01
2025-03-22,2025,Spring,Weekend,Commercial & Employment Core,5727,5773,46,4313,2025-03-01
2025-03-22,2025,Spring,Weekend,Commuter-Heavy Transit Hub,261,285,24,283,2025-03-01
2025-03-22,2025,Spring,Weekend,Leisure & Waterfront,596,603,7,610,2025-03-01
2025-03-22,2025,Spring,Weekend,Residential & Inner-Suburban Feeder,1351,1291,-60,1454,2025-03-01
2025-03-23,2025,Spring,Weekend,Commercial & Employment Core,5321,5386,65,4085,2025-03-01
2025-03-23,2025,Spring,Weekend,Commuter-Heavy Transit Hub,225,235,10,244,2025-03-01
2025-03-23,2025,Spring,Weekend,Leisure & Waterfront,626,630,4,631,2025-03-01
2025-03-23,2025,Spring,Weekend,Residential & Inner-Suburban Feeder,1212,1147,-65,1345,2025-03-01
2025-03-24,2025,Spring,Weekday,Commercial & Employment Core,6560,6415,-145,4173,2025-03-01
2025-03-24,2025,Spring,Weekday,Commuter-Heavy Transit Hub,778,876,98,402,2025-03-01
2025-03-24,2025,Spring,Weekday,Leisure & Waterfront,395,446,51,450,2025-03-01
2025-03-24,2025,Spring,Weekday,Residential & Inner-Suburban Feeder,1402,1387,-15,1462,2025-03-01
2025-03-25,2025,Spring,Weekday,Commercial & Employment Core,8628,8469,-159,4719,2025-03-01
2025-03-25,2025,Spring,Weekday,Commuter-Heavy Transit Hub,1037,1185,148,416,2025-03-01
2025-03-25,2025,Spring,Weekday,Leisure & Waterfront,602,633,31,614,2025-03-01
2025-03-25,2025,Spring,Weekday,Residential & Inner-Suburban Feeder,1989,1958,-31,1777,2025-03-01
2025-03-26,2025,Spring,Weekday,Commercial & Employment Core,8921,8779,-142,4727,2025-03-01
2025-03-26,2025,Spring,Weekday,Commuter-Heavy Transit Hub,1036,1248,212,423,2025-03-01
2025-03-26,2025,Spring,Weekday,Leisure & Waterfront,719,774,55,690,2025-03-01
2025-03-26,2025,Spring,Weekday,Residential & Inner-Suburban Feeder,2031,1915,-116,1730,2025-03-01
2025-03-27,2025,Spring,Weekday,Commercial & Employment Core,10216,10113,-103,5001,2025-03-01
2025-03-27,2025,Spring,Weekday,Commuter-Heavy Transit Hub,1152,1308,156,429,2025-03-01
2025-03-27,2025,Spring,Weekday,Leisure & Waterfront,955,1011,56,798,2025-03-01
2025-03-27,2025,Spring,Weekday,Residential & Inner-Suburban Feeder,2495,2377,-118,2035,2025-03-01
2025-03-28,2025,Spring,Weekday,Commercial & Employment Core,7070,7059,-11,4488,2025-03-01
2025-03-28,2025,Spring,Weekday,Commuter-Heavy Transit Hub,687,930,243,412,2025-03-01
2025-03-28,2025,Spring,Weekday,Leisure & Waterfront,506,558,52,608,2025-03-01
2025-03-28,2025,Spring,Weekday,Residential & Inner-Suburban Feeder,1777,1504,-273,1645,2025-03-01
2025-03-29,2025,Spring,Weekend,Commercial & Employment Core,4091,4091,0,3673,2025-03-01
2025-03-29,2025,Spring,Weekend,Commuter-Heavy Transit Hub,164,212,48,226,2025-03-01
2025-03-29,2025,Spring,Weekend,Leisure & Waterfront,302,388,86,427,2025-03-01
2025-03-29,2025,Spring,Weekend,Residential & Inner-Suburban Feeder,949,820,-129,1126,2025-03-01
2025-03-30,2025,Spring,Weekend,Commercial & Employment Core,3798,3785,-13,3601,2025-03-01
2025-03-30,2025,Spring,Weekend,Commuter-Heavy Transit Hub,165,165,0,216,2025-03-01
2025-03-30,2025,Spring,Weekend,Leisure & Waterfront,359,356,-3,453,2025-03-01
2025-03-30,2025,Spring,Weekend,Residential & Inner-Suburban Feeder,817,836,19,1086,2025-03-01
2025-03-31,2025,Spring,Weekday,Commercial & Employment Core,8046,7851,-195,4584,2025-03-01
2025-03-31,2025,Spring,Weekday,Commuter-Heavy Transit Hub,934,1043,109,411,2025-03-01
2025-03-31,2025,Spring,Weekday,Leisure & Waterfront,631,710,79,646,2025-03-01
2025-03-31,2025,Spring,Weekday,Residential & Inner-Suburban Feeder,1760,1751,-9,1682,2025-03-01
2025-04-01,2025,Spring,Weekday,Commercial & Employment Core,9872,9725,-147,4922,2025-04-01
2025-04-01,2025,Spring,Weekday,Commuter-Heavy Transit Hub,1131,1301,170,438,2025-04-01
2025-04-01,2025,Spring,Weekday,Leisure & Waterfront,924,1004,80,839,2025-04-01
2025-04-01,2025,Spring,Weekday,Residential & Inner-Suburban Feeder,2316,2225,-91,1970,2025-04-01
2025-04-02,2025,Spring,Weekday,Commercial & Employment Core,4101,4075,-26,3355,2025-04-01
2025-04-02,2025,Spring,Weekday,Commuter-Heavy Transit Hub,354,866,512,330,2025-04-01
2025-04-02,2025,Spring,Weekday,Leisure & Waterfront,252,272,20,310,2025-04-01
2025-04-02,2025,Spring,Weekday,Residential & Inner-Suburban Feeder,1149,648,-501,1056,2025-04-01
2025-04-03,2025,Spring,Weekday,Commercial & Employment Core,11662,11402,-260,4908,2025-04-01
2025-04-03,2025,Spring,Weekday,Commuter-Heavy Transit Hub,1302,1285,-17,421,2025-04-01
2025-04-03,2025,Spring,Weekday,Leisure & Waterfront,1346,1464,118,944,2025-04-01
2025-04-03,2025,Spring,Weekday,Residential & Inner-Suburban Feeder,2698,2828,130,2073,2025-04-01
2025-04-04,2025,Spring,Weekday,Commercial & Employment Core,10700,10772,72,5221,2025-04-01
2025-04-04,2025,Spring,Weekday,Commuter-Heavy Transit Hub,1004,1152,148,433,2025-04-01
2025-04-04,2025,Spring,Weekday,Leisure & Waterfront,1057,1092,35,961,2025-04-01
2025-04-04,2025,Spring,Weekday,Residential & Inner-Suburban Feeder,2691,2405,-286,2162,2025-04-01
2025-04-05,2025,Spring,Weekend,Commercial & Employment Core,5744,5772,28,4423,2025-04-01
2025-04-05,2025,Spring,Weekend,Commuter-Heavy Transit Hub,247,260,13,268,2025-04-01
2025-04-05,2025,Spring,Weekend,Leisure & Waterfront,580,619,39,649,2025-04-01
2025-04-05,2025,Spring,Weekend,Residential & Inner-Suburban Feeder,1410,1345,-65,1605,2025-04-01
2025-04-06,2025,Spring,Weekend,Commercial & Employment Core,7350,7388,38,4725,2025-04-01
2025-04-06,2025,Spring,Weekend,Commuter-Heavy Transit Hub,332,323,-9,302,2025-04-01
2025-04-06,2025,Spring,Weekend,Leisure & Waterfront,1053,1063,10,851,2025-04-01
2025-04-06,2025,Spring,Weekend,Residential & Inner-Suburban Feeder,1707,1703,-4,1735,2025-04-01
2025-04-07,2025,Spring,Weekday,Commercial & Employment Core,8853,8732,-121,4787,2025-04-01
2025-04-07,2025,Spring,Weekday,Commuter-Heavy Transit Hub,1018,1172,154,450,2025-04-01
2025-04-07,2025,Spring,Weekday,Leisure & Waterfront,799,833,34,768,2025-04-01
2025-04-07,2025,Spring,Weekday,Residential & Inner-Suburban Feeder,2122,2048,-74,1858,2025-04-01
2025-04-08,2025,Spring,Weekday,Commercial & Employment Core,6732,6626,-106,4324,2025-04-01
2025-04-08,2025,Spring,Weekday,Commuter-Heavy Transit Hub,723,739,16,398,2025-04-01
2025-04-08,2025,Spring,Weekday,Leisure & Waterfront,482,515,33,546,2025-04-01
2025-04-08,2025,Spring,Weekday,Residential & Inner-Suburban Feeder,1539,1604,65,1620,2025-04-01
2025-04-09,2025,Spring,Weekday,Commercial & Employment Core,9454,9353,-101,4908,2025-04-01
2025-04-09,2025,Spring,Weekday,Commuter-Heavy Transit Hub,1026,1186,160,435,2025-04-01
2025-04-09,2025,Spring,Weekday,Leisure & Waterfront,773,840,67,756,2025-04-01
2025-04-09,2025,Spring,Weekday,Residential & Inner-Suburban Feeder,2212,2084,-128,1925,2025-04-01
2025-04-10,2025,Spring,Weekday,Commercial & Employment Core,7055,6977,-78,4563,2025-04-01
2025-04-10,2025,Spring,Weekday,Commuter-Heavy Transit Hub,684,1121,437,436,2025-04-01
2025-04-10,2025,Spring,Weekday,Leisure & Waterfront,486,549,63,539,2025-04-01
2025-04-10,2025,Spring,Weekday,Residential & Inner-Suburban Feeder,1854,1431,-423,1680,2025-04-01
2025-04-11,2025,Spring,Weekday,Commercial & Employment Core,6963,6984,21,4622,2025-04-01
2025-04-11,2025,Spring,Weekday,Commuter-Heavy Transit Hub,610,661,51,397,2025-04-01
2025-04-11,2025,Spring,Weekday,Leisure & Waterfront,467,507,40,560,2025-04-01
2025-04-11,2025,Spring,Weekday,Residential & Inner-Suburban Feeder,1657,1533,-124,1684,2025-04-01
2025-04-12,2025,Spring,Weekend,Commercial & Employment Core,9190,9310,120,5077,2025-04-01
2025-04-12,2025,Spring,Weekend,Commuter-Heavy Transit Hub,424,492,68,366,2025-04-01
2025-04-12,2025,Spring,Weekend,Leisure & Waterfront,1332,1354,22,1042,2025-04-01
2025-04-12,2025,Spring,Weekend,Residential & Inner-Suburban Feeder,2317,2094,-223,1992,2025-04-01
2025-04-13,2025,Spring,Weekend,Commercial & Employment Core,10126,10105,-21,5189,2025-04-01
2025-04-13,2025,Spring,Weekend,Commuter-Heavy Transit Hub,402,439,37,355,2025-04-01
2025-04-13,2025,Spring,Weekend,Leisure & Waterfront,2582,2632,50,1288,2025-04-01
2025-04-13,2025,Spring,Weekend,Residential & Inner-Suburban Feeder,2652,2606,-46,2137,2025-04-01
2025-04-14,2025,Spring,Weekday,Commercial & Employment Core,10846,10711,-135,5094,2025-04-01
2025-04-14,2025,Spring,Weekday,Commuter-Heavy Transit Hub,1203,1175,-28,429,2025-04-01
2025-04-14,2025,Spring,Weekday,Leisure & Waterfront,1166,1205,39,992,2025-04-01
2025-04-14,2025,Spring,Weekday,Residential & Inner-Suburban Feeder,2593,2708,115,2141,2025-04-01
2025-04-15,2025,Spring,Weekday,Commercial & Employment Core,10291,10113,-178,5109,2025-04-01
2025-04-15,2025,Spring,Weekday,Commuter-Heavy Transit Hub,1101,1478,377,450,2025-04-01
2025-04-15,2025,Spring,Weekday,Leisure & Waterfront,823,901,78,755,2025-04-01
2025-04-15,2025,Spring,Weekday,Residential & Inner-Suburban Feeder,2575,2312,-263,2035,2025-04-01
2025-04-16,2025,Spring,Weekday,Commercial & Employment Core,9850,9755,-95,5040,2025-04-01
2025-04-16,2025,Spring,Weekday,Commuter-Heavy Transit Hub,1114,1254,140,472,2025-04-01
2025-04-16,2025,Spring,Weekday,Leisure & Waterfront,827,920,93,781,2025-04-01
2025-04-16,2025,Spring,Weekday,Residential & Inner-Suburban Feeder,2361,2221,-140,1995,2025-04-01
2025-04-17,2025,Spring,Weekday,Commercial & Employment Core,12321,12259,-62,5387,2025-04-01
2025-04-17,2025,Spring,Weekday,Commuter-Heavy Transit Hub,1247,1446,199,476,2025-04-01
2025-04-17,2025,Spring,Weekday,Leisure & Waterfront,1564,1639,75,1160,2025-04-01
2025-04-17,2025,Spring,Weekday,Residential & Inner-Suburban Feeder,3241,2993,-248,2354,2025-04-01
2025-04-18,2025,Spring,Weekday,Commercial & Employment Core,7998,8070,72,4946,2025-04-01
2025-04-18,2025,Spring,Weekday,Commuter-Heavy Transit Hub,374,353,-21,317,2025-04-01
2025-04-18,2025,Spring,Weekday,Leisure & Waterfront,1484,1569,85,1003,2025-04-01
2025-04-18,2025,Spring,Weekday,Residential & Inner-Suburban Feeder,2074,1953,-121,1923,2025-04-01
2025-04-19,2025,Spring,Weekend,Commercial & Employment Core,9961,10045,84,5191,2025-04-01
2025-04-19,2025,Spring,Weekend,Commuter-Heavy Transit Hub,425,396,-29,331,2025-04-01
2025-04-19,2025,Spring,Weekend,Leisure & Waterfront,1949,1993,44,1193,2025-04-01
2025-04-19,2025,Spring,Weekend,Residential & Inner-Suburban Feeder,2589,2482,-107,2152,2025-04-01
2025-04-20,2025,Spring,Weekend,Commercial & Employment Core,8014,8078,64,4889,2025-04-01
2025-04-20,2025,Spring,Weekend,Commuter-Heavy Transit Hub,383,373,-10,336,2025-04-01
2025-04-20,2025,Spring,Weekend,Leisure & Waterfront,1876,1898,22,1181,2025-04-01
2025-04-20,2025,Spring,Weekend,Residential & Inner-Suburban Feeder,2017,1947,-70,1878,2025-04-01
2025-04-21,2025,Spring,Weekday,Commercial & Employment Core,7825,7861,36,4701,2025-04-01
2025-04-21,2025,Spring,Weekday,Commuter-Heavy Transit Hub,760,835,75,422,2025-04-01
2025-04-21,2025,Spring,Weekday,Leisure & Waterfront,781,818,37,780,2025-04-01
2025-04-21,2025,Spring,Weekday,Residential & Inner-Suburban Feeder,1887,1758,-129,1740,2025-04-01
2025-04-22,2025,Spring,Weekday,Commercial & Employment Core,13468,13190,-278,5344,2025-04-01
2025-04-22,2025,Spring,Weekday,Commuter-Heavy Transit Hub,1472,1642,170,468,2025-04-01
2025-04-22,2025,Spring,Weekday,Leisure & Waterfront,1741,1793,52,1185,2025-04-01
2025-04-22,2025,Spring,Weekday,Residential & Inner-Suburban Feeder,3344,3387,43,2363,2025-04-01
2025-04-23,2025,Spring,Weekday,Commercial & Employment Core,13683,13373,-310,5455,2025-04-01
2025-04-23,2025,Spring,Weekday,Commuter-Heavy Transit Hub,1419,1624,205,463,2025-04-01
2025-04-23,2025,Spring,Weekday,Leisure & Waterfront,1679,1751,72,1209,2025-04-01
2025-04-23,2025,Spring,Weekday,Residential & Inner-Suburban Feeder,3503,3536,33,2356,2025-04-01
2025-04-24,2025,Spring,Weekday,Commercial & Employment Core,15279,15014,-265,5615,2025-04-01
2025-04-24,2025,Spring,Weekday,Commuter-Heavy Transit Hub,1502,1756,254,454,2025-04-01
2025-04-24,2025,Spring,Weekday,Leisure & Waterfront,2093,2174,81,1312,2025-04-01
2025-04-24,2025,Spring,Weekday,Residential & Inner-Suburban Feeder,4018,3891,-127,2472,2025-04-01
2025-04-25,2025,Spring,Weekday,Commercial & Employment Core,13034,13092,58,5575,2025-04-01
2025-04-25,2025,Spring,Weekday,Commuter-Heavy Transit Hub,1160,1332,172,476,2025-04-01
2025-04-25,2025,Spring,Weekday,Leisure & Waterfront,1329,1434,105,1113,2025-04-01
2025-04-25,2025,Spring,Weekday,Residential & Inner-Suburban Feeder,3410,3091,-319,2379,2025-04-01
2025-04-26,2025,Spring,Weekend,Commercial & Employment Core,10142,10168,26,5219,2025-04-01
2025-04-26,2025,Spring,Weekend,Commuter-Heavy Transit Hub,495,502,7,376,2025-04-01
2025-04-26,2025,Spring,Weekend,Leisure & Waterfront,1378,1442,64,1090,2025-04-01
2025-04-26,2025,Spring,Weekend,Residential & Inner-Suburban Feeder,2506,2430,-76,2022,2025-04-01
2025-04-27,2025,Spring,Weekend,Commercial & Employment Core,12339,12342,3,5457,2025-04-01
2025-04-27,2025,Spring,Weekend,Commuter-Heavy Transit Hub,520,507,-13,374,2025-04-01
2025-04-27,2025,Spring,Weekend,Leisure & Waterfront,3828,3805,-23,1537,2025-04-01
2025-04-27,2025,Spring,Weekend,Residential & Inner-Suburban Feeder,3284,3334,50,2301,2025-04-01
2025-04-28,2025,Spring,Weekday,Commercial & Employment Core,14121,13839,-282,5478,2025-04-01
2025-04-28,2025,Spring,Weekday,Commuter-Heavy Transit Hub,1400,1532,132,460,2025-04-01
2025-04-28,2025,Spring,Weekday,Leisure & Waterfront,2017,2148,131,1324,2025-04-01
2025-04-28,2025,Spring,Weekday,Residential & Inner-Suburban Feeder,3661,3692,31,2382,2025-04-01
2025-04-29,2025,Spring,Weekday,Commercial & Employment Core,13743,13599,-144,5551,2025-04-01
2025-04-29,2025,Spring,Weekday,Commuter-Heavy Transit Hub,1408,1703,295,456,2025-04-01
2025-04-29,2025,Spring,Weekday,Leisure & Waterfront,1552,1624,72,1128,2025-04-01
2025-04-29,2025,Spring,Weekday,Residential & Inner-Suburban Feeder,3563,3349,-214,2372,2025-04-01
2025-04-30,2025,Spring,Weekday,Commercial & Employment Core,13652,13421,-231,5380,2025-04-01
2025-04-30,2025,Spring,Weekday,Commuter-Heavy Transit Hub,1467,1627,160,478,2025-04-01
2025-04-30,2025,Spring,Weekday,Leisure & Waterfront,1650,1764,114,1114,2025-04-01
2025-04-30,2025,Spring,Weekday,Residential & Inner-Suburban Feeder,3477,3416,-61,2299,2025-04-01
2025-05-01,2025,Spring,Weekday,Commercial & Employment Core,7702,7583,-119,4819,2025-05-01
2025-05-01,2025,Spring,Weekday,Commuter-Heavy Transit Hub,630,1253,623,419,2025-05-01
2025-05-01,2025,Spring,Weekday,Leisure & Waterfront,675,748,73,694,2025-05-01
2025-05-01,2025,Spring,Weekday,Residential & Inner-Suburban Feeder,2116,1559,-557,1696,2025-05-01
2025-05-02,2025,Spring,Weekday,Commercial & Employment Core,14350,14333,-17,5507,2025-05-01
2025-05-02,2025,Spring,Weekday,Commuter-Heavy Transit Hub,1149,1238,89,443,2025-05-01
2025-05-02,2025,Spring,Weekday,Leisure & Waterfront,2268,2366,98,1283,2025-05-01
2025-05-02,2025,Spring,Weekday,Residential & Inner-Suburban Feeder,3811,3594,-217,2432,2025-05-01
2025-05-03,2025,Spring,Weekend,Commercial & Employment Core,11246,11322,76,5410,2025-05-01
2025-05-03,2025,Spring,Weekend,Commuter-Heavy Transit Hub,451,439,-12,359,2025-05-01
2025-05-03,2025,Spring,Weekend,Leisure & Waterfront,1935,1949,14,1144,2025-05-01
2025-05-03,2025,Spring,Weekend,Residential & Inner-Suburban Feeder,2782,2692,-90,2181,2025-05-01
2025-05-04,2025,Spring,Weekend,Commercial & Employment Core,11205,11092,-113,5448,2025-05-01
2025-05-04,2025,Spring,Weekend,Commuter-Heavy Transit Hub,434,413,-21,353,2025-05-01
2025-05-04,2025,Spring,Weekend,Leisure & Waterfront,2639,2617,-22,1248,2025-05-01
2025-05-04,2025,Spring,Weekend,Residential & Inner-Suburban Feeder,2918,3104,186,2261,2025-05-01
2025-05-05,2025,Spring,Weekday,Commercial & Employment Core,11980,11823,-157,5199,2025-05-01
2025-05-05,2025,Spring,Weekday,Commuter-Heavy Transit Hub,1270,1481,211,450,2025-05-01
2025-05-05,2025,Spring,Weekday,Leisure & Waterfront,1359,1394,35,1057,2025-05-01
2025-05-05,2025,Spring,Weekday,Residential & Inner-Suburban Feeder,3067,3009,-58,2188,2025-05-01
2025-05-06,2025,Spring,Weekday,Commercial & Employment Core,15418,15185,-233,5468,2025-05-01
2025-05-06,2025,Spring,Weekday,Commuter-Heavy Transit Hub,1566,1617,51,428,2025-05-01
2025-05-06,2025,Spring,Weekday,Leisure & Waterfront,2344,2445,101,1289,2025-05-01
2025-05-06,2025,Spring,Weekday,Residential & Inner-Suburban Feeder,4010,4059,49,2409,2025-05-01
2025-05-07,2025,Spring,Weekday,Commercial & Employment Core,16852,16708,-144,5681,2025-05-01
2025-05-07,2025,Spring,Weekday,Commuter-Heavy Transit Hub,1735,1928,193,476,2025-05-01
2025-05-07,2025,Spring,Weekday,Leisure & Waterfront,2771,2916,145,1367,2025-05-01
2025-05-07,2025,Spring,Weekday,Residential & Inner-Suburban Feeder,4673,4486,-187,2601,2025-05-01
2025-05-08,2025,Spring,Weekday,Commercial & Employment Core,14383,14189,-194,5462,2025-05-01
2025-05-08,2025,Spring,Weekday,Commuter-Heavy Transit Hub,1453,1713,260,448,2025-05-01
2025-05-08,2025,Spring,Weekday,Leisure & Waterfront,1839,2029,190,1208,2025-05-01
2025-05-08,2025,Spring,Weekday,Residential & Inner-Suburban Feeder,3947,3678,-269,2469,2025-05-01
2025-05-09,2025,Spring,Weekday,Commercial & Employment Core,15316,15234,-82,5708,2025-05-01
2025-05-09,2025,Spring,Weekday,Commuter-Heavy Transit Hub,1182,1374,192,465,2025-05-01
2025-05-09,2025,Spring,Weekday,Leisure & Waterfront,2327,2388,61,1379,2025-05-01
2025-05-09,2025,Spring,Weekday,Residential & Inner-Suburban Feeder,4395,4187,-208,2665,2025-05-01
2025-05-10,2025,Spring,Weekend,Commercial & Employment Core,15141,15265,124,5765,2025-05-01
2025-05-10,2025,Spring,Weekend,Commuter-Heavy Transit Hub,574,519,-55,386,2025-05-01
2025-05-10,2025,Spring,Weekend,Leisure & Waterfront,4095,4150,55,1637,2025-05-01
2025-05-10,2025,Spring,Weekend,Residential & Inner-Suburban Feeder,4268,4147,-121,2576,2025-05-01
2025-05-11,2025,Spring,Weekend,Commercial & Employment Core,13013,13033,20,5596,2025-05-01
2025-05-11,2025,Spring,Weekend,Commuter-Heavy Transit Hub,504,505,1,372,2025-05-01
2025-05-11,2025,Spring,Weekend,Leisure & Waterfront,3351,3419,68,1535,2025-05-01
2025-05-11,2025,Spring,Weekend,Residential & Inner-Suburban Feeder,3557,3526,-31,2471,2025-05-01
2025-05-12,2025,Spring,Weekday,Commercial & Employment Core,15758,15457,-301,5590,2025-05-01
2025-05-12,2025,Spring,Weekday,Commuter-Heavy Transit Hub,1598,1726,128,448,2025-05-01
2025-05-12,2025,Spring,Weekday,Leisure & Waterfront,2422,2503,81,1368,2025-05-01
2025-05-12,2025,Spring,Weekday,Residential & Inner-Suburban Feeder,4211,4288,77,2641,2025-05-01
2025-05-13,2025,Spring,Weekday,Commercial & Employment Core,14181,13947,-234,5659,2025-05-01
2025-05-13,2025,Spring,Weekday,Commuter-Heavy Transit Hub,1534,2024,490,468,2025-05-01
2025-05-13,2025,Spring,Weekday,Leisure & Waterfront,1612,1666,54,1229,2025-05-01
2025-05-13,2025,Spring,Weekday,Residential & Inner-Suburban Feeder,3785,3477,-308,2512,2025-05-01
2025-05-14,2025,Spring,Weekday,Commercial & Employment Core,17195,16734,-461,5654,2025-05-01
2025-05-14,2025,Spring,Weekday,Commuter-Heavy Transit Hub,1700,1958,258,468,2025-05-01
2025-05-14,2025,Spring,Weekday,Leisure & Waterfront,2088,2306,218,1294,2025-05-01
2025-05-14,2025,Spring,Weekday,Residential & Inner-Suburban Feeder,4498,4471,-27,2645,2025-05-01
2025-05-15,2025,Spring,Weekday,Commercial & Employment Core,17854,17714,-140,5810,2025-05-01
2025-05-15,2025,Spring,Weekday,Commuter-Heavy Transit Hub,1701,1964,263,464,2025-05-01
2025-05-15,2025,Spring,Weekday,Leisure & Waterfront,2596,2731,135,1472,2025-05-01
2025-05-15,2025,Spring,Weekday,Residential & Inner-Suburban Feeder,4915,4643,-272,2711,2025-05-01
2025-05-16,2025,Spring,Weekday,Commercial & Employment Core,16990,16994,4,5752,2025-05-01
2025-05-16,2025,Spring,Weekday,Commuter-Heavy Transit Hub,1089,1152,63,458,2025-05-01
2025-05-16,2025,Spring,Weekday,Leisure & Waterfront,3199,3379,180,1534,2025-05-01
2025-05-16,2025,Spring,Weekday,Residential & Inner-Suburban Feeder,4743,4395,-348,2683,2025-05-01
2025-05-17,2025,Spring,Weekend,Commercial & Employment Core,12261,12411,150,5727,2025-05-01
2025-05-17,2025,Spring,Weekend,Commuter-Heavy Transit Hub,450,437,-13,363,2025-05-01
2025-05-17,2025,Spring,Weekend,Leisure & Waterfront,2226,2308,82,1419,2025-05-01
2025-05-17,2025,Spring,Weekend,Residential & Inner-Suburban Feeder,3282,3145,-137,2466,2025-05-01
2025-05-18,2025,Spring,Weekend,Commercial & Employment Core,13037,13221,184,5641,2025-05-01
2025-05-18,2025,Spring,Weekend,Commuter-Heavy Transit Hub,504,508,4,379,2025-05-01
2025-05-18,2025,Spring,Weekend,Leisure & Waterfront,3340,3291,-49,1480,2025-05-01
2025-05-18,2025,Spring,Weekend,Residential & Inner-Suburban Feeder,3323,3203,-120,2393,2025-05-01
2025-05-19,2025,Spring,Weekday,Commercial & Employment Core,11018,11061,43,5304,2025-05-01
2025-05-19,2025,Spring,Weekday,Commuter-Heavy Transit Hub,499,425,-74,353,2025-05-01
2025-05-19,2025,Spring,Weekday,Leisure & Waterfront,4334,4487,153,1512,2025-05-01
2025-05-19,2025,Spring,Weekday,Residential & Inner-Suburban Feeder,3295,3218,-77,2340,2025-05-01
2025-05-20,2025,Spring,Weekday,Commercial & Employment Core,15937,15578,-359,5590,2025-05-01
2025-05-20,2025,Spring,Weekday,Commuter-Heavy Transit Hub,1592,1778,186,443,2025-05-01
2025-05-20,2025,Spring,Weekday,Leisure & Waterfront,2056,2239,183,1345,2025-05-01
2025-05-20,2025,Spring,Weekday,Residential & Inner-Suburban Feeder,4215,4199,-16,2556,2025-05-01
2025-05-21,2025,Spring,Weekday,Commercial & Employment Core,7106,7000,-106,4462,2025-05-01
2025-05-21,2025,Spring,Weekday,Commuter-Heavy Transit Hub,594,1401,807,381,2025-05-01
2025-05-21,2025,Spring,Weekday,Leisure & Waterfront,608,728,120,647,2025-05-01
2025-05-21,2025,Spring,Weekday,Residential & Inner-Suburban Feeder,2274,1479,-795,1694,2025-05-01
2025-05-22,2025,Spring,Weekday,Commercial & Employment Core,4799,4756,-43,3801,2025-05-01
2025-05-22,2025,Spring,Weekday,Commuter-Heavy Transit Hub,501,460,-41,356,2025-05-01
2025-05-22,2025,Spring,Weekday,Leisure & Waterfront,428,456,28,481,2025-05-01
2025-05-22,2025,Spring,Weekday,Residential & Inner-Suburban Feeder,1161,1195,34,1339,2025-05-01
2025-05-23,2025,Spring,Weekday,Commercial & Employment Core,12015,12030,15,5365,2025-05-01
2025-05-23,2025,Spring,Weekday,Commuter-Heavy Transit Hub,1028,1071,43,468,2025-05-01
2025-05-23,2025,Spring,Weekday,Leisure & Waterfront,1230,1347,117,1006,2025-05-01
2025-05-23,2025,Spring,Weekday,Residential & Inner-Suburban Feeder,2993,2768,-225,2263,2025-05-01
2025-05-24,2025,Spring,Weekend,Commercial & Employment Core,14144,14152,8,5746,2025-05-01
2025-05-24,2025,Spring,Weekend,Commuter-Heavy Transit Hub,649,686,37,414,2025-05-01
2025-05-24,2025,Spring,Weekend,Leisure & Waterfront,2854,2884,30,1439,2025-05-01
2025-05-24,2025,Spring,Weekend,Residential & Inner-Suburban Feeder,3665,3545,-120,2552,2025-05-01
2025-05-25,2025,Spring,Weekend,Commercial & Employment Core,9929,9858,-71,5414,2025-05-01
2025-05-25,2025,Spring,Weekend,Commuter-Heavy Transit Hub,455,510,55,378,2025-05-01
2025-05-25,2025,Spring,Weekend,Leisure & Waterfront,1812,1917,105,1288,2025-05-01
2025-05-25,2025,Spring,Weekend,Residential & Inner-Suburban Feeder,2587,2571,-16,2257,2025-05-01
2025-05-26,2025,Spring,Weekday,Commercial & Employment Core,17567,17263,-304,5776,2025-05-01
2025-05-26,2025,Spring,Weekday,Commuter-Heavy Transit Hub,1642,1802,160,492,2025-05-01
2025-05-26,2025,Spring,Weekday,Leisure & Waterfront,3253,3311,58,1591,2025-05-01
2025-05-26,2025,Spring,Weekday,Residential & Inner-Suburban Feeder,4748,4779,31,2822,2025-05-01
2025-05-27,2025,Spring,Weekday,Commercial & Employment Core,18693,18405,-288,5902,2025-05-01
2025-05-27,2025,Spring,Weekday,Commuter-Heavy Transit Hub,1787,2065,278,452,2025-05-01
2025-05-27,2025,Spring,Weekday,Leisure & Waterfront,2757,2889,132,1592,2025-05-01
2025-05-27,2025,Spring,Weekday,Residential & Inner-Suburban Feeder,4989,4921,-68,2784,2025-05-01
2025-05-28,2025,Spring,Weekday,Commercial & Employment Core,13829,13653,-176,5617,2025-05-01
2025-05-28,2025,Spring,Weekday,Commuter-Heavy Transit Hub,1269,1964,695,446,2025-05-01
2025-05-28,2025,Spring,Weekday,Leisure & Waterfront,1549,1731,182,1132,2025-05-01
2025-05-28,2025,Spring,Weekday,Residential & Inner-Suburban Feeder,3916,3241,-675,2457,2025-05-01
2025-05-29,2025,Spring,Weekday,Commercial & Employment Core,16624,16211,-413,5584,2025-05-01
2025-05-29,2025,Spring,Weekday,Commuter-Heavy Transit Hub,1599,1853,254,464,2025-05-01
2025-05-29,2025,Spring,Weekday,Leisure & Waterfront,1965,2056,91,1261,2025-05-01
2025-05-29,2025,Spring,Weekday,Residential & Inner-Suburban Feeder,4215,4206,-9,2559,2025-05-01
2025-05-30,2025,Spring,Weekday,Commercial & Employment Core,18578,18521,-57,6011,2025-05-01
2025-05-30,2025,Spring,Weekday,Commuter-Heavy Transit Hub,1541,1766,225,494,2025-05-01
2025-05-30,2025,Spring,Weekday,Leisure & Waterfront,3133,3233,100,1625,2025-05-01
2025-05-30,2025,Spring,Weekday,Residential & Inner-Suburban Feeder,5246,4922,-324,2892,2025-05-01
2025-05-31,2025,Spring,Weekend,Commercial & Employment Core,13621,13630,9,5796,2025-05-01
2025-05-31,2025,Spring,Weekend,Commuter-Heavy Transit Hub,599,704,105,415,2025-05-01
2025-05-31,2025,Spring,Weekend,Leisure & Waterfront,2427,2498,71,1440,2025-05-01
2025-05-31,2025,Spring,Weekend,Residential & Inner-Suburban Feeder,3716,3575,-141,2586,2025-05-01
2025-06-01,2025,Summer,Weekend,Commercial & Employment Core,13422,13493,71,5646,2025-06-01
2025-06-01,2025,Summer,Weekend,Commuter-Heavy Transit Hub,577,516,-61,396,2025-06-01
2025-06-01,2025,Summer,Weekend,Leisure & Waterfront,3208,3246,38,1578,2025-06-01
2025-06-01,2025,Summer,Weekend,Residential & Inner-Suburban Feeder,3613,3645,32,2535,2025-06-01
2025-06-02,2025,Summer,Weekday,Commercial & Employment Core,17470,17042,-428,5752,2025-06-01
2025-06-02,2025,Summer,Weekday,Commuter-Heavy Transit Hub,1604,1845,241,440,2025-06-01
2025-06-02,2025,Summer,Weekday,Leisure & Waterfront,2989,3059,70,1517,2025-06-01
2025-06-02,2025,Summer,Weekday,Residential & Inner-Suburban Feeder,4384,4486,102,2596,2025-06-01
2025-06-03,2025,Summer,Weekday,Commercial & Employment Core,19578,19184,-394,5874,2025-06-01
2025-06-03,2025,Summer,Weekday,Commuter-Heavy Transit Hub,1829,2250,421,462,2025-06-01
2025-06-03,2025,Summer,Weekday,Leisure & Waterfront,3564,3785,221,1682,2025-06-01
2025-06-03,2025,Summer,Weekday,Residential & Inner-Suburban Feeder,5541,5263,-278,2810,2025-06-01
2025-06-04,2025,Summer,Weekday,Commercial & Employment Core,20113,19719,-394,5906,2025-06-01
2025-06-04,2025,Summer,Weekday,Commuter-Heavy Transit Hub,1886,2271,385,463,2025-06-01
2025-06-04,2025,Summer,Weekday,Leisure & Waterfront,3447,3653,206,1552,2025-06-01
2025-06-04,2025,Summer,Weekday,Residential & Inner-Suburban Feeder,5387,5213,-174,2734,2025-06-01
2025-06-05,2025,Summer,Weekday,Commercial & Employment Core,17622,17387,-235,5758,2025-06-01
2025-06-05,2025,Summer,Weekday,Commuter-Heavy Transit Hub,1567,1822,255,438,2025-06-01
2025-06-05,2025,Summer,Weekday,Leisure & Waterfront,2492,2630,138,1337,2025-06-01
2025-06-05,2025,Summer,Weekday,Residential & Inner-Suburban Feeder,4669,4432,-237,2611,2025-06-01
2025-06-06,2025,Summer,Weekday,Commercial & Employment Core,19042,18949,-93,6089,2025-06-01
2025-06-06,2025,Summer,Weekday,Commuter-Heavy Transit Hub,1405,1639,234,452,2025-06-01
2025-06-06,2025,Summer,Weekday,Leisure & Waterfront,3062,3164,102,1576,2025-06-01
2025-06-06,2025,Summer,Weekday,Residential & Inner-Suburban Feeder,5190,4837,-353,2811,2025-06-01
2025-06-07,2025,Summer,Weekend,Commercial & Employment Core,20319,20594,275,6326,2025-06-01
2025-06-07,2025,Summer,Weekend,Commuter-Heavy Transit Hub,682,660,-22,374,2025-06-01
2025-06-07,2025,Summer,Weekend,Leisure & Waterfront,5448,5540,92,1867,2025-06-01
2025-06-07,2025,Summer,Weekend,Residential & Inner-Suburban Feeder,6048,5682,-366,2905,2025-06-01
2025-06-08,2025,Summer,Weekend,Commercial & Employment Core,16123,16257,134,6063,2025-06-01
2025-06-08,2025,Summer,Weekend,Commuter-Heavy Transit Hub,596,557,-39,400,2025-06-01
2025-06-08,2025,Summer,Weekend,Leisure & Waterfront,3852,3939,87,1721,2025-06-01
2025-06-08,2025,Summer,Weekend,Residential & Inner-Suburban Feeder,4433,4442,9,2747,2025-06-01
2025-06-09,2025,Summer,Weekday,Commercial & Employment Core,16378,15971,-407,5758,2025-06-01
2025-06-09,2025,Summer,Weekday,Commuter-Heavy Transit Hub,1491,1732,241,462,2025-06-01
2025-06-09,2025,Summer,Weekday,Leisure & Waterfront,2355,2532,177,1456,2025-06-01
2025-06-09,2025,Summer,Weekday,Residential & Inner-Suburban Feeder,4300,4300,0,2623,2025-06-01
2025-06-10,2025,Summer,Weekday,Commercial & Employment Core,20643,20150,-493,6013,2025-06-01
2025-06-10,2025,Summer,Weekday,Commuter-Heavy Transit Hub,1855,2260,405,457,2025-06-01
2025-06-10,2025,Summer,Weekday,Leisure & Waterfront,3342,3524,182,1692,2025-06-01
2025-06-10,2025,Summer,Weekday,Residential & Inner-Suburban Feeder,5506,5370,-136,2891,2025-06-01
2025-06-11,2025,Summer,Weekday,Commercial & Employment Core,21743,21274,-469,6182,2025-06-01
2025-06-11,2025,Summer,Weekday,Commuter-Heavy Transit Hub,1884,2261,377,462,2025-06-01
2025-06-11,2025,Summer,Weekday,Leisure & Waterfront,4030,4276,246,1821,2025-06-01
2025-06-11,2025,Summer,Weekday,Residential & Inner-Suburban Feeder,5818,5655,-163,2945,2025-06-01
2025-06-12,2025,Summer,Weekday,Commercial & Employment Core,20986,20482,-504,6159,2025-06-01
2025-06-12,2025,Summer,Weekday,Commuter-Heavy Transit Hub,1824,2113,289,463,2025-06-01
2025-06-12,2025,Summer,Weekday,Leisure & Waterfront,3611,3870,259,1725,2025-06-01
2025-06-12,2025,Summer,Weekday,Residential & Inner-Suburban Feeder,5630,5524,-106,2886,2025-06-01
2025-06-13,2025,Summer,Weekday,Commercial & Employment Core,19658,19676,18,6153,2025-06-01
2025-06-13,2025,Summer,Weekday,Commuter-Heavy Transit Hub,1416,1654,238,456,2025-06-01
2025-06-13,2025,Summer,Weekday,Leisure & Waterfront,2795,3019,224,1608,2025-06-01
2025-06-13,2025,Summer,Weekday,Residential & Inner-Suburban Feeder,5422,4916,-506,2962,2025-06-01
2025-06-14,2025,Summer,Weekend,Commercial & Employment Core,23659,23805,146,6485,2025-06-01
2025-06-14,2025,Summer,Weekend,Commuter-Heavy Transit Hub,826,817,-9,425,2025-06-01
2025-06-14,2025,Summer,Weekend,Leisure & Waterfront,7666,7759,93,2303,2025-06-01
2025-06-14,2025,Summer,Weekend,Residential & Inner-Suburban Feeder,6724,6421,-303,3130,2025-06-01
2025-06-15,2025,Summer,Weekend,Commercial & Employment Core,18053,18134,81,6209,2025-06-01
2025-06-15,2025,Summer,Weekend,Commuter-Heavy Transit Hub,618,592,-26,389,2025-06-01
2025-06-15,2025,Summer,Weekend,Leisure & Waterfront,5250,5522,272,2013,2025-06-01
2025-06-15,2025,Summer,Weekend,Residential & Inner-Suburban Feeder,4828,4700,-128,2892,2025-06-01
2025-06-16,2025,Summer,Weekday,Commercial & Employment Core,19307,19038,-269,6054,2025-06-01
2025-06-16,2025,Summer,Weekday,Commuter-Heavy Transit Hub,1690,1913,223,450,2025-06-01
2025-06-16,2025,Summer,Weekday,Leisure & Waterfront,3645,3851,206,1784,2025-06-01
2025-06-16,2025,Summer,Weekday,Residential & Inner-Suburban Feeder,5272,5081,-191,2786,2025-06-01
2025-06-17,2025,Summer,Weekday,Commercial & Employment Core,21825,21379,-446,6201,2025-06-01
2025-06-17,2025,Summer,Weekday,Commuter-Heavy Transit Hub,1905,2334,429,462,2025-06-01
2025-06-17,2025,Summer,Weekday,Leisure & Waterfront,3764,4000,236,1856,2025-06-01
2025-06-17,2025,Summer,Weekday,Residential & Inner-Suburban Feeder,6015,5773,-242,2976,2025-06-01
2025-06-18,2025,Summer,Weekday,Commercial & Employment Core,17141,16946,-195,6012,2025-06-01
2025-06-18,2025,Summer,Weekday,Commuter-Heavy Transit Hub,1628,2087,459,471,2025-06-01
2025-06-18,2025,Summer,Weekday,Leisure & Waterfront,2235,2373,138,1475,2025-06-01
2025-06-18,2025,Summer,Weekday,Residential & Inner-Suburban Feeder,4636,4240,-396,2702,2025-06-01
2025-06-19,2025,Summer,Weekday,Commercial & Employment Core,19657,19361,-296,6075,2025-06-01
2025-06-19,2025,Summer,Weekday,Commuter-Heavy Transit Hub,1887,2169,282,467,2025-06-01
2025-06-19,2025,Summer,Weekday,Leisure & Waterfront,2704,2916,212,1624,2025-06-01
2025-06-19,2025,Summer,Weekday,Residential & Inner-Suburban Feeder,5279,5109,-170,2926,2025-06-01
2025-06-20,2025,Summer,Weekday,Commercial & Employment Core,21501,21374,-127,6306,2025-06-01
2025-06-20,2025,Summer,Weekday,Commuter-Heavy Transit Hub,1578,1841,263,485,2025-06-01
2025-06-20,2025,Summer,Weekday,Leisure & Waterfront,4467,4660,193,1889,2025-06-01
2025-06-20,2025,Summer,Weekday,Residential & Inner-Suburban Feeder,6108,5634,-474,3086,2025-06-01
2025-06-21,2025,Summer,Weekend,Commercial & Employment Core,19318,19331,13,6361,2025-06-01
2025-06-21,2025,Summer,Weekend,Commuter-Heavy Transit Hub,806,737,-69,422,2025-06-01
2025-06-21,2025,Summer,Weekend,Leisure & Waterfront,5075,5270,195,2003,2025-06-01
2025-06-21,2025,Summer,Weekend,Residential & Inner-Suburban Feeder,5479,5301,-178,3052,2025-06-01
2025-06-22,2025,Summer,Weekend,Commercial & Employment Core,17154,16910,-244,6208,2025-06-01
2025-06-22,2025,Summer,Weekend,Commuter-Heavy Transit Hub,657,558,-99,390,2025-06-01
2025-06-22,2025,Summer,Weekend,Leisure & Waterfront,5596,5925,329,1818,2025-06-01
2025-06-22,2025,Summer,Weekend,Residential & Inner-Suburban Feeder,4490,4687,197,2795,2025-06-01
2025-06-23,2025,Summer,Weekday,Commercial & Employment Core,18301,17953,-348,6103,2025-06-01
2025-06-23,2025,Summer,Weekday,Commuter-Heavy Transit Hub,1695,1899,204,465,2025-06-01
2025-06-23,2025,Summer,Weekday,Leisure & Waterfront,3692,4008,316,1632,2025-06-01
2025-06-23,2025,Summer,Weekday,Residential & Inner-Suburban Feeder,4733,4553,-180,2748,2025-06-01
2025-06-24,2025,Summer,Weekday,Commercial & Employment Core,20396,19943,-453,6157,2025-06-01
2025-06-24,2025,Summer,Weekday,Commuter-Heavy Transit Hub,1795,2120,325,468,2025-06-01
2025-06-24,2025,Summer,Weekday,Leisure & Waterfront,4172,4397,225,1743,2025-06-01
2025-06-24,2025,Summer,Weekday,Residential & Inner-Suburban Feeder,5568,5425,-143,2895,2025-06-01
2025-06-25,2025,Summer,Weekday,Commercial & Employment Core,22366,21897,-469,6200,2025-06-01
2025-06-25,2025,Summer,Weekday,Commuter-Heavy Transit Hub,1933,2318,385,474,2025-06-01
2025-06-25,2025,Summer,Weekday,Leisure & Waterfront,4141,4416,275,1875,2025-06-01
2025-06-25,2025,Summer,Weekday,Residential & Inner-Suburban Feeder,5922,5742,-180,3006,2025-06-01
2025-06-26,2025,Summer,Weekday,Commercial & Employment Core,18755,18486,-269,5914,2025-06-01
2025-06-26,2025,Summer,Weekday,Commuter-Heavy Transit Hub,1745,2079,334,471,2025-06-01
2025-06-26,2025,Summer,Weekday,Leisure & Waterfront,2563,2792,229,1538,2025-06-01
2025-06-26,2025,Summer,Weekday,Residential & Inner-Suburban Feeder,4976,4655,-321,2735,2025-06-01
2025-06-27,2025,Summer,Weekday,Commercial & Employment Core,20676,20832,156,6256,2025-06-01
2025-06-27,2025,Summer,Weekday,Commuter-Heavy Transit Hub,1394,1609,215,491,2025-06-01
2025-06-27,2025,Summer,Weekday,Leisure & Waterfront,3428,3570,142,1796,2025-06-01
2025-06-27,2025,Summer,Weekday,Residential & Inner-Suburban Feeder,5684,5276,-408,3025,2025-06-01
2025-06-28,2025,Summer,Weekend,Commercial & Employment Core,18638,18752,114,6131,2025-06-01
2025-06-28,2025,Summer,Weekend,Commuter-Heavy Transit Hub,594,620,26,409,2025-06-01
2025-06-28,2025,Summer,Weekend,Leisure & Waterfront,6030,6085,55,2041,2025-06-01
2025-06-28,2025,Summer,Weekend,Residential & Inner-Suburban Feeder,5387,5013,-374,2869,2025-06-01
2025-06-29,2025,Summer,Weekend,Commercial & Employment Core,19309,19186,-123,6250,2025-06-01
2025-06-29,2025,Summer,Weekend,Commuter-Heavy Transit Hub,737,616,-121,433,2025-06-01
2025-06-29,2025,Summer,Weekend,Leisure & Waterfront,6539,6733,194,2083,2025-06-01
2025-06-29,2025,Summer,Weekend,Residential & Inner-Suburban Feeder,5003,5136,133,2951,2025-06-01
2025-06-30,2025,Summer,Weekday,Commercial & Employment Core,13765,13714,-51,6003,2025-06-01
2025-06-30,2025,Summer,Weekday,Commuter-Heavy Transit Hub,894,1146,252,458,2025-06-01
2025-06-30,2025,Summer,Weekday,Leisure & Waterfront,2933,3074,141,1556,2025-06-01
2025-06-30,2025,Summer,Weekday,Residential & Inner-Suburban Feeder,3763,3462,-301,2700,2025-06-01
2025-07-01,2025,Summer,Weekday,Commercial & Employment Core,17886,17548,-338,6040,2025-07-01
2025-07-01,2025,Summer,Weekday,Commuter-Heavy Transit Hub,786,697,-89,430,2025-07-01
2025-07-01,2025,Summer,Weekday,Leisure & Waterfront,8364,8774,410,2122,2025-07-01
2025-07-01,2025,Summer,Weekday,Residential & Inner-Suburban Feeder,5474,5299,-175,2938,2025-07-01
2025-07-02,2025,Summer,Weekday,Commercial & Employment Core,22616,22221,-395,6374,2025-07-01
2025-07-02,2025,Summer,Weekday,Commuter-Heavy Transit Hub,1819,2146,327,498,2025-07-01
2025-07-02,2025,Summer,Weekday,Leisure & Waterfront,4351,4614,263,1916,2025-07-01
2025-07-02,2025,Summer,Weekday,Residential & Inner-Suburban Feeder,5792,5815,23,3146,2025-07-01
2025-07-03,2025,Summer,Weekday,Commercial & Employment Core,22781,22540,-241,6252,2025-07-01
2025-07-03,2025,Summer,Weekday,Commuter-Heavy Transit Hub,1989,2366,377,493,2025-07-01
2025-07-03,2025,Summer,Weekday,Leisure & Waterfront,4603,4779,176,1968,2025-07-01
2025-07-03,2025,Summer,Weekday,Residential & Inner-Suburban Feeder,6319,5946,-373,3101,2025-07-01
2025-07-04,2025,Summer,Weekday,Commercial & Employment Core,22274,22233,-41,6338,2025-07-01
2025-07-04,2025,Summer,Weekday,Commuter-Heavy Transit Hub,1568,1776,208,513,2025-07-01
2025-07-04,2025,Summer,Weekday,Leisure & Waterfront,5145,5266,121,2128,2025-07-01
2025-07-04,2025,Summer,Weekday,Residential & Inner-Suburban Feeder,6256,5907,-349,3183,2025-07-01
2025-07-05,2025,Summer,Weekend,Commercial & Employment Core,19838,19738,-100,6435,2025-07-01
2025-07-05,2025,Summer,Weekend,Commuter-Heavy Transit Hub,653,636,-17,436,2025-07-01
2025-07-05,2025,Summer,Weekend,Leisure & Waterfront,7027,7312,285,2194,2025-07-01
2025-07-05,2025,Summer,Weekend,Residential & Inner-Suburban Feeder,6008,5853,-155,3174,2025-07-01
2025-07-06,2025,Summer,Weekend,Commercial & Employment Core,18362,18412,50,6243,2025-07-01
2025-07-06,2025,Summer,Weekend,Commuter-Heavy Transit Hub,699,574,-125,423,2025-07-01
2025-07-06,2025,Summer,Weekend,Leisure & Waterfront,6852,7019,167,2115,2025-07-01
2025-07-06,2025,Summer,Weekend,Residential & Inner-Suburban Feeder,5274,5266,-8,3027,2025-07-01
2025-07-07,2025,Summer,Weekday,Commercial & Employment Core,20760,20239,-521,6272,2025-07-01
2025-07-07,2025,Summer,Weekday,Commuter-Heavy Transit Hub,1871,2093,222,504,2025-07-01
2025-07-07,2025,Summer,Weekday,Leisure & Waterfront,4033,4327,294,1950,2025-07-01
2025-07-07,2025,Summer,Weekday,Residential & Inner-Suburban Feeder,5346,5364,18,2978,2025-07-01
2025-07-08,2025,Summer,Weekday,Commercial & Employment Core,23488,22939,-549,6295,2025-07-01
2025-07-08,2025,Summer,Weekday,Commuter-Heavy Transit Hub,2024,2436,412,493,2025-07-01
2025-07-08,2025,Summer,Weekday,Leisure & Waterfront,4586,4866,280,2111,2025-07-01
2025-07-08,2025,Summer,Weekday,Residential & Inner-Suburban Feeder,6172,5994,-178,3042,2025-07-01
2025-07-09,2025,Summer,Weekday,Commercial & Employment Core,22422,21936,-486,6180,2025-07-01
2025-07-09,2025,Summer,Weekday,Commuter-Heavy Transit Hub,2059,2507,448,484,2025-07-01
2025-07-09,2025,Summer,Weekday,Leisure & Waterfront,3914,4116,202,1907,2025-07-01
2025-07-09,2025,Summer,Weekday,Residential & Inner-Suburban Feeder,5722,5609,-113,2943,2025-07-01
2025-07-10,2025,Summer,Weekday,Commercial & Employment Core,23557,23344,-213,6247,2025-07-01
2025-07-10,2025,Summer,Weekday,Commuter-Heavy Transit Hub,2184,2440,256,503,2025-07-01
2025-07-10,2025,Summer,Weekday,Leisure & Waterfront,4796,4987,191,2050,2025-07-01
2025-07-10,2025,Summer,Weekday,Residential & Inner-Suburban Feeder,6363,6024,-339,3093,2025-07-01
2025-07-11,2025,Summer,Weekday,Commercial & Employment Core,22824,22805,-19,6428,2025-07-01
2025-07-11,2025,Summer,Weekday,Commuter-Heavy Transit Hub,1735,1955,220,516,2025-07-01
2025-07-11,2025,Summer,Weekday,Leisure & Waterfront,5131,5348,217,2061,2025-07-01
2025-07-11,2025,Summer,Weekday,Residential & Inner-Suburban Feeder,6146,5683,-463,3141,2025-07-01
2025-07-12,2025,Summer,Weekend,Commercial & Employment Core,21037,21034,-3,6414,2025-07-01
2025-07-12,2025,Summer,Weekend,Commuter-Heavy Transit Hub,796,728,-68,438,2025-07-01
2025-07-12,2025,Summer,Weekend,Leisure & Waterfront,7764,7984,220,2198,2025-07-01
2025-07-12,2025,Summer,Weekend,Residential & Inner-Suburban Feeder,5888,5688,-200,3117,2025-07-01
2025-07-13,2025,Summer,Weekend,Commercial & Employment Core,18388,18319,-69,6289,2025-07-01
2025-07-13,2025,Summer,Weekend,Commuter-Heavy Transit Hub,715,575,-140,401,2025-07-01
2025-07-13,2025,Summer,Weekend,Leisure & Waterfront,5537,5698,161,1918,2025-07-01
2025-07-13,2025,Summer,Weekend,Residential & Inner-Suburban Feeder,4651,4831,180,2911,2025-07-01
2025-07-14,2025,Summer,Weekday,Commercial & Employment Core,19933,19589,-344,6240,2025-07-01
2025-07-14,2025,Summer,Weekday,Commuter-Heavy Transit Hub,1797,1996,199,503,2025-07-01
2025-07-14,2025,Summer,Weekday,Leisure & Waterfront,3746,3896,150,1802,2025-07-01
2025-07-14,2025,Summer,Weekday,Residential & Inner-Suburban Feeder,5099,5147,48,2984,2025-07-01
2025-07-14,2025,Summer,Weekday,Unassigned,0,1,1,1,2025-07-01
2025-07-15,2025,Summer,Weekday,Commercial & Employment Core,23489,23020,-469,6274,2025-07-01
2025-07-15,2025,Summer,Weekday,Commuter-Heavy Transit Hub,2056,2458,402,495,2025-07-01
2025-07-15,2025,Summer,Weekday,Leisure & Waterfront,4771,4967,196,2007,2025-07-01
2025-07-15,2025,Summer,Weekday,Residential & Inner-Suburban Feeder,6163,6019,-144,3056,2025-07-01
2025-07-15,2025,Summer,Weekday,Unassigned,0,2,2,2,2025-07-01
2025-07-16,2025,Summer,Weekday,Commercial & Employment Core,23409,22917,-492,6374,2025-07-01
2025-07-16,2025,Summer,Weekday,Commuter-Heavy Transit Hub,2027,2512,485,505,2025-07-01
2025-07-16,2025,Summer,Weekday,Leisure & Waterfront,4382,4525,143,1934,2025-07-01
2025-07-16,2025,Summer,Weekday,Residential & Inner-Suburban Feeder,6050,5933,-117,3028,2025-07-01
2025-07-17,2025,Summer,Weekday,Commercial & Employment Core,23146,22817,-329,6267,2025-07-01
2025-07-17,2025,Summer,Weekday,Commuter-Heavy Transit Hub,2065,2463,398,498,2025-07-01
2025-07-17,2025,Summer,Weekday,Leisure & Waterfront,4109,4271,162,1904,2025-07-01
2025-07-17,2025,Summer,Weekday,Residential & Inner-Suburban Feeder,6010,5734,-276,3054,2025-07-01
2025-07-18,2025,Summer,Weekday,Commercial & Employment Core,23703,23608,-95,6450,2025-07-01
2025-07-18,2025,Summer,Weekday,Commuter-Heavy Transit Hub,1655,1786,131,511,2025-07-01
2025-07-18,2025,Summer,Weekday,Leisure & Waterfront,5760,6099,339,2049,2025-07-01
2025-07-18,2025,Summer,Weekday,Residential & Inner-Suburban Feeder,6531,6048,-483,3133,2025-07-01
2025-07-19,2025,Summer,Weekend,Commercial & Employment Core,22423,22455,32,6548,2025-07-01
2025-07-19,2025,Summer,Weekend,Commuter-Heavy Transit Hub,839,752,-87,427,2025-07-01
2025-07-19,2025,Summer,Weekend,Leisure & Waterfront,7447,7679,232,2166,2025-07-01
2025-07-19,2025,Summer,Weekend,Residential & Inner-Suburban Feeder,6307,6159,-148,3190,2025-07-01
2025-07-20,2025,Summer,Weekend,Commercial & Employment Core,19866,20004,138,6204,2025-07-01
2025-07-20,2025,Summer,Weekend,Commuter-Heavy Transit Hub,768,651,-117,416,2025-07-01
2025-07-20,2025,Summer,Weekend,Leisure & Waterfront,6834,6968,134,2017,2025-07-01
2025-07-20,2025,Summer,Weekend,Residential & Inner-Suburban Feeder,5326,5285,-41,2989,2025-07-01
2025-07-21,2025,Summer,Weekday,Commercial & Employment Core,22051,21738,-313,6334,2025-07-01
2025-07-21,2025,Summer,Weekday,Commuter-Heavy Transit Hub,1977,2205,228,491,2025-07-01
2025-07-21,2025,Summer,Weekday,Leisure & Waterfront,5022,5252,230,2003,2025-07-01
2025-07-21,2025,Summer,Weekday,Residential & Inner-Suburban Feeder,5814,5668,-146,2961,2025-07-01
2025-07-22,2025,Summer,Weekday,Commercial & Employment Core,24331,23819,-512,6328,2025-07-01
2025-07-22,2025,Summer,Weekday,Commuter-Heavy Transit Hub,2202,2636,434,489,2025-07-01
2025-07-22,2025,Summer,Weekday,Leisure & Waterfront,5007,5262,255,2074,2025-07-01
2025-07-22,2025,Summer,Weekday,Residential & Inner-Suburban Feeder,6344,6128,-216,3078,2025-07-01
2025-07-23,2025,Summer,Weekday,Commercial & Employment Core,24461,24235,-226,6351,2025-07-01
2025-07-23,2025,Summer,Weekday,Commuter-Heavy Transit Hub,2168,2509,341,485,2025-07-01
2025-07-23,2025,Summer,Weekday,Leisure & Waterfront,5375,5649,274,2110,2025-07-01
2025-07-23,2025,Summer,Weekday,Residential & Inner-Suburban Feeder,6544,6135,-409,3119,2025-07-01
2025-07-24,2025,Summer,Weekday,Commercial & Employment Core,21585,21387,-198,6230,2025-07-01
2025-07-24,2025,Summer,Weekday,Commuter-Heavy Transit Hub,2041,2374,333,459,2025-07-01
2025-07-24,2025,Summer,Weekday,Leisure & Waterfront,4152,4557,405,1758,2025-07-01
2025-07-24,2025,Summer,Weekday,Residential & Inner-Suburban Feeder,5784,5310,-474,2865,2025-07-01
2025-07-25,2025,Summer,Weekday,Commercial & Employment Core,22284,22344,60,6308,2025-07-01
2025-07-25,2025,Summer,Weekday,Commuter-Heavy Transit Hub,1699,1767,68,488,2025-07-01
2025-07-25,2025,Summer,Weekday,Leisure & Waterfront,4507,4688,181,1913,2025-07-01
2025-07-25,2025,Summer,Weekday,Residential & Inner-Suburban Feeder,5839,5419,-420,3056,2025-07-01
2025-07-26,2025,Summer,Weekend,Commercial & Employment Core,19690,19762,72,6319,2025-07-01
2025-07-26,2025,Summer,Weekend,Commuter-Heavy Transit Hub,709,688,-21,396,2025-07-01
2025-07-26,2025,Summer,Weekend,Leisure & Waterfront,5537,5674,137,1961,2025-07-01
2025-07-26,2025,Summer,Weekend,Residential & Inner-Suburban Feeder,5145,4953,-192,2916,2025-07-01
2025-07-27,2025,Summer,Weekend,Commercial & Employment Core,20159,20077,-82,6558,2025-07-01
2025-07-27,2025,Summer,Weekend,Commuter-Heavy Transit Hub,747,654,-93,409,2025-07-01
2025-07-27,2025,Summer,Weekend,Leisure & Waterfront,6820,7098,278,2102,2025-07-01
2025-07-27,2025,Summer,Weekend,Residential & Inner-Suburban Feeder,5452,5373,-79,3068,2025-07-01
2025-07-28,2025,Summer,Weekday,Commercial & Employment Core,21229,20889,-340,6330,2025-07-01
2025-07-28,2025,Summer,Weekday,Commuter-Heavy Transit Hub,1952,2111,159,502,2025-07-01
2025-07-28,2025,Summer,Weekday,Leisure & Waterfront,4441,4657,216,1899,2025-07-01
2025-07-28,2025,Summer,Weekday,Residential & Inner-Suburban Feeder,5271,5288,17,3000,2025-07-01
2025-07-29,2025,Summer,Weekday,Commercial & Employment Core,24018,23626,-392,6358,2025-07-01
2025-07-29,2025,Summer,Weekday,Commuter-Heavy Transit Hub,2115,2505,390,481,2025-07-01
2025-07-29,2025,Summer,Weekday,Leisure & Waterfront,4919,5161,242,1924,2025-07-01
2025-07-29,2025,Summer,Weekday,Residential & Inner-Suburban Feeder,6323,6045,-278,3015,2025-07-01
2025-07-30,2025,Summer,Weekday,Commercial & Employment Core,24205,23937,-268,6374,2025-07-01
2025-07-30,2025,Summer,Weekday,Commuter-Heavy Transit Hub,2104,2425,321,475,2025-07-01
2025-07-30,2025,Summer,Weekday,Leisure & Waterfront,4512,4848,336,1939,2025-07-01
2025-07-30,2025,Summer,Weekday,Residential & Inner-Suburban Feeder,6280,5918,-362,3024,2025-07-01
2025-07-31,2025,Summer,Weekday,Commercial & Employment Core,23481,23266,-215,6298,2025-07-01
2025-07-31,2025,Summer,Weekday,Commuter-Heavy Transit Hub,2123,2400,277,477,2025-07-01
2025-07-31,2025,Summer,Weekday,Leisure & Waterfront,4373,4602,229,1920,2025-07-01
2025-07-31,2025,Summer,Weekday,Residential & Inner-Suburban Feeder,6132,5829,-303,3049,2025-07-01
2025-08-01,2025,Summer,Weekday,Commercial & Employment Core,22542,22528,-14,6627,2025-08-01
2025-08-01,2025,Summer,Weekday,Commuter-Heavy Transit Hub,1422,1664,242,523,2025-08-01
2025-08-01,2025,Summer,Weekday,Leisure & Waterfront,5307,5538,231,2102,2025-08-01
2025-08-01,2025,Summer,Weekday,Residential & Inner-Suburban Feeder,6020,5524,-496,3135,2025-08-01
2025-08-02,2025,Summer,Weekend,Commercial & Employment Core,21069,21207,138,6516,2025-08-01
2025-08-02,2025,Summer,Weekend,Commuter-Heavy Transit Hub,838,778,-60,467,2025-08-01
2025-08-02,2025,Summer,Weekend,Leisure & Waterfront,7485,7522,37,2180,2025-08-01
2025-08-02,2025,Summer,Weekend,Residential & Inner-Suburban Feeder,5771,5611,-160,3013,2025-08-01
2025-08-03,2025,Summer,Weekend,Commercial & Employment Core,19583,19519,-64,6502,2025-08-01
2025-08-03,2025,Summer,Weekend,Commuter-Heavy Transit Hub,739,699,-40,463,2025-08-01
2025-08-03,2025,Summer,Weekend,Leisure & Waterfront,6478,6860,382,2090,2025-08-01
2025-08-03,2025,Summer,Weekend,Residential & Inner-Suburban Feeder,5079,4854,-225,2928,2025-08-01
2025-08-04,2025,Summer,Weekday,Commercial & Employment Core,16998,17127,129,6280,2025-08-01
2025-08-04,2025,Summer,Weekday,Commuter-Heavy Transit Hub,828,689,-139,454,2025-08-01
2025-08-04,2025,Summer,Weekday,Leisure & Waterfront,6388,6516,128,2077,2025-08-01
2025-08-04,2025,Summer,Weekday,Residential & Inner-Suburban Feeder,4692,4685,-7,2843,2025-08-01
2025-08-05,2025,Summer,Weekday,Commercial & Employment Core,23490,23075,-415,6380,2025-08-01
2025-08-05,2025,Summer,Weekday,Commuter-Heavy Transit Hub,2052,2370,318,505,2025-08-01
2025-08-05,2025,Summer,Weekday,Leisure & Waterfront,4294,4525,231,1996,2025-08-01
2025-08-05,2025,Summer,Weekday,Residential & Inner-Suburban Feeder,5741,5580,-161,2990,2025-08-01
2025-08-06,2025,Summer,Weekday,Commercial & Employment Core,24746,24281,-465,6372,2025-08-01
2025-08-06,2025,Summer,Weekday,Commuter-Heavy Transit Hub,2278,2691,413,511,2025-08-01
2025-08-06,2025,Summer,Weekday,Leisure & Waterfront,4323,4651,328,1965,2025-08-01
2025-08-06,2025,Summer,Weekday,Residential & Inner-Suburban Feeder,6191,5899,-292,3007,2025-08-01
2025-08-07,2025,Summer,Weekday,Commercial & Employment Core,24601,24380,-221,6418,2025-08-01
2025-08-07,2025,Summer,Weekday,Commuter-Heavy Transit Hub,2263,2568,305,502,2025-08-01
2025-08-07,2025,Summer,Weekday,Leisure & Waterfront,5007,5222,215,2022,2025-08-01
2025-08-07,2025,Summer,Weekday,Residential & Inner-Suburban Feeder,6542,6160,-382,3102,2025-08-01
2025-08-08,2025,Summer,Weekday,Commercial & Employment Core,23184,23319,135,6526,2025-08-01
2025-08-08,2025,Summer,Weekday,Commuter-Heavy Transit Hub,1736,1884,148,498,2025-08-01
2025-08-08,2025,Summer,Weekday,Leisure & Waterfront,4760,4993,233,2088,2025-08-01
2025-08-08,2025,Summer,Weekday,Residential & Inner-Suburban Feeder,6353,5791,-562,3188,2025-08-01
2025-08-09,2025,Summer,Weekend,Commercial & Employment Core,21520,21597,77,6484,2025-08-01
2025-08-09,2025,Summer,Weekend,Commuter-Heavy Transit Hub,749,701,-48,435,2025-08-01
2025-08-09,2025,Summer,Weekend,Leisure & Waterfront,6820,7037,217,2221,2025-08-01
2025-08-09,2025,Summer,Weekend,Residential & Inner-Suburban Feeder,6070,5839,-231,3162,2025-08-01
2025-08-10,2025,Summer,Weekend,Commercial & Employment Core,20102,20119,17,6416,2025-08-01
2025-08-10,2025,Summer,Weekend,Commuter-Heavy Transit Hub,700,626,-74,435,2025-08-01
2025-08-10,2025,Summer,Weekend,Leisure & Waterfront,6791,7000,209,2080,2025-08-01
2025-08-10,2025,Summer,Weekend,Residential & Inner-Suburban Feeder,5273,5227,-46,2984,2025-08-01
2025-08-11,2025,Summer,Weekday,Commercial & Employment Core,21416,21018,-398,6246,2025-08-01
2025-08-11,2025,Summer,Weekday,Commuter-Heavy Transit Hub,2019,2180,161,497,2025-08-01
2025-08-11,2025,Summer,Weekday,Leisure & Waterfront,4315,4647,332,1941,2025-08-01
2025-08-11,2025,Summer,Weekday,Residential & Inner-Suburban Feeder,5502,5434,-68,2983,2025-08-01
2025-08-12,2025,Summer,Weekday,Commercial & Employment Core,21106,20736,-370,6206,2025-08-01
2025-08-12,2025,Summer,Weekday,Commuter-Heavy Transit Hub,1979,2389,410,492,2025-08-01
2025-08-12,2025,Summer,Weekday,Leisure & Waterfront,3395,3645,250,1826,2025-08-01
2025-08-12,2025,Summer,Weekday,Residential & Inner-Suburban Feeder,5437,5161,-276,2975,2025-08-01
2025-08-13,2025,Summer,Weekday,Commercial & Employment Core,23501,23053,-448,6197,2025-08-01
2025-08-13,2025,Summer,Weekday,Commuter-Heavy Transit Hub,2182,2581,399,488,2025-08-01
2025-08-13,2025,Summer,Weekday,Leisure & Waterfront,4209,4465,256,1935,2025-08-01
2025-08-13,2025,Summer,Weekday,Residential & Inner-Suburban Feeder,5955,5721,-234,2984,2025-08-01
2025-08-14,2025,Summer,Weekday,Commercial & Employment Core,24980,24819,-161,6361,2025-08-01
2025-08-14,2025,Summer,Weekday,Commuter-Heavy Transit Hub,2266,2615,349,520,2025-08-01
2025-08-14,2025,Summer,Weekday,Leisure & Waterfront,4613,4854,241,1980,2025-08-01
2025-08-14,2025,Summer,Weekday,Residential & Inner-Suburban Feeder,6713,6236,-477,3109,2025-08-01
2025-08-15,2025,Summer,Weekday,Commercial & Employment Core,23450,23504,54,6453,2025-08-01
2025-08-15,2025,Summer,Weekday,Commuter-Heavy Transit Hub,1741,1893,152,516,2025-08-01
2025-08-15,2025,Summer,Weekday,Leisure & Waterfront,5319,5564,245,2045,2025-08-01
2025-08-15,2025,Summer,Weekday,Residential & Inner-Suburban Feeder,6445,5917,-528,3166,2025-08-01
2025-08-16,2025,Summer,Weekend,Commercial & Employment Core,22101,22023,-78,6504,2025-08-01
2025-08-16,2025,Summer,Weekend,Commuter-Heavy Transit Hub,826,825,-1,462,2025-08-01
2025-08-16,2025,Summer,Weekend,Leisure & Waterfront,7023,7364,341,2203,2025-08-01
2025-08-16,2025,Summer,Weekend,Residential & Inner-Suburban Feeder,6311,6024,-287,3125,2025-08-01
2025-08-17,2025,Summer,Weekend,Commercial & Employment Core,19358,19585,227,6186,2025-08-01
2025-08-17,2025,Summer,Weekend,Commuter-Heavy Transit Hub,695,618,-77,395,2025-08-01
2025-08-17,2025,Summer,Weekend,Leisure & Waterfront,5585,5718,133,2026,2025-08-01
2025-08-17,2025,Summer,Weekend,Residential & Inner-Suburban Feeder,5167,5020,-147,2837,2025-08-01
2025-08-18,2025,Summer,Weekday,Commercial & Employment Core,21958,21595,-363,6284,2025-08-01
2025-08-18,2025,Summer,Weekday,Commuter-Heavy Transit Hub,1896,2189,293,502,2025-08-01
2025-08-18,2025,Summer,Weekday,Leisure & Waterfront,4284,4530,246,1930,2025-08-01
2025-08-18,2025,Summer,Weekday,Residential & Inner-Suburban Feeder,5786,5656,-130,3002,2025-08-01
2025-08-19,2025,Summer,Weekday,Commercial & Employment Core,17612,17343,-269,5905,2025-08-01
2025-08-19,2025,Summer,Weekday,Commuter-Heavy Transit Hub,1656,2286,630,483,2025-08-01
2025-08-19,2025,Summer,Weekday,Leisure & Waterfront,2223,2458,235,1515,2025-08-01
2025-08-19,2025,Summer,Weekday,Residential & Inner-Suburban Feeder,4551,4027,-524,2626,2025-08-01
2025-08-20,2025,Summer,Weekday,Commercial & Employment Core,21362,20939,-423,5851,2025-08-01
2025-08-20,2025,Summer,Weekday,Commuter-Heavy Transit Hub,1941,2099,158,478,2025-08-01
2025-08-20,2025,Summer,Weekday,Leisure & Waterfront,3136,3354,218,1710,2025-08-01
2025-08-20,2025,Summer,Weekday,Residential & Inner-Suburban Feeder,5300,5234,-66,2791,2025-08-01
2025-08-21,2025,Summer,Weekday,Commercial & Employment Core,24711,24375,-336,6373,2025-08-01
2025-08-21,2025,Summer,Weekday,Commuter-Heavy Transit Hub,2194,2585,391,516,2025-08-01
2025-08-21,2025,Summer,Weekday,Leisure & Waterfront,4890,5132,242,2077,2025-08-01
2025-08-21,2025,Summer,Weekday,Residential & Inner-Suburban Feeder,6630,6296,-334,3036,2025-08-01
2025-08-22,2025,Summer,Weekday,Commercial & Employment Core,23357,23371,14,6472,2025-08-01
2025-08-22,2025,Summer,Weekday,Commuter-Heavy Transit Hub,1782,1964,182,523,2025-08-01
2025-08-22,2025,Summer,Weekday,Leisure & Waterfront,5436,5603,167,2065,2025-08-01
2025-08-22,2025,Summer,Weekday,Residential & Inner-Suburban Feeder,6365,5914,-451,3114,2025-08-01
2025-08-23,2025,Summer,Weekend,Commercial & Employment Core,21793,21855,62,6498,2025-08-01
2025-08-23,2025,Summer,Weekend,Commuter-Heavy Transit Hub,777,789,12,459,2025-08-01
2025-08-23,2025,Summer,Weekend,Leisure & Waterfront,6474,6710,236,2140,2025-08-01
2025-08-23,2025,Summer,Weekend,Residential & Inner-Suburban Feeder,6024,5761,-263,3110,2025-08-01
2025-08-24,2025,Summer,Weekend,Commercial & Employment Core,20561,20447,-114,6338,2025-08-01
2025-08-24,2025,Summer,Weekend,Commuter-Heavy Transit Hub,740,713,-27,441,2025-08-01
2025-08-24,2025,Summer,Weekend,Leisure & Waterfront,6485,6727,242,2120,2025-08-01
2025-08-24,2025,Summer,Weekend,Residential & Inner-Suburban Feeder,5328,5317,-11,2944,2025-08-01
2025-08-25,2025,Summer,Weekday,Commercial & Employment Core,20676,20322,-354,6130,2025-08-01
2025-08-25,2025,Summer,Weekday,Commuter-Heavy Transit Hub,1919,2181,262,531,2025-08-01
2025-08-25,2025,Summer,Weekday,Leisure & Waterfront,3430,3722,292,1803,2025-08-01
2025-08-25,2025,Summer,Weekday,Residential & Inner-Suburban Feeder,5406,5231,-175,2890,2025-08-01
2025-08-26,2025,Summer,Weekday,Commercial & Employment Core,19977,19658,-319,6138,2025-08-01
2025-08-26,2025,Summer,Weekday,Commuter-Heavy Transit Hub,1958,2369,411,538,2025-08-01
2025-08-26,2025,Summer,Weekday,Leisure & Waterfront,2834,3086,252,1674,2025-08-01
2025-08-26,2025,Summer,Weekday,Residential & Inner-Suburban Feeder,5033,4704,-329,2784,2025-08-01
2025-08-27,2025,Summer,Weekday,Commercial & Employment Core,24045,23701,-344,6258,2025-08-01
2025-08-27,2025,Summer,Weekday,Commuter-Heavy Transit Hub,2258,2528,270,533,2025-08-01
2025-08-27,2025,Summer,Weekday,Leisure & Waterfront,4641,4955,314,1896,2025-08-01
2025-08-27,2025,Summer,Weekday,Residential & Inner-Suburban Feeder,6224,5923,-301,2979,2025-08-01
2025-08-28,2025,Summer,Weekday,Commercial & Employment Core,17614,17445,-169,5941,2025-08-01
2025-08-28,2025,Summer,Weekday,Commuter-Heavy Transit Hub,1652,2041,389,516,2025-08-01
2025-08-28,2025,Summer,Weekday,Leisure & Waterfront,2514,2745,231,1450,2025-08-01
2025-08-28,2025,Summer,Weekday,Residential & Inner-Suburban Feeder,4804,4344,-460,2639,2025-08-01
2025-08-29,2025,Summer,Weekday,Commercial & Employment Core,22340,22364,24,6323,2025-08-01
2025-08-29,2025,Summer,Weekday,Commuter-Heavy Transit Hub,1668,1835,167,531,2025-08-01
2025-08-29,2025,Summer,Weekday,Leisure & Waterfront,4305,4590,285,1832,2025-08-01
2025-08-29,2025,Summer,Weekday,Residential & Inner-Suburban Feeder,5768,5223,-545,2934,2025-08-01
2025-08-30,2025,Summer,Weekend,Commercial & Employment Core,19793,19882,89,6300,2025-08-01
2025-08-30,2025,Summer,Weekend,Commuter-Heavy Transit Hub,762,699,-63,444,2025-08-01
2025-08-30,2025,Summer,Weekend,Leisure & Waterfront,6623,6867,244,2070,2025-08-01
2025-08-30,2025,Summer,Weekend,Residential & Inner-Suburban Feeder,5520,5304,-216,2936,2025-08-01
2025-08-31,2025,Summer,Weekend,Commercial & Employment Core,19876,19972,96,6237,2025-08-01
2025-08-31,2025,Summer,Weekend,Commuter-Heavy Transit Hub,773,657,-116,438,2025-08-01
2025-08-31,2025,Summer,Weekend,Leisure & Waterfront,7800,7995,195,2063,2025-08-01
2025-08-31,2025,Summer,Weekend,Residential & Inner-Suburban Feeder,5487,5255,-232,2865,2025-08-01
2025-09-01,2025,Fall,Weekday,Commercial & Employment Core,18017,18133,116,6137,2025-09-01
2025-09-01,2025,Fall,Weekday,Commuter-Heavy Transit Hub,765,718,-47,433,2025-09-01
2025-09-01,2025,Fall,Weekday,Leisure & Waterfront,7666,7906,240,2065,2025-09-01
2025-09-01,2025,Fall,Weekday,Residential & Inner-Suburban Feeder,5001,4852,-149,2834,2025-09-01
2025-09-02,2025,Fall,Weekday,Commercial & Employment Core,23816,23278,-538,6161,2025-09-01
2025-09-02,2025,Fall,Weekday,Commuter-Heavy Transit Hub,2276,2588,312,495,2025-09-01
2025-09-02,2025,Fall,Weekday,Leisure & Waterfront,3429,3595,166,1886,2025-09-01
2025-09-02,2025,Fall,Weekday,Residential & Inner-Suburban Feeder,5614,5648,34,2934,2025-09-01
2025-09-03,2025,Fall,Weekday,Commercial & Employment Core,25177,24750,-427,6253,2025-09-01
2025-09-03,2025,Fall,Weekday,Commuter-Heavy Transit Hub,2393,2886,493,516,2025-09-01
2025-09-03,2025,Fall,Weekday,Leisure & Waterfront,4138,4326,188,1981,2025-09-01
2025-09-03,2025,Fall,Weekday,Residential & Inner-Suburban Feeder,6293,6006,-287,3046,2025-09-01
2025-09-04,2025,Fall,Weekday,Commercial & Employment Core,17993,17557,-436,5748,2025-09-01
2025-09-04,2025,Fall,Weekday,Commuter-Heavy Transit Hub,1479,1414,-65,464,2025-09-01
2025-09-04,2025,Fall,Weekday,Leisure & Waterfront,2308,2544,236,1489,2025-09-01
2025-09-04,2025,Fall,Weekday,Residential & Inner-Suburban Feeder,4179,4422,243,2595,2025-09-01
2025-09-05,2025,Fall,Weekday,Commercial & Employment Core,23299,23385,86,6332,2025-09-01
2025-09-05,2025,Fall,Weekday,Commuter-Heavy Transit Hub,2141,2385,244,543,2025-09-01
2025-09-05,2025,Fall,Weekday,Leisure & Waterfront,2806,2952,146,1809,2025-09-01
2025-09-05,2025,Fall,Weekday,Residential & Inner-Suburban Feeder,5996,5453,-543,3077,2025-09-01
2025-09-05,2025,Fall,Weekday,Unassigned,0,1,1,1,2025-09-01
2025-09-06,2025,Fall,Weekend,Commercial & Employment Core,21216,21278,62,6409,2025-09-01
2025-09-06,2025,Fall,Weekend,Commuter-Heavy Transit Hub,1024,1037,13,477,2025-09-01
2025-09-06,2025,Fall,Weekend,Leisure & Waterfront,4499,4643,144,1975,2025-09-01
2025-09-06,2025,Fall,Weekend,Residential & Inner-Suburban Feeder,5513,5295,-218,3002,2025-09-01
2025-09-07,2025,Fall,Weekend,Commercial & Employment Core,19016,19042,26,6297,2025-09-01
2025-09-07,2025,Fall,Weekend,Commuter-Heavy Transit Hub,822,774,-48,468,2025-09-01
2025-09-07,2025,Fall,Weekend,Leisure & Waterfront,3947,4145,198,1939,2025-09-01
2025-09-07,2025,Fall,Weekend,Residential & Inner-Suburban Feeder,4831,4761,-70,2912,2025-09-01
2025-09-08,2025,Fall,Weekday,Commercial & Employment Core,22492,22115,-377,6171,2025-09-01
2025-09-08,2025,Fall,Weekday,Commuter-Heavy Transit Hub,2281,2634,353,506,2025-09-01
2025-09-08,2025,Fall,Weekday,Leisure & Waterfront,3129,3268,139,1830,2025-09-01
2025-09-08,2025,Fall,Weekday,Residential & Inner-Suburban Feeder,5333,5206,-127,2859,2025-09-01
2025-09-09,2025,Fall,Weekday,Commercial & Employment Core,24595,24187,-408,6172,2025-09-01
2025-09-09,2025,Fall,Weekday,Commuter-Heavy Transit Hub,2597,3156,559,522,2025-09-01
2025-09-09,2025,Fall,Weekday,Leisure & Waterfront,3597,3759,162,1880,2025-09-01
2025-09-09,2025,Fall,Weekday,Residential & Inner-Suburban Feeder,6255,5926,-329,2997,2025-09-01
2025-09-10,2025,Fall,Weekday,Commercial & Employment Core,24462,23988,-474,6201,2025-09-01
2025-09-10,2025,Fall,Weekday,Commuter-Heavy Transit Hub,2566,3182,616,512,2025-09-01
2025-09-10,2025,Fall,Weekday,Leisure & Waterfront,3400,3591,191,1844,2025-09-01
2025-09-10,2025,Fall,Weekday,Residential & Inner-Suburban Feeder,6083,5720,-363,2906,2025-09-01
2025-09-11,2025,Fall,Weekday,Commercial & Employment Core,24903,24580,-323,6227,2025-09-01
2025-09-11,2025,Fall,Weekday,Commuter-Heavy Transit Hub,2493,3111,618,510,2025-09-01
2025-09-11,2025,Fall,Weekday,Leisure & Waterfront,4022,3986,-36,1857,2025-09-01
2025-09-11,2025,Fall,Weekday,Residential & Inner-Suburban Feeder,6217,5896,-321,2941,2025-09-01
2025-09-12,2025,Fall,Weekday,Commercial & Employment Core,23494,23363,-131,6332,2025-09-01
2025-09-12,2025,Fall,Weekday,Commuter-Heavy Transit Hub,2041,2400,359,538,2025-09-01
2025-09-12,2025,Fall,Weekday,Leisure & Waterfront,3368,3549,181,1837,2025-09-01
2025-09-12,2025,Fall,Weekday,Residential & Inner-Suburban Feeder,6033,5659,-374,3059,2025-09-01
2025-09-13,2025,Fall,Weekend,Commercial & Employment Core,20953,21109,156,6354,2025-09-01
2025-09-13,2025,Fall,Weekend,Commuter-Heavy Transit Hub,912,890,-22,469,2025-09-01
2025-09-13,2025,Fall,Weekend,Leisure & Waterfront,4188,4379,191,1939,2025-09-01
2025-09-13,2025,Fall,Weekend,Residential & Inner-Suburban Feeder,5467,5122,-345,2929,2025-09-01
2025-09-14,2025,Fall,Weekend,Commercial & Employment Core,20739,20731,-8,6392,2025-09-01
2025-09-14,2025,Fall,Weekend,Commuter-Heavy Transit Hub,843,776,-67,460,2025-09-01
2025-09-14,2025,Fall,Weekend,Leisure & Waterfront,5374,5551,177,2064,2025-09-01
2025-09-14,2025,Fall,Weekend,Residential & Inner-Suburban Feeder,5246,5249,3,2971,2025-09-01
2025-09-15,2025,Fall,Weekday,Commercial & Employment Core,22594,22139,-455,6143,2025-09-01
2025-09-15,2025,Fall,Weekday,Commuter-Heavy Transit Hub,2335,2652,317,505,2025-09-01
2025-09-15,2025,Fall,Weekday,Leisure & Waterfront,2989,3196,207,1791,2025-09-01
2025-09-15,2025,Fall,Weekday,Residential & Inner-Suburban Feeder,5408,5365,-43,2859,2025-09-01
2025-09-16,2025,Fall,Weekday,Commercial & Employment Core,24135,23666,-469,6166,2025-09-01
2025-09-16,2025,Fall,Weekday,Commuter-Heavy Transit Hub,2440,2955,515,503,2025-09-01
2025-09-16,2025,Fall,Weekday,Leisure & Waterfront,3643,3798,155,1900,2025-09-01
2025-09-16,2025,Fall,Weekday,Residential & Inner-Suburban Feeder,6020,5785,-235,2911,2025-09-01
2025-09-17,2025,Fall,Weekday,Commercial & Employment Core,24599,24324,-275,6147,2025-09-01
2025-09-17,2025,Fall,Weekday,Commuter-Heavy Transit Hub,2506,2914,408,504,2025-09-01
2025-09-17,2025,Fall,Weekday,Leisure & Waterfront,3287,3424,137,1727,2025-09-01
2025-09-17,2025,Fall,Weekday,Residential & Inner-Suburban Feeder,6013,5754,-259,2922,2025-09-01
2025-09-18,2025,Fall,Weekday,Commercial & Employment Core,24721,24232,-489,6259,2025-09-01
2025-09-18,2025,Fall,Weekday,Commuter-Heavy Transit Hub,2404,2954,550,491,2025-09-01
2025-09-18,2025,Fall,Weekday,Leisure & Waterfront,3751,3895,144,1823,2025-09-01
2025-09-18,2025,Fall,Weekday,Residential & Inner-Suburban Feeder,5990,5760,-230,2920,2025-09-01
2025-09-19,2025,Fall,Weekday,Commercial & Employment Core,23324,23264,-60,6418,2025-09-01
2025-09-19,2025,Fall,Weekday,Commuter-Heavy Transit Hub,1898,2231,333,548,2025-09-01
2025-09-19,2025,Fall,Weekday,Leisure & Waterfront,3467,3673,206,1878,2025-09-01
2025-09-19,2025,Fall,Weekday,Residential & Inner-Suburban Feeder,5937,5386,-551,3010,2025-09-01
2025-09-20,2025,Fall,Weekend,Commercial & Employment Core,20024,20166,142,6502,2025-09-01
2025-09-20,2025,Fall,Weekend,Commuter-Heavy Transit Hub,874,887,13,492,2025-09-01
2025-09-20,2025,Fall,Weekend,Leisure & Waterfront,4586,4793,207,1992,2025-09-01
2025-09-20,2025,Fall,Weekend,Residential & Inner-Suburban Feeder,5254,4919,-335,2937,2025-09-01
2025-09-21,2025,Fall,Weekend,Commercial & Employment Core,18085,18279,194,6155,2025-09-01
2025-09-21,2025,Fall,Weekend,Commuter-Heavy Transit Hub,746,712,-34,445,2025-09-01
2025-09-21,2025,Fall,Weekend,Leisure & Waterfront,4791,4915,124,1859,2025-09-01
2025-09-21,2025,Fall,Weekend,Residential & Inner-Suburban Feeder,4637,4506,-131,2740,2025-09-01
2025-09-22,2025,Fall,Weekday,Commercial & Employment Core,18168,17719,-449,5601,2025-09-01
2025-09-22,2025,Fall,Weekday,Commuter-Heavy Transit Hub,1824,2037,213,461,2025-09-01
2025-09-22,2025,Fall,Weekday,Leisure & Waterfront,1819,1897,78,1366,2025-09-01
2025-09-22,2025,Fall,Weekday,Residential & Inner-Suburban Feeder,4080,4184,104,2451,2025-09-01
2025-09-23,2025,Fall,Weekday,Commercial & Employment Core,21342,20955,-387,5835,2025-09-01
2025-09-23,2025,Fall,Weekday,Commuter-Heavy Transit Hub,2315,2839,524,487,2025-09-01
2025-09-23,2025,Fall,Weekday,Leisure & Waterfront,2352,2527,175,1589,2025-09-01
2025-09-23,2025,Fall,Weekday,Residential & Inner-Suburban Feeder,5137,4824,-313,2576,2025-09-01
2025-09-24,2025,Fall,Weekday,Commercial & Employment Core,22340,22047,-293,6083,2025-09-01
2025-09-24,2025,Fall,Weekday,Commuter-Heavy Transit Hub,2285,2829,544,497,2025-09-01
2025-09-24,2025,Fall,Weekday,Leisure & Waterfront,2270,2393,123,1549,2025-09-01
2025-09-24,2025,Fall,Weekday,Residential & Inner-Suburban Feeder,5224,4884,-340,2745,2025-09-01
2025-09-25,2025,Fall,Weekday,Commercial & Employment Core,17044,16744,-300,5597,2025-09-01
2025-09-25,2025,Fall,Weekday,Commuter-Heavy Transit Hub,1688,1668,-20,469,2025-09-01
2025-09-25,2025,Fall,Weekday,Leisure & Waterfront,1899,2036,137,1321,2025-09-01
2025-09-25,2025,Fall,Weekday,Residential & Inner-Suburban Feeder,4053,4188,135,2442,2025-09-01
2025-09-26,2025,Fall,Weekday,Commercial & Employment Core,23073,23140,67,6379,2025-09-01
2025-09-26,2025,Fall,Weekday,Commuter-Heavy Transit Hub,1971,2258,287,554,2025-09-01
2025-09-26,2025,Fall,Weekday,Leisure & Waterfront,3408,3617,209,1859,2025-09-01
2025-09-26,2025,Fall,Weekday,Residential & Inner-Suburban Feeder,5814,5145,-669,2963,2025-09-01
2025-09-27,2025,Fall,Weekend,Commercial & Employment Core,22135,22298,163,6491,2025-09-01
2025-09-27,2025,Fall,Weekend,Commuter-Heavy Transit Hub,829,845,16,474,2025-09-01
2025-09-27,2025,Fall,Weekend,Leisure & Waterfront,5501,5671,170,2021,2025-09-01
2025-09-27,2025,Fall,Weekend,Residential & Inner-Suburban Feeder,5696,5333,-363,2925,2025-09-01
2025-09-28,2025,Fall,Weekend,Commercial & Employment Core,20049,20220,171,6476,2025-09-01
2025-09-28,2025,Fall,Weekend,Commuter-Heavy Transit Hub,736,657,-79,436,2025-09-01
2025-09-28,2025,Fall,Weekend,Leisure & Waterfront,5543,5630,87,2005,2025-09-01
2025-09-28,2025,Fall,Weekend,Residential & Inner-Suburban Feeder,5058,5018,-40,2923,2025-09-01
2025-09-29,2025,Fall,Weekday,Commercial & Employment Core,21675,21252,-423,6188,2025-09-01
2025-09-29,2025,Fall,Weekday,Commuter-Heavy Transit Hub,2140,2454,314,519,2025-09-01
2025-09-29,2025,Fall,Weekday,Leisure & Waterfront,3102,3316,214,1696,2025-09-01
2025-09-29,2025,Fall,Weekday,Residential & Inner-Suburban Feeder,5084,4951,-133,2766,2025-09-01
2025-09-30,2025,Fall,Weekday,Commercial & Employment Core,23306,23117,-189,6294,2025-09-01
2025-09-30,2025,Fall,Weekday,Commuter-Heavy Transit Hub,2078,2442,364,521,2025-09-01
2025-09-30,2025,Fall,Weekday,Leisure & Waterfront,3552,3673,121,1854,2025-09-01
2025-09-30,2025,Fall,Weekday,Residential & Inner-Suburban Feeder,5722,5445,-277,2931,2025-09-01
2025-10-01,2025,Fall,Weekday,Commercial & Employment Core,22013,21544,-469,6103,2025-10-01
2025-10-01,2025,Fall,Weekday,Commuter-Heavy Transit Hub,2371,2865,494,513,2025-10-01
2025-10-01,2025,Fall,Weekday,Leisure & Waterfront,2555,2730,175,1608,2025-10-01
2025-10-01,2025,Fall,Weekday,Residential & Inner-Suburban Feeder,5163,4965,-198,2753,2025-10-01
2025-10-02,2025,Fall,Weekday,Commercial & Employment Core,22465,22241,-224,6227,2025-10-01
2025-10-02,2025,Fall,Weekday,Commuter-Heavy Transit Hub,2325,2707,382,500,2025-10-01
2025-10-02,2025,Fall,Weekday,Leisure & Waterfront,2623,2754,131,1653,2025-10-01
2025-10-02,2025,Fall,Weekday,Residential & Inner-Suburban Feeder,5458,5132,-326,2819,2025-10-01
2025-10-03,2025,Fall,Weekday,Commercial & Employment Core,22665,22535,-130,6390,2025-10-01
2025-10-03,2025,Fall,Weekday,Commuter-Heavy Transit Hub,1956,2287,331,535,2025-10-01
2025-10-03,2025,Fall,Weekday,Leisure & Waterfront,3182,3376,194,1749,2025-10-01
2025-10-03,2025,Fall,Weekday,Residential & Inner-Suburban Feeder,5755,5270,-485,2958,2025-10-01
2025-10-04,2025,Fall,Weekend,Commercial & Employment Core,23114,23260,146,6463,2025-10-01
2025-10-04,2025,Fall,Weekend,Commuter-Heavy Transit Hub,930,974,44,475,2025-10-01
2025-10-04,2025,Fall,Weekend,Leisure & Waterfront,5675,5781,106,1991,2025-10-01
2025-10-04,2025,Fall,Weekend,Residential & Inner-Suburban Feeder,6006,5576,-430,2907,2025-10-01
2025-10-05,2025,Fall,Weekend,Commercial & Employment Core,21498,21585,87,6670,2025-10-01
2025-10-05,2025,Fall,Weekend,Commuter-Heavy Transit Hub,930,883,-47,482,2025-10-01
2025-10-05,2025,Fall,Weekend,Leisure & Waterfront,5850,6061,211,2040,2025-10-01
2025-10-05,2025,Fall,Weekend,Residential & Inner-Suburban Feeder,5256,5254,-2,2925,2025-10-01
2025-10-06,2025,Fall,Weekday,Commercial & Employment Core,21808,21491,-317,6226,2025-10-01
2025-10-06,2025,Fall,Weekday,Commuter-Heavy Transit Hub,2298,2640,342,498,2025-10-01
2025-10-06,2025,Fall,Weekday,Leisure & Waterfront,3340,3560,220,1706,2025-10-01
2025-10-06,2025,Fall,Weekday,Residential & Inner-Suburban Feeder,5297,5048,-249,2783,2025-10-01
2025-10-07,2025,Fall,Weekday,Commercial & Employment Core,16630,16489,-141,5828,2025-10-01
2025-10-07,2025,Fall,Weekday,Commuter-Heavy Transit Hub,1965,2383,418,517,2025-10-01
2025-10-07,2025,Fall,Weekday,Leisure & Waterfront,1362,1428,66,1164,2025-10-01
2025-10-07,2025,Fall,Weekday,Residential & Inner-Suburban Feeder,3997,3656,-341,2506,2025-10-01
2025-10-08,2025,Fall,Weekday,Commercial & Employment Core,22020,21758,-262,6100,2025-10-01
2025-10-08,2025,Fall,Weekday,Commuter-Heavy Transit Hub,2374,2827,453,528,2025-10-01
2025-10-08,2025,Fall,Weekday,Leisure & Waterfront,2273,2371,98,1528,2025-10-01
2025-10-08,2025,Fall,Weekday,Residential & Inner-Suburban Feeder,5229,4964,-265,2782,2025-10-01
2025-10-09,2025,Fall,Weekday,Commercial & Employment Core,19848,19596,-252,5944,2025-10-01
2025-10-09,2025,Fall,Weekday,Commuter-Heavy Transit Hub,2163,2585,422,509,2025-10-01
2025-10-09,2025,Fall,Weekday,Leisure & Waterfront,1982,2085,103,1416,2025-10-01
2025-10-09,2025,Fall,Weekday,Residential & Inner-Suburban Feeder,4867,4582,-285,2703,2025-10-01
2025-10-10,2025,Fall,Weekday,Commercial & Employment Core,18194,18241,47,5881,2025-10-01
2025-10-10,2025,Fall,Weekday,Commuter-Heavy Transit Hub,1604,1980,376,503,2025-10-01
2025-10-10,2025,Fall,Weekday,Leisure & Waterfront,2045,2128,83,1372,2025-10-01
2025-10-10,2025,Fall,Weekday,Residential & Inner-Suburban Feeder,4555,4043,-512,2623,2025-10-01
2025-10-11,2025,Fall,Weekend,Commercial & Employment Core,15057,15105,48,5910,2025-10-01
2025-10-11,2025,Fall,Weekend,Commuter-Heavy Transit Hub,650,777,127,440,2025-10-01
2025-10-11,2025,Fall,Weekend,Leisure & Waterfront,2595,2637,42,1479,2025-10-01
2025-10-11,2025,Fall,Weekend,Residential & Inner-Suburban Feeder,3728,3455,-273,2523,2025-10-01
2025-10-12,2025,Fall,Weekend,Commercial & Employment Core,14026,14009,-17,5927,2025-10-01
2025-10-12,2025,Fall,Weekend,Commuter-Heavy Transit Hub,573,622,49,419,2025-10-01
2025-10-12,2025,Fall,Weekend,Leisure & Waterfront,2548,2592,44,1510,2025-10-01
2025-10-12,2025,Fall,Weekend,Residential & Inner-Suburban Feeder,3308,3256,-52,2483,2025-10-01
2025-10-13,2025,Fall,Weekday,Commercial & Employment Core,12462,12454,-8,5682,2025-10-01
2025-10-13,2025,Fall,Weekday,Commuter-Heavy Transit Hub,654,623,-31,441,2025-10-01
2025-10-13,2025,Fall,Weekday,Leisure & Waterfront,2568,2642,74,1447,2025-10-01
2025-10-13,2025,Fall,Weekday,Residential & Inner-Suburban Feeder,3136,3146,10,2332,2025-10-01
2025-10-14,2025,Fall,Weekday,Commercial & Employment Core,21715,21358,-357,6068,2025-10-01
2025-10-14,2025,Fall,Weekday,Commuter-Heavy Transit Hub,2390,2719,329,513,2025-10-01
2025-10-14,2025,Fall,Weekday,Leisure & Waterfront,2672,2730,58,1662,2025-10-01
2025-10-14,2025,Fall,Weekday,Residential & Inner-Suburban Feeder,5150,5124,-26,2798,2025-10-01
2025-10-15,2025,Fall,Weekday,Commercial & Employment Core,21100,20754,-346,6029,2025-10-01
2025-10-15,2025,Fall,Weekday,Commuter-Heavy Transit Hub,2285,2842,557,500,2025-10-01
2025-10-15,2025,Fall,Weekday,Leisure & Waterfront,1944,2031,87,1436,2025-10-01
2025-10-15,2025,Fall,Weekday,Residential & Inner-Suburban Feeder,5021,4715,-306,2699,2025-10-01
2025-10-16,2025,Fall,Weekday,Commercial & Employment Core,20772,20350,-422,6016,2025-10-01
2025-10-16,2025,Fall,Weekday,Commuter-Heavy Transit Hub,2209,2643,434,522,2025-10-01
2025-10-16,2025,Fall,Weekday,Leisure & Waterfront,1845,1972,127,1357,2025-10-01
2025-10-16,2025,Fall,Weekday,Residential & Inner-Suburban Feeder,4759,4599,-160,2627,2025-10-01
2025-10-17,2025,Fall,Weekday,Commercial & Employment Core,16547,16510,-37,5718,2025-10-01
2025-10-17,2025,Fall,Weekday,Commuter-Heavy Transit Hub,1560,1916,356,489,2025-10-01
2025-10-17,2025,Fall,Weekday,Leisure & Waterfront,1657,1802,145,1121,2025-10-01
2025-10-17,2025,Fall,Weekday,Residential & Inner-Suburban Feeder,4135,3686,-449,2436,2025-10-01
2025-10-18,2025,Fall,Weekend,Commercial & Employment Core,20098,20180,82,6180,2025-10-01
2025-10-18,2025,Fall,Weekend,Commuter-Heavy Transit Hub,943,929,-14,467,2025-10-01
2025-10-18,2025,Fall,Weekend,Leisure & Waterfront,3511,3545,34,1596,2025-10-01
2025-10-18,2025,Fall,Weekend,Residential & Inner-Suburban Feeder,5019,4834,-185,2812,2025-10-01
2025-10-19,2025,Fall,Weekend,Commercial & Employment Core,17307,17699,392,6017,2025-10-01
2025-10-19,2025,Fall,Weekend,Commuter-Heavy Transit Hub,1036,1142,106,469,2025-10-01
2025-10-19,2025,Fall,Weekend,Leisure & Waterfront,2394,2385,-9,1271,2025-10-01
2025-10-19,2025,Fall,Weekend,Residential & Inner-Suburban Feeder,4039,3666,-373,2443,2025-10-01
2025-10-20,2025,Fall,Weekday,Commercial & Employment Core,18710,18166,-544,5712,2025-10-01
2025-10-20,2025,Fall,Weekday,Commuter-Heavy Transit Hub,1945,2071,126,491,2025-10-01
2025-10-20,2025,Fall,Weekday,Leisure & Waterfront,1618,1787,169,1196,2025-10-01
2025-10-20,2025,Fall,Weekday,Residential & Inner-Suburban Feeder,3966,4045,79,2418,2025-10-01
2025-10-21,2025,Fall,Weekday,Commercial & Employment Core,20050,19740,-310,6032,2025-10-01
2025-10-21,2025,Fall,Weekday,Commuter-Heavy Transit Hub,2186,2569,383,515,2025-10-01
2025-10-21,2025,Fall,Weekday,Leisure & Waterfront,1871,1998,127,1378,2025-10-01
2025-10-21,2025,Fall,Weekday,Residential & Inner-Suburban Feeder,4657,4621,-36,2626,2025-10-01
2025-10-22,2025,Fall,Weekday,Commercial & Employment Core,16635,16290,-345,5728,2025-10-01
2025-10-22,2025,Fall,Weekday,Commuter-Heavy Transit Hub,1756,2488,732,489,2025-10-01
2025-10-22,2025,Fall,Weekday,Leisure & Waterfront,1275,1327,52,1155,2025-10-01
2025-10-22,2025,Fall,Weekday,Residential & Inner-Suburban Feeder,4050,3596,-454,2456,2025-10-01
2025-10-23,2025,Fall,Weekday,Commercial & Employment Core,18240,18008,-232,5894,2025-10-01
2025-10-23,2025,Fall,Weekday,Commuter-Heavy Transit Hub,1963,2529,566,512,2025-10-01
2025-10-23,2025,Fall,Weekday,Leisure & Waterfront,1459,1508,49,1214,2025-10-01
2025-10-23,2025,Fall,Weekday,Residential & Inner-Suburban Feeder,4382,3986,-396,2624,2025-10-01
2025-10-24,2025,Fall,Weekday,Commercial & Employment Core,18944,18683,-261,6064,2025-10-01
2025-10-24,2025,Fall,Weekday,Commuter-Heavy Transit Hub,1689,2153,464,547,2025-10-01
2025-10-24,2025,Fall,Weekday,Leisure & Waterfront,1547,1742,195,1218,2025-10-01
2025-10-24,2025,Fall,Weekday,Residential & Inner-Suburban Feeder,4709,4073,-636,2672,2025-10-01
2025-10-25,2025,Fall,Weekend,Commercial & Employment Core,16882,16990,108,6135,2025-10-01
2025-10-25,2025,Fall,Weekend,Commuter-Heavy Transit Hub,760,902,142,487,2025-10-01
2025-10-25,2025,Fall,Weekend,Leisure & Waterfront,2002,2087,85,1376,2025-10-01
2025-10-25,2025,Fall,Weekend,Residential & Inner-Suburban Feeder,4120,3969,-151,2639,2025-10-01
2025-10-26,2025,Fall,Weekend,Commercial & Employment Core,13817,13814,-3,5807,2025-10-01
2025-10-26,2025,Fall,Weekend,Commuter-Heavy Transit Hub,537,534,-3,397,2025-10-01
2025-10-26,2025,Fall,Weekend,Leisure & Waterfront,1910,2052,142,1271,2025-10-01
2025-10-26,2025,Fall,Weekend,Residential & Inner-Suburban Feeder,3257,3215,-42,2408,2025-10-01
2025-10-27,2025,Fall,Weekday,Commercial & Employment Core,15949,15541,-408,5696,2025-10-01
2025-10-27,2025,Fall,Weekday,Commuter-Heavy Transit Hub,1559,1940,381,511,2025-10-01
2025-10-27,2025,Fall,Weekday,Leisure & Waterfront,1302,1410,108,1078,2025-10-01
2025-10-27,2025,Fall,Weekday,Residential & Inner-Suburban Feeder,3767,3654,-113,2435,2025-10-01
2025-10-28,2025,Fall,Weekday,Commercial & Employment Core,18145,17824,-321,6175,2025-10-01
2025-10-28,2025,Fall,Weekday,Commuter-Heavy Transit Hub,1843,2252,409,543,2025-10-01
2025-10-28,2025,Fall,Weekday,Leisure & Waterfront,1502,1550,48,1195,2025-10-01
2025-10-28,2025,Fall,Weekday,Residential & Inner-Suburban Feeder,4390,4246,-144,2696,2025-10-01
2025-10-29,2025,Fall,Weekday,Commercial & Employment Core,18524,18057,-467,5913,2025-10-01
2025-10-29,2025,Fall,Weekday,Commuter-Heavy Transit Hub,1767,2200,433,514,2025-10-01
2025-10-29,2025,Fall,Weekday,Leisure & Waterfront,1631,1732,101,1226,2025-10-01
2025-10-29,2025,Fall,Weekday,Residential & Inner-Suburban Feeder,4503,4353,-150,2604,2025-10-01
2025-10-30,2025,Fall,Weekday,Commercial & Employment Core,8883,8824,-59,5114,2025-10-01
2025-10-30,2025,Fall,Weekday,Commuter-Heavy Transit Hub,848,1470,622,454,2025-10-01
2025-10-30,2025,Fall,Weekday,Leisure & Waterfront,558,644,86,642,2025-10-01
2025-10-30,2025,Fall,Weekday,Residential & Inner-Suburban Feeder,2443,1907,-536,1918,2025-10-01
2025-10-31,2025,Fall,Weekday,Commercial & Employment Core,14315,14166,-149,5534,2025-10-01
2025-10-31,2025,Fall,Weekday,Commuter-Heavy Transit Hub,1291,1289,-2,528,2025-10-01
2025-10-31,2025,Fall,Weekday,Leisure & Waterfront,1014,1111,97,819,2025-10-01
2025-10-31,2025,Fall,Weekday,Residential & Inner-Suburban Feeder,3337,3054,-283,2276,2025-10-01
2025-11-01,2025,Fall,Weekend,Commercial & Employment Core,16258,16394,136,6221,2025-11-01
2025-11-01,2025,Fall,Weekend,Commuter-Heavy Transit Hub,691,818,127,497,2025-11-01
2025-11-01,2025,Fall,Weekend,Leisure & Waterfront,1667,1944,277,1274,2025-11-01
2025-11-01,2025,Fall,Weekend,Residential & Inner-Suburban Feeder,4048,3819,-229,2635,2025-11-01
2025-11-02,2025,Fall,Weekend,Commercial & Employment Core,14873,14879,6,5927,2025-11-01
2025-11-02,2025,Fall,Weekend,Commuter-Heavy Transit Hub,798,555,-243,451,2025-11-01
2025-11-02,2025,Fall,Weekend,Leisure & Waterfront,1834,1809,-25,1234,2025-11-01
2025-11-02,2025,Fall,Weekend,Residential & Inner-Suburban Feeder,3378,3682,304,2441,2025-11-01
2025-11-03,2025,Fall,Weekday,Commercial & Employment Core,14281,14194,-87,5576,2025-11-01
2025-11-03,2025,Fall,Weekday,Commuter-Heavy Transit Hub,1563,1777,214,488,2025-11-01
2025-11-03,2025,Fall,Weekday,Leisure & Waterfront,971,1060,89,915,2025-11-01
2025-11-03,2025,Fall,Weekday,Residential & Inner-Suburban Feeder,3407,3173,-234,2374,2025-11-01
2025-11-04,2025,Fall,Weekday,Commercial & Employment Core,18066,17731,-335,5869,2025-11-01
2025-11-04,2025,Fall,Weekday,Commuter-Heavy Transit Hub,1971,2349,378,489,2025-11-01
2025-11-04,2025,Fall,Weekday,Leisure & Waterfront,1511,1530,19,1193,2025-11-01
2025-11-04,2025,Fall,Weekday,Residential & Inner-Suburban Feeder,4034,3965,-69,2500,2025-11-01
2025-11-05,2025,Fall,Weekday,Commercial & Employment Core,15870,15671,-199,5743,2025-11-01
2025-11-05,2025,Fall,Weekday,Commuter-Heavy Transit Hub,1778,2345,567,526,2025-11-01
2025-11-05,2025,Fall,Weekday,Leisure & Waterfront,1028,1077,49,990,2025-11-01
2025-11-05,2025,Fall,Weekday,Residential & Inner-Suburban Feeder,3729,3318,-411,2423,2025-11-01
2025-11-06,2025,Fall,Weekday,Commercial & Employment Core,16682,16474,-208,5817,2025-11-01
2025-11-06,2025,Fall,Weekday,Commuter-Heavy Transit Hub,1804,2199,395,521,2025-11-01
2025-11-06,2025,Fall,Weekday,Leisure & Waterfront,1257,1287,30,1111,2025-11-01
2025-11-06,2025,Fall,Weekday,Residential & Inner-Suburban Feeder,3879,3650,-229,2466,2025-11-01
2025-11-07,2025,Fall,Weekday,Commercial & Employment Core,13711,13611,-100,5739,2025-11-01
2025-11-07,2025,Fall,Weekday,Commuter-Heavy Transit Hub,1248,1491,243,511,2025-11-01
2025-11-07,2025,Fall,Weekday,Leisure & Waterfront,824,945,121,878,2025-11-01
2025-11-07,2025,Fall,Weekday,Residential & Inner-Suburban Feeder,3160,2843,-317,2419,2025-11-01
2025-11-08,2025,Fall,Weekend,Commercial & Employment Core,13449,13523,74,5831,2025-11-01
2025-11-08,2025,Fall,Weekend,Commuter-Heavy Transit Hub,633,769,136,445,2025-11-01
2025-11-08,2025,Fall,Weekend,Leisure & Waterfront,1356,1510,154,1122,2025-11-01
2025-11-08,2025,Fall,Weekend,Residential & Inner-Suburban Feeder,3326,3010,-316,2427,2025-11-01
2025-11-09,2025,Fall,Weekend,Commercial & Employment Core,3298,3339,41,3442,2025-11-01
2025-11-09,2025,Fall,Weekend,Commuter-Heavy Transit Hub,155,169,14,212,2025-11-01
2025-11-09,2025,Fall,Weekend,Leisure & Waterfront,241,235,-6,326,2025-11-01
2025-11-09,2025,Fall,Weekend,Residential & Inner-Suburban Feeder,715,727,12,1011,2025-11-01
2025-11-10,2025,Fall,Weekday,Commercial & Employment Core,5343,5287,-56,3977,2025-11-01
2025-11-10,2025,Fall,Weekday,Commuter-Heavy Transit Hub,634,606,-28,356,2025-11-01
2025-11-10,2025,Fall,Weekday,Leisure & Waterfront,287,313,26,392,2025-11-01
2025-11-10,2025,Fall,Weekday,Residential & Inner-Suburban Feeder,1069,1111,42,1279,2025-11-01
2025-11-11,2025,Fall,Weekday,Commercial & Employment Core,9162,9028,-134,4897,2025-11-01
2025-11-11,2025,Fall,Weekday,Commuter-Heavy Transit Hub,950,932,-18,439,2025-11-01
2025-11-11,2025,Fall,Weekday,Leisure & Waterfront,555,603,48,663,2025-11-01
2025-11-11,2025,Fall,Weekday,Residential & Inner-Suburban Feeder,1936,2035,99,1825,2025-11-01
2025-11-12,2025,Fall,Weekday,Commercial & Employment Core,12480,12352,-128,5389,2025-11-01
2025-11-12,2025,Fall,Weekday,Commuter-Heavy Transit Hub,1513,1667,154,523,2025-11-01
2025-11-12,2025,Fall,Weekday,Leisure & Waterfront,775,820,45,801,2025-11-01
2025-11-12,2025,Fall,Weekday,Residential & Inner-Suburban Feeder,2878,2789,-89,2214,2025-11-01
2025-11-13,2025,Fall,Weekday,Commercial & Employment Core,14047,13907,-140,5585,2025-11-01
2025-11-13,2025,Fall,Weekday,Commuter-Heavy Transit Hub,1523,1837,314,499,2025-11-01
2025-11-13,2025,Fall,Weekday,Leisure & Waterfront,1014,1054,40,917,2025-11-01
2025-11-13,2025,Fall,Weekday,Residential & Inner-Suburban Feeder,3276,3054,-222,2360,2025-11-01
2025-11-14,2025,Fall,Weekday,Commercial & Employment Core,14206,14234,28,5706,2025-11-01
2025-11-14,2025,Fall,Weekday,Commuter-Heavy Transit Hub,1364,1602,238,514,2025-11-01
2025-11-14,2025,Fall,Weekday,Leisure & Waterfront,1012,1113,101,996,2025-11-01
2025-11-14,2025,Fall,Weekday,Residential & Inner-Suburban Feeder,3441,3052,-389,2455,2025-11-01
2025-11-15,2025,Fall,Weekend,Commercial & Employment Core,8611,8672,61,5268,2025-11-01
2025-11-15,2025,Fall,Weekend,Commuter-Heavy Transit Hub,397,491,94,383,2025-11-01
2025-11-15,2025,Fall,Weekend,Leisure & Waterfront,632,723,91,767,2025-11-01
2025-11-15,2025,Fall,Weekend,Residential & Inner-Suburban Feeder,2069,1834,-235,1970,2025-11-01
2025-11-16,2025,Fall,Weekend,Commercial & Employment Core,8877,8799,-78,5218,2025-11-01
2025-11-16,2025,Fall,Weekend,Commuter-Heavy Transit Hub,351,413,62,343,2025-11-01
2025-11-16,2025,Fall,Weekend,Leisure & Waterfront,748,813,65,819,2025-11-01
2025-11-16,2025,Fall,Weekend,Residential & Inner-Suburban Feeder,1893,1881,-12,1916,2025-11-01
2025-11-17,2025,Fall,Weekday,Commercial & Employment Core,11615,11537,-78,5216,2025-11-01
2025-11-17,2025,Fall,Weekday,Commuter-Heavy Transit Hub,1360,1554,194,477,2025-11-01
2025-11-17,2025,Fall,Weekday,Leisure & Waterfront,713,740,27,750,2025-11-01
2025-11-17,2025,Fall,Weekday,Residential & Inner-Suburban Feeder,2544,2403,-141,2094,2025-11-01
2025-11-18,2025,Fall,Weekday,Commercial & Employment Core,13465,13204,-261,5300,2025-11-01
2025-11-18,2025,Fall,Weekday,Commuter-Heavy Transit Hub,1633,1933,300,499,2025-11-01
2025-11-18,2025,Fall,Weekday,Leisure & Waterfront,899,924,25,870,2025-11-01
2025-11-18,2025,Fall,Weekday,Residential & Inner-Suburban Feeder,3051,2984,-67,2182,2025-11-01
2025-11-19,2025,Fall,Weekday,Commercial & Employment Core,13579,13437,-142,5392,2025-11-01
2025-11-19,2025,Fall,Weekday,Commuter-Heavy Transit Hub,1635,1953,318,486,2025-11-01
2025-11-19,2025,Fall,Weekday,Leisure & Waterfront,916,924,8,874,2025-11-01
2025-11-19,2025,Fall,Weekday,Residential & Inner-Suburban Feeder,3101,2911,-190,2270,2025-11-01
2025-11-20,2025,Fall,Weekday,Commercial & Employment Core,13955,13731,-224,5469,2025-11-01
2025-11-20,2025,Fall,Weekday,Commuter-Heavy Transit Hub,1699,2057,358,526,2025-11-01
2025-11-20,2025,Fall,Weekday,Leisure & Waterfront,934,1013,79,929,2025-11-01
2025-11-20,2025,Fall,Weekday,Residential & Inner-Suburban Feeder,3215,2980,-235,2326,2025-11-01
2025-11-21,2025,Fall,Weekday,Commercial & Employment Core,13349,13329,-20,5594,2025-11-01
2025-11-21,2025,Fall,Weekday,Commuter-Heavy Transit Hub,1378,1609,231,534,2025-11-01
2025-11-21,2025,Fall,Weekday,Leisure & Waterfront,930,970,40,886,2025-11-01
2025-11-21,2025,Fall,Weekday,Residential & Inner-Suburban Feeder,3050,2778,-272,2278,2025-11-01
2025-11-22,2025,Fall,Weekend,Commercial & Employment Core,11500,11574,74,5489,2025-11-01
2025-11-22,2025,Fall,Weekend,Commuter-Heavy Transit Hub,568,642,74,437,2025-11-01
2025-11-22,2025,Fall,Weekend,Leisure & Waterfront,1057,1099,42,953,2025-11-01
2025-11-22,2025,Fall,Weekend,Residential & Inner-Suburban Feeder,2680,2493,-187,2195,2025-11-01
2025-11-23,2025,Fall,Weekend,Commercial & Employment Core,10173,10256,83,5173,2025-11-01
2025-11-23,2025,Fall,Weekend,Commuter-Heavy Transit Hub,515,550,35,375,2025-11-01
2025-11-23,2025,Fall,Weekend,Leisure & Waterfront,921,909,-12,869,2025-11-01
2025-11-23,2025,Fall,Weekend,Residential & Inner-Suburban Feeder,2240,2169,-71,1977,2025-11-01
2025-11-24,2025,Fall,Weekday,Commercial & Employment Core,12724,12549,-175,5345,2025-11-01
2025-11-24,2025,Fall,Weekday,Commuter-Heavy Transit Hub,1516,1685,169,483,2025-11-01
2025-11-24,2025,Fall,Weekday,Leisure & Waterfront,925,961,36,899,2025-11-01
2025-11-24,2025,Fall,Weekday,Residential & Inner-Suburban Feeder,2795,2763,-32,2161,2025-11-01
2025-11-25,2025,Fall,Weekday,Commercial & Employment Core,10105,9777,-328,4956,2025-11-01
2025-11-25,2025,Fall,Weekday,Commuter-Heavy Transit Hub,1083,1919,836,486,2025-11-01
2025-11-25,2025,Fall,Weekday,Leisure & Waterfront,603,649,46,694,2025-11-01
2025-11-25,2025,Fall,Weekday,Residential & Inner-Suburban Feeder,2408,1847,-561,1861,2025-11-01
2025-11-26,2025,Fall,Weekday,Commercial & Employment Core,12664,12446,-218,5249,2025-11-01
2025-11-26,2025,Fall,Weekday,Commuter-Heavy Transit Hub,1567,1855,288,515,2025-11-01
2025-11-26,2025,Fall,Weekday,Leisure & Waterfront,656,678,22,728,2025-11-01
2025-11-26,2025,Fall,Weekday,Residential & Inner-Suburban Feeder,2709,2629,-80,2139,2025-11-01
2025-11-27,2025,Fall,Weekday,Commercial & Employment Core,10329,10172,-157,5034,2025-11-01
2025-11-27,2025,Fall,Weekday,Commuter-Heavy Transit Hub,1187,1626,439,483,2025-11-01
2025-11-27,2025,Fall,Weekday,Leisure & Waterfront,597,601,4,702,2025-11-01
2025-11-27,2025,Fall,Weekday,Residential & Inner-Suburban Feeder,2459,2168,-291,1968,2025-11-01
2025-11-28,2025,Fall,Weekday,Commercial & Employment Core,10822,10763,-59,5146,2025-11-01
2025-11-28,2025,Fall,Weekday,Commuter-Heavy Transit Hub,1090,1370,280,495,2025-11-01
2025-11-28,2025,Fall,Weekday,Leisure & Waterfront,612,629,17,683,2025-11-01
2025-11-28,2025,Fall,Weekday,Residential & Inner-Suburban Feeder,2362,2115,-247,2013,2025-11-01
2025-11-29,2025,Fall,Weekend,Commercial & Employment Core,8596,8596,0,4994,2025-11-01
2025-11-29,2025,Fall,Weekend,Commuter-Heavy Transit Hub,365,394,29,339,2025-11-01
2025-11-29,2025,Fall,Weekend,Leisure & Waterfront,648,690,42,739,2025-11-01
2025-11-29,2025,Fall,Weekend,Residential & Inner-Suburban Feeder,1942,1873,-69,1888,2025-11-01
2025-11-30,2025,Fall,Weekend,Commercial & Employment Core,5189,5154,-35,3933,2025-11-01
2025-11-30,2025,Fall,Weekend,Commuter-Heavy Transit Hub,226,224,-2,267,2025-11-01
2025-11-30,2025,Fall,Weekend,Leisure & Waterfront,358,371,13,465,2025-11-01
2025-11-30,2025,Fall,Weekend,Residential & Inner-Suburban Feeder,993,1049,56,1260,2025-11-01
2025-12-01,2025,Winter,Weekday,Commercial & Employment Core,9061,8945,-116,4794,2025-12-01
2025-12-01,2025,Winter,Weekday,Commuter-Heavy Transit Hub,1125,1281,156,430,2025-12-01
2025-12-01,2025,Winter,Weekday,Leisure & Waterfront,525,552,27,567,2025-12-01
2025-12-01,2025,Winter,Weekday,Residential & Inner-Suburban Feeder,1938,1872,-66,1717,2025-12-01
2025-12-02,2025,Winter,Weekday,Commercial & Employment Core,8045,7831,-214,4516,2025-12-01
2025-12-02,2025,Winter,Weekday,Commuter-Heavy Transit Hub,1003,1093,90,450,2025-12-01
2025-12-02,2025,Winter,Weekday,Leisure & Waterfront,456,500,44,540,2025-12-01
2025-12-02,2025,Winter,Weekday,Residential & Inner-Suburban Feeder,1668,1738,70,1619,2025-12-01
2025-12-03,2025,Winter,Weekday,Commercial & Employment Core,8211,8026,-185,4581,2025-12-01
2025-12-03,2025,Winter,Weekday,Commuter-Heavy Transit Hub,957,1255,298,450,2025-12-01
2025-12-03,2025,Winter,Weekday,Leisure & Waterfront,440,462,22,509,2025-12-01
2025-12-03,2025,Winter,Weekday,Residential & Inner-Suburban Feeder,1801,1674,-127,1604,2025-12-01
2025-12-04,2025,Winter,Weekday,Commercial & Employment Core,7015,6899,-116,4423,2025-12-01
2025-12-04,2025,Winter,Weekday,Commuter-Heavy Transit Hub,816,1056,240,422,2025-12-01
2025-12-04,2025,Winter,Weekday,Leisure & Waterfront,387,383,-4,457,2025-12-01
2025-12-04,2025,Winter,Weekday,Residential & Inner-Suburban Feeder,1583,1455,-128,1482,2025-12-01
2025-12-05,2025,Winter,Weekday,Commercial & Employment Core,7592,7516,-76,4566,2025-12-01
2025-12-05,2025,Winter,Weekday,Commuter-Heavy Transit Hub,739,902,163,418,2025-12-01
2025-12-05,2025,Winter,Weekday,Leisure & Waterfront,419,440,21,499,2025-12-01
2025-12-05,2025,Winter,Weekday,Residential & Inner-Suburban Feeder,1670,1538,-132,1629,2025-12-01
2025-12-06,2025,Winter,Weekend,Commercial & Employment Core,7135,7196,61,4701,2025-12-01
2025-12-06,2025,Winter,Weekend,Commuter-Heavy Transit Hub,392,404,12,352,2025-12-01
2025-12-06,2025,Winter,Weekend,Leisure & Waterfront,496,548,52,596,2025-12-01
2025-12-06,2025,Winter,Weekend,Residential & Inner-Suburban Feeder,1581,1468,-113,1607,2025-12-01
2025-12-07,2025,Winter,Weekend,Commercial & Employment Core,5074,5069,-5,4072,2025-12-01
2025-12-07,2025,Winter,Weekend,Commuter-Heavy Transit Hub,228,210,-18,248,2025-12-01
2025-12-07,2025,Winter,Weekend,Leisure & Waterfront,285,334,49,399,2025-12-01
2025-12-07,2025,Winter,Weekend,Residential & Inner-Suburban Feeder,1015,999,-16,1273,2025-12-01
2025-12-08,2025,Winter,Weekday,Commercial & Employment Core,6533,6435,-98,4195,2025-12-01
2025-12-08,2025,Winter,Weekday,Commuter-Heavy Transit Hub,789,902,113,397,2025-12-01
2025-12-08,2025,Winter,Weekday,Leisure & Waterfront,360,387,27,438,2025-12-01
2025-12-08,2025,Winter,Weekday,Residential & Inner-Suburban Feeder,1501,1463,-38,1501,2025-12-01
2025-12-09,2025,Winter,Weekday,Commercial & Employment Core,6117,6007,-110,4118,2025-12-01
2025-12-09,2025,Winter,Weekday,Commuter-Heavy Transit Hub,742,1014,272,432,2025-12-01
2025-12-09,2025,Winter,Weekday,Leisure & Waterfront,293,342,49,367,2025-12-01
2025-12-09,2025,Winter,Weekday,Residential & Inner-Suburban Feeder,1400,1188,-212,1310,2025-12-01
2025-12-10,2025,Winter,Weekday,Commercial & Employment Core,3332,3301,-31,3205,2025-12-01
2025-12-10,2025,Winter,Weekday,Commuter-Heavy Transit Hub,472,418,-54,360,2025-12-01
2025-12-10,2025,Winter,Weekday,Leisure & Waterfront,153,152,-1,221,2025-12-01
2025-12-10,2025,Winter,Weekday,Residential & Inner-Suburban Feeder,628,729,101,890,2025-12-01
2025-12-11,2025,Winter,Weekday,Commercial & Employment Core,5267,5141,-126,3837,2025-12-01
2025-12-11,2025,Winter,Weekday,Commuter-Heavy Transit Hub,621,741,120,399,2025-12-01
2025-12-11,2025,Winter,Weekday,Leisure & Waterfront,229,263,34,324,2025-12-01
2025-12-11,2025,Winter,Weekday,Residential & Inner-Suburban Feeder,1108,1068,-40,1184,2025-12-01
2025-12-12,2025,Winter,Weekday,Commercial & Employment Core,6116,6081,-35,4246,2025-12-01
2025-12-12,2025,Winter,Weekday,Commuter-Heavy Transit Hub,633,682,49,423,2025-12-01
2025-12-12,2025,Winter,Weekday,Leisure & Waterfront,282,338,56,378,2025-12-01
2025-12-12,2025,Winter,Weekday,Residential & Inner-Suburban Feeder,1311,1224,-87,1381,2025-12-01
2025-12-13,2025,Winter,Weekend,Commercial & Employment Core,5171,5168,-3,4042,2025-12-01
2025-12-13,2025,Winter,Weekend,Commuter-Heavy Transit Hub,300,322,22,306,2025-12-01
2025-12-13,2025,Winter,Weekend,Leisure & Waterfront,259,318,59,327,2025-12-01
2025-12-13,2025,Winter,Weekend,Residential & Inner-Suburban Feeder,967,901,-66,1181,2025-12-01
2025-12-14,2025,Winter,Weekend,Commercial & Employment Core,3836,3871,35,3507,2025-12-01
2025-12-14,2025,Winter,Weekend,Commuter-Heavy Transit Hub,185,185,0,231,2025-12-01
2025-12-14,2025,Winter,Weekend,Leisure & Waterfront,252,283,31,338,2025-12-01
2025-12-14,2025,Winter,Weekend,Residential & Inner-Suburban Feeder,742,696,-46,981,2025-12-01
2025-12-15,2025,Winter,Weekday,Commercial & Employment Core,4756,4690,-66,3764,2025-12-01
2025-12-15,2025,Winter,Weekday,Commuter-Heavy Transit Hub,561,640,79,376,2025-12-01
2025-12-15,2025,Winter,Weekday,Leisure & Waterfront,251,260,9,320,2025-12-01
2025-12-15,2025,Winter,Weekday,Residential & Inner-Suburban Feeder,998,972,-26,1154,2025-12-01
2025-12-16,2025,Winter,Weekday,Commercial & Employment Core,6016,5949,-67,4146,2025-12-01
2025-12-16,2025,Winter,Weekday,Commuter-Heavy Transit Hub,718,854,136,402,2025-12-01
2025-12-16,2025,Winter,Weekday,Leisure & Waterfront,311,322,11,367,2025-12-01
2025-12-16,2025,Winter,Weekday,Residential & Inner-Suburban Feeder,1269,1188,-81,1341,2025-12-01
2025-12-17,2025,Winter,Weekday,Commercial & Employment Core,7724,7523,-201,4557,2025-12-01
2025-12-17,2025,Winter,Weekday,Commuter-Heavy Transit Hub,887,1072,185,436,2025-12-01
2025-12-17,2025,Winter,Weekday,Leisure & Waterfront,431,443,12,485,2025-12-01
2025-12-17,2025,Winter,Weekday,Residential & Inner-Suburban Feeder,1587,1576,-11,1606,2025-12-01
2025-12-18,2025,Winter,Weekday,Commercial & Employment Core,8662,8578,-84,4872,2025-12-01
2025-12-18,2025,Winter,Weekday,Commuter-Heavy Transit Hub,878,999,121,444,2025-12-01
2025-12-18,2025,Winter,Weekday,Leisure & Waterfront,484,503,19,578,2025-12-01
2025-12-18,2025,Winter,Weekday,Residential & Inner-Suburban Feeder,1897,1816,-81,1782,2025-12-01
2025-12-19,2025,Winter,Weekday,Commercial & Employment Core,5780,5771,-9,4313,2025-12-01
2025-12-19,2025,Winter,Weekday,Commuter-Heavy Transit Hub,518,620,102,390,2025-12-01
2025-12-19,2025,Winter,Weekday,Leisure & Waterfront,312,318,6,417,2025-12-01
2025-12-19,2025,Winter,Weekday,Residential & Inner-Suburban Feeder,1251,1183,-68,1465,2025-12-01
2025-12-20,2025,Winter,Weekend,Commercial & Employment Core,4939,4950,11,4049,2025-12-01
2025-12-20,2025,Winter,Weekend,Commuter-Heavy Transit Hub,192,232,40,261,2025-12-01
2025-12-20,2025,Winter,Weekend,Leisure & Waterfront,401,444,43,476,2025-12-01
2025-12-20,2025,Winter,Weekend,Residential & Inner-Suburban Feeder,1158,1063,-95,1382,2025-12-01
2025-12-21,2025,Winter,Weekend,Commercial & Employment Core,3862,3888,26,3602,2025-12-01
2025-12-21,2025,Winter,Weekend,Commuter-Heavy Transit Hub,126,139,13,179,2025-12-01
2025-12-21,2025,Winter,Weekend,Leisure & Waterfront,264,281,17,381,2025-12-01
2025-12-21,2025,Winter,Weekend,Residential & Inner-Suburban Feeder,883,830,-53,1148,2025-12-01
2025-12-22,2025,Winter,Weekday,Commercial & Employment Core,5588,5599,11,4133,2025-12-01
2025-12-22,2025,Winter,Weekday,Commuter-Heavy Transit Hub,503,567,64,360,2025-12-01
2025-12-22,2025,Winter,Weekday,Leisure & Waterfront,369,389,20,485,2025-12-01
2025-12-22,2025,Winter,Weekday,Residential & Inner-Suburban Feeder,1299,1206,-93,1456,2025-12-01
2025-12-23,2025,Winter,Weekday,Commercial & Employment Core,3836,3829,-7,3397,2025-12-01
2025-12-23,2025,Winter,Weekday,Commuter-Heavy Transit Hub,289,294,5,288,2025-12-01
2025-12-23,2025,Winter,Weekday,Leisure & Waterfront,237,256,19,335,2025-12-01
2025-12-23,2025,Winter,Weekday,Residential & Inner-Suburban Feeder,822,805,-17,1038,2025-12-01
2025-12-24,2025,Winter,Weekday,Commercial & Employment Core,3936,3941,5,3505,2025-12-01
2025-12-24,2025,Winter,Weekday,Commuter-Heavy Transit Hub,249,276,27,280,2025-12-01
2025-12-24,2025,Winter,Weekday,Leisure & Waterfront,321,358,37,418,2025-12-01
2025-12-24,2025,Winter,Weekday,Residential & Inner-Suburban Feeder,899,832,-67,1131,2025-12-01
2025-12-25,2025,Winter,Weekday,Commercial & Employment Core,1674,1699,25,2152,2025-12-01
2025-12-25,2025,Winter,Weekday,Commuter-Heavy Transit Hub,89,107,18,132,2025-12-01
2025-12-25,2025,Winter,Weekday,Leisure & Waterfront,209,206,-3,267,2025-12-01
2025-12-25,2025,Winter,Weekday,Residential & Inner-Suburban Feeder,444,407,-37,670,2025-12-01
2025-12-26,2025,Winter,Weekday,Commercial & Employment Core,445,448,3,739,2025-12-01
2025-12-26,2025,Winter,Weekday,Commuter-Heavy Transit Hub,14,29,15,35,2025-12-01
2025-12-26,2025,Winter,Weekday,Leisure & Waterfront,27,37,10,53,2025-12-01
2025-12-26,2025,Winter,Weekday,Residential & Inner-Suburban Feeder,123,103,-20,196,2025-12-01
2025-12-27,2025,Winter,Weekend,Commercial & Employment Core,970,979,9,1454,2025-12-01
2025-12-27,2025,Winter,Weekend,Commuter-Heavy Transit Hub,53,46,-7,85,2025-12-01
2025-12-27,2025,Winter,Weekend,Leisure & Waterfront,78,78,0,131,2025-12-01
2025-12-27,2025,Winter,Weekend,Residential & Inner-Suburban Feeder,228,223,-5,386,2025-12-01
2025-12-28,2025,Winter,Weekend,Commercial & Employment Core,1022,1049,27,1481,2025-12-01
2025-12-28,2025,Winter,Weekend,Commuter-Heavy Transit Hub,43,40,-3,73,2025-12-01
2025-12-28,2025,Winter,Weekend,Leisure & Waterfront,101,86,-15,149,2025-12-01
2025-12-28,2025,Winter,Weekend,Residential & Inner-Suburban Feeder,230,220,-10,377,2025-12-01
2025-12-29,2025,Winter,Weekday,Commercial & Employment Core,1804,1788,-16,2299,2025-12-01
2025-12-29,2025,Winter,Weekday,Commuter-Heavy Transit Hub,156,192,36,210,2025-12-01
2025-12-29,2025,Winter,Weekday,Leisure & Waterfront,97,85,-12,151,2025-12-01
2025-12-29,2025,Winter,Weekday,Residential & Inner-Suburban Feeder,397,390,-7,605,2025-12-01
2025-12-30,2025,Winter,Weekday,Commercial & Employment Core,2503,2463,-40,2795,2025-12-01
2025-12-30,2025,Winter,Weekday,Commuter-Heavy Transit Hub,180,196,16,216,2025-12-01
2025-12-30,2025,Winter,Weekday,Leisure & Waterfront,172,197,25,271,2025-12-01
2025-12-30,2025,Winter,Weekday,Residential & Inner-Suburban Feeder,552,547,-5,784,2025-12-01
2025-12-31,2025,Winter,Weekday,Commercial & Employment Core,2435,2393,-42,2722,2025-12-01
2025-12-31,2025,Winter,Weekday,Commuter-Heavy Transit Hub,131,187,56,193,2025-12-01
2025-12-31,2025,Winter,Weekday,Leisure & Waterfront,151,194,43,242,2025-12-01
2025-12-31,2025,Winter,Weekday,Residential & Inner-Suburban Feeder,564,506,-58,771,2025-12-01
